# Blender v2.82 (sub 7) OBJ File: ''
# www.blender.org
mtllib 1911_low.mtl
o pricel_low_pricel_low_Cube
v -0.065542 0.119691 0.952130
v -0.071731 0.190553 0.909804
v -0.071698 0.122662 0.945740
v 0.077252 0.086187 0.814226
v 0.062793 0.086187 0.814226
v 0.062793 0.086187 0.681364
v 0.077252 0.086187 0.681364
v -0.065615 0.198181 0.911032
v -0.058401 0.206215 0.908868
v -0.077252 0.180924 0.898367
v 0.058401 0.140730 0.681364
v 0.077252 0.118533 0.681364
v 0.058401 0.118468 0.681364
v -0.058401 0.180436 0.819310
v -0.058276 0.115397 0.956096
v -0.051651 0.144548 0.941207
v -0.058327 0.152198 0.936958
v -0.075817 0.184493 0.905862
v -0.077252 0.124756 0.928379
v -0.075809 0.124482 0.937768
v -0.077252 0.086187 0.681364
v -0.077252 0.086187 0.814226
v -0.077252 0.113244 0.802565
v -0.077252 0.113073 0.854014
v 0.011261 0.145175 0.940573
v 0.011113 0.112847 0.957795
v 0.033339 0.112847 0.957795
v 0.033784 0.145175 0.940573
v -0.047447 0.148563 0.939003
v -0.041122 0.145970 0.908869
v -0.047447 0.148563 0.908869
v -0.053520 0.163732 0.931174
v -0.051797 0.156156 0.908869
v -0.053509 0.163417 0.908869
v -0.041122 0.145970 0.940101
v -0.033784 0.145175 0.908869
v -0.051797 0.156156 0.935648
v -0.055056 0.206215 0.908869
v -0.042504 0.112678 0.957902
v -0.033784 0.145175 0.940573
v -0.011261 0.145175 0.940573
v -0.019744 0.176434 0.908869
v 0.033784 0.145175 0.908869
v 0.019744 0.176434 0.908869
v -0.019744 0.206215 0.908869
v -0.033339 0.112847 0.957795
v -0.011113 0.112847 0.957795
v -0.051669 0.112510 0.958009
v 0.000000 0.176434 0.823865
v -0.019744 0.176434 0.819724
v -0.019744 0.180436 0.819310
v -0.019744 0.140729 0.819724
v -0.027544 0.140729 0.813228
v -0.035004 0.175767 0.802516
v -0.027544 0.178872 0.813228
v -0.035004 0.140729 0.802516
v -0.038136 0.171574 0.788431
v -0.038136 0.140729 0.788431
v -0.038464 0.166539 0.771309
v -0.058401 0.140730 0.681364
v 0.000000 0.140729 0.823865
v 0.065542 0.119691 0.952130
v 0.071731 0.190553 0.909804
v 0.065615 0.198181 0.911032
v -0.077252 0.118533 0.681364
v -0.058401 0.118468 0.681364
v 0.077252 0.180924 0.898367
v 0.038464 0.140730 0.681364
v 0.038464 0.118468 0.681364
v 0.051651 0.144548 0.941207
v 0.058276 0.115397 0.956096
v 0.058327 0.152198 0.936958
v 0.058401 0.206215 0.908868
v 0.077252 0.124756 0.928379
v 0.075817 0.184493 0.905862
v 0.075809 0.124482 0.937768
v 0.077252 0.113244 0.802565
v 0.071698 0.122662 0.945740
v 0.077252 0.113073 0.854014
v 0.041122 0.145970 0.908869
v 0.047447 0.148563 0.939003
v 0.047447 0.148563 0.908869
v 0.051797 0.156156 0.908869
v 0.053520 0.163732 0.931174
v 0.053509 0.163417 0.908869
v 0.041122 0.145970 0.940101
v 0.051797 0.156156 0.935648
v 0.042504 0.112678 0.957902
v 0.067068 0.113244 0.802565
v 0.055056 0.206215 0.908869
v 0.019744 0.206215 0.908869
v 0.051669 0.112510 0.958009
v 0.058401 0.180436 0.819310
v 0.019744 0.176434 0.819724
v 0.019744 0.180436 0.819310
v 0.019744 0.140729 0.819724
v 0.035004 0.175767 0.802516
v 0.027544 0.140729 0.813228
v 0.027544 0.178872 0.813228
v 0.038136 0.171574 0.788431
v 0.035004 0.140729 0.802516
v 0.038464 0.166539 0.771309
v 0.038136 0.140729 0.788431
v 0.004277 0.126908 0.738418
v 0.016163 0.140133 0.726601
v 0.016163 0.126908 0.726601
v -0.016191 0.126908 0.717830
v -0.011900 0.140133 0.734033
v -0.011900 0.126908 0.734033
v -0.004304 0.126908 0.706013
v -0.016191 0.140133 0.717830
v 0.011873 0.140133 0.710399
v 0.011873 0.126908 0.710399
v 0.004277 0.140133 0.738418
v -0.004304 0.140133 0.706013
v -0.038464 0.140729 0.771309
v -0.038464 0.140730 0.681364
v 0.038464 0.140729 0.771309
v -0.062793 0.086187 0.814226
v -0.062793 0.086187 0.681364
v 0.042993 0.112953 0.923041
v -0.067019 0.113244 0.802565
v -0.042980 0.112953 0.923041
v -0.038464 0.118468 0.681364
vt 0.195339 0.084360
vt 0.191034 0.044843
vt 0.198328 0.081005
vt 0.534619 0.756154
vt 0.536021 0.762955
vt 0.473530 0.775838
vt 0.472128 0.769037
vt 0.881866 0.277106
vt 0.880732 0.271940
vt 0.891533 0.283698
vt 0.144846 0.894413
vt 0.133828 0.885800
vt 0.130691 0.870586
vt 0.142688 0.883942
vt 0.924565 0.262908
vt 0.884313 0.281156
vt 0.192392 0.087732
vt 0.186106 0.072976
vt 0.188403 0.068214
vt 0.182548 0.039567
vt 0.186830 0.042671
vt 0.194910 0.045781
vt 0.204784 0.074814
vt 0.201320 0.077785
vt 0.308285 0.013970
vt 0.258927 0.054402
vt 0.255026 0.040802
vt 0.284511 0.694454
vt 0.281408 0.697704
vt 0.237040 0.697343
vt 0.156427 0.078675
vt 0.160049 0.095889
vt 0.149597 0.098045
vt 0.145833 0.080861
vt 0.105656 0.494282
vt 0.099406 0.480818
vt 0.102626 0.480131
vt 0.112610 0.488973
vt 0.106751 0.479260
vt 0.110270 0.478525
vt 0.102569 0.495484
vt 0.095928 0.481563
vt 0.109416 0.491837
vt 0.184892 0.062610
vt 0.180975 0.039890
vt 0.184917 0.066912
vt 0.185284 0.090786
vt 0.177616 0.074309
vt 0.180978 0.073164
vt 0.183680 0.071233
vt 0.067537 0.503451
vt 0.099167 0.496455
vt 0.088636 0.498771
vt 0.078091 0.501109
vt 0.980372 0.338836
vt 0.958226 0.358729
vt 0.961799 0.342665
vt 0.993381 0.351091
vt 0.990007 0.352177
vt 0.997414 0.345265
vt 0.994093 0.321404
vt 0.977484 0.324828
vt 0.180955 0.091580
vt 0.170502 0.093734
vt 0.167021 0.076491
vt 0.273051 0.700519
vt 0.277562 0.699831
vt 0.287413 0.686963
vt 0.286431 0.690408
vt 0.140369 0.457781
vt 0.184202 0.448741
vt 0.184527 0.450314
vt 0.001953 0.199369
vt 0.019482 0.237436
vt 0.010597 0.241298
vt 0.881665 0.607581
vt 0.924177 0.600780
vt 0.884552 0.621588
vt 0.157595 0.039787
vt 0.163622 0.021038
vt 0.167084 0.037832
vt 0.168397 0.020054
vt 0.177933 0.035269
vt 0.172094 0.037994
vt 0.174536 0.018788
vt 0.184313 0.031898
vt 0.181323 0.017390
vt 0.191880 0.027869
vt 0.167596 0.039695
vt 0.127224 0.470428
vt 0.118798 0.472004
vt 0.144119 0.475963
vt 0.140409 0.472904
vt 0.134440 0.470476
vt 0.072852 0.471700
vt 0.419546 0.188160
vt 0.417076 0.193922
vt 0.419654 0.181232
vt 0.414037 0.197733
vt 0.405151 0.201595
vt 0.133530 0.097103
vt 0.121854 0.059105
vt 0.124857 0.055447
vt 0.887489 0.283568
vt 0.997728 0.261789
vt 0.206498 0.870819
vt 0.199784 0.883087
vt 0.197625 0.872616
vt 0.203362 0.855605
vt 0.114430 0.100491
vt 0.113783 0.105178
vt 0.108157 0.110368
vt 0.992081 0.248995
vt 0.154224 0.892479
vt 0.152065 0.882009
vt 0.137508 0.082995
vt 0.137570 0.099034
vt 0.133515 0.079530
vt 0.127561 0.050903
vt 0.121079 0.092071
vt 0.118665 0.061500
vt 0.125436 0.093429
vt 0.006241 0.062193
vt 0.114675 0.062166
vt 0.061483 0.080703
vt 0.129457 0.095203
vt 0.372338 0.600650
vt 0.417083 0.584541
vt 0.376472 0.602409
vt 0.060740 0.489331
vt 0.060742 0.504280
vt 0.057724 0.490698
vt 0.053569 0.490837
vt 0.052114 0.502175
vt 0.050053 0.491632
vt 0.064212 0.488579
vt 0.064044 0.504032
vt 0.056195 0.503596
vt 0.134522 0.072994
vt 0.136201 0.076956
vt 0.145306 0.099028
vt 0.142292 0.081140
vt 0.139046 0.080435
vt 0.577463 0.006743
vt 0.564020 0.011611
vt 0.562618 0.004810
vt 0.576475 0.001953
vt 0.942302 0.332082
vt 0.958911 0.328658
vt 0.385262 0.601691
vt 0.380846 0.602843
vt 0.368975 0.597692
vt 0.366711 0.594916
vt 0.141016 0.100011
vt 0.065713 0.291078
vt 0.065389 0.289505
vt 0.109223 0.280471
vt 0.020526 0.195540
vt 0.029170 0.237469
vt 0.903314 0.663488
vt 0.945049 0.652922
vt 0.947937 0.666929
vt 0.144645 0.024949
vt 0.148106 0.041743
vt 0.137128 0.043679
vt 0.139871 0.025933
vt 0.143568 0.043874
vt 0.129934 0.043105
vt 0.133731 0.027199
vt 0.121391 0.042397
vt 0.126944 0.028598
vt 0.148372 0.043657
vt 0.134660 0.285002
vt 0.126298 0.286887
vt 0.115167 0.294376
vt 0.112970 0.298653
vt 0.119690 0.289786
vt 0.176737 0.266549
vt 0.386617 0.194948
vt 0.383778 0.188627
vt 0.391165 0.199263
vt 0.395463 0.201562
vt 0.748262 0.003236
vt 0.756108 0.009837
vt 0.749888 0.011120
vt 0.331682 0.001953
vt 0.325081 0.009799
vt 0.323799 0.003578
vt 0.234624 0.022086
vt 0.226779 0.015485
vt 0.232999 0.014203
vt 0.761672 0.009799
vt 0.768273 0.001953
vt 0.769555 0.008174
vt 0.865255 0.009837
vt 0.857409 0.003235
vt 0.863630 0.001953
vt 0.318622 0.001953
vt 0.312021 0.009799
vt 0.310738 0.003578
vt 0.394855 0.161820
vt 0.189378 0.015730
vt 0.231683 0.007011
vt 0.178671 0.275927
vt 0.381963 0.180606
vt 0.388120 0.157414
vt 0.378746 0.190479
vt 0.376212 0.198119
vt 0.362980 0.193729
vt 0.189614 0.089992
vt 0.198839 0.044815
vt 0.235965 0.056523
vt 0.298441 0.001953
vt 0.997515 0.341684
vt 0.996105 0.349258
vt 0.187952 0.466922
vt 0.923594 0.598938
vt 0.154134 0.022994
vt 0.001953 0.132237
vt 0.069596 0.104334
vt 0.002081 0.118253
vt 0.113429 0.095298
vt 0.111820 0.108649
vt 0.085207 0.087603
vt 0.063278 0.094737
vt 0.001953 0.077123
vt 0.129135 0.050578
vt 0.948689 0.355311
vt 0.947180 0.352062
vt 0.954698 0.359067
vt 0.069136 0.307687
vt 0.903121 0.661566
vt 0.118889 0.030258
vt 0.754483 0.001953
vt 0.332965 0.008173
vt 0.228404 0.023369
vt 0.760389 0.003578
vt 0.859034 0.011119
vt 0.319905 0.008174
vt 0.402038 0.158189
vt 0.418149 0.173147
vt 0.402485 0.150152
vt 0.368329 0.199744
vt 0.365514 0.186090
vt 0.373397 0.184465
vt 0.535552 0.767670
vt 0.536954 0.774471
vt 0.474463 0.787354
vt 0.473060 0.780553
vt 0.357910 0.853376
vt 0.346283 0.872812
vt 0.346635 0.931812
vt 0.341845 0.932799
vt 0.336859 0.908599
vt 0.338812 0.857205
vt 0.343134 0.856367
vt 0.347456 0.855530
vt 0.595133 0.001953
vt 0.596535 0.008754
vt 0.582268 0.009623
vt 0.581275 0.004810
vt 0.387419 0.847188
vt 0.409533 0.893623
vt 0.414521 0.917822
vt 0.409708 0.918814
vt 0.386721 0.864479
vt 0.368363 0.851221
vt 0.378817 0.849067
vt 0.383118 0.848127
vt 0.190407 0.885020
vt 0.188248 0.874550
vt 0.409428 0.130839
vt 0.074786 0.481077
vt 0.076584 0.038978
vt 0.388566 0.149378
vt 0.373242 0.138298
vt 0.395749 0.145747
vt 0.130402 0.474350
vt 0.029940 0.495897
vn -0.4350 0.4179 0.7976
vn -0.7146 0.3263 0.6188
vn -0.7136 0.3275 0.6193
vn 0.0000 -1.0000 -0.0000
vn -0.7556 0.6331 -0.1684
vn -0.7507 0.6351 -0.1819
vn -0.7504 0.6354 -0.1822
vn 0.0000 0.0000 -1.0000
vn -0.7500 0.6357 -0.1828
vn -0.7504 0.6353 -0.1824
vn -0.7610 0.6283 -0.1616
vn -0.7555 0.6331 -0.1684
vn -0.1053 0.4596 0.8819
vn -0.0090 0.4621 0.8868
vn -0.1660 0.4552 0.8748
vn -0.1335 0.4577 0.8790
vn -0.3784 0.4285 0.8205
vn -0.9555 0.1386 0.2605
vn -0.9994 0.0159 0.0298
vn -0.9038 0.2004 0.3781
vn -1.0000 -0.0000 0.0000
vn -0.7145 0.3263 0.6188
vn -0.5431 -0.8309 0.1209
vn -0.5524 -0.8249 0.1197
vn -0.5352 -0.8370 0.1143
vn 0.0000 0.4702 0.8826
vn 0.5985 0.8011 -0.0000
vn 0.2856 0.9583 0.0000
vn 0.7587 0.6515 -0.0000
vn 0.9960 0.0897 -0.0003
vn 0.9428 0.3333 -0.0008
vn 0.9979 0.0650 -0.0004
vn 0.1949 0.9808 -0.0000
vn 0.0105 0.9999 0.0000
vn 0.2856 0.9584 -0.0000
vn 0.9076 0.4198 -0.0000
vn -0.1334 0.4577 0.8790
vn -0.0373 0.4654 0.8843
vn -0.0002 0.4648 0.8854
vn -0.0554 0.4490 0.8918
vn 0.0082 0.4692 0.8831
vn -0.0004 0.4703 0.8825
vn 0.0157 0.4701 0.8825
vn 0.0478 0.4417 0.8959
vn -0.0056 1.0000 -0.0000
vn 0.0106 0.9999 0.0000
vn 0.0000 1.0000 0.0000
vn 0.0000 0.0000 1.0000
vn -0.7675 -0.6332 0.0995
vn -0.6427 -0.7575 0.1143
vn -0.4224 -0.9010 0.0990
vn -0.4937 -0.8625 0.1114
vn 0.0001 0.9610 -0.2766
vn 1.0000 0.0000 0.0000
vn 0.2983 -0.0000 -0.9545
vn 0.4453 0.0000 -0.8954
vn 0.7478 -0.0000 -0.6639
vn 0.8897 -0.0000 -0.4566
vn 0.7432 -0.0035 -0.6690
vn 0.4453 -0.0022 -0.8954
vn 0.9412 0.0000 -0.3378
vn 0.9891 0.0000 -0.1470
vn 0.9967 -0.0000 -0.0817
vn 1.0000 0.0000 -0.0056
vn 0.6229 -0.0805 -0.7781
vn 0.0001 0.9611 -0.2763
vn -0.0108 0.9592 -0.2825
vn 0.0015 0.9609 -0.2767
vn 0.0000 0.9612 -0.2757
vn -0.0034 0.9642 -0.2651
vn -0.0085 0.9603 -0.2789
vn 0.0024 0.9611 -0.2763
vn 0.0015 0.9610 -0.2767
vn -0.0109 0.9592 -0.2825
vn 0.0065 1.0000 -0.0048
vn 0.0000 1.0000 -0.0058
vn 0.4350 0.4179 0.7976
vn 0.7145 0.3263 0.6188
vn 0.3784 0.4285 0.8205
vn -0.7739 0.6164 -0.1453
vn -0.7498 0.6359 -0.1829
vn -0.7503 0.6355 -0.1824
vn 0.7557 0.6330 -0.1681
vn 0.7610 0.6283 -0.1616
vn 0.7504 0.6354 -0.1822
vn -0.7493 0.6364 -0.1832
vn -0.7497 0.6360 -0.1829
vn -0.7499 0.6358 -0.1828
vn 0.0090 0.4621 0.8868
vn 0.1053 0.4596 0.8819
vn 0.1660 0.4552 0.8748
vn 0.1335 0.4577 0.8790
vn 0.9994 0.0159 0.0298
vn 0.9555 0.1386 0.2605
vn 0.9038 0.2004 0.3781
vn 1.0000 0.0025 0.0047
vn 0.7136 0.3275 0.6193
vn 0.5431 -0.8309 0.1209
vn 0.5352 -0.8370 0.1143
vn 0.5524 -0.8249 0.1197
vn -0.2856 0.9583 0.0000
vn -0.5985 0.8011 -0.0000
vn -0.7587 0.6515 0.0000
vn -0.9428 0.3333 -0.0011
vn -0.9960 0.0897 -0.0003
vn -0.9979 0.0650 -0.0027
vn -0.0192 0.9998 0.0000
vn -0.1949 0.9808 -0.0000
vn -0.2856 0.9584 0.0000
vn -0.9076 0.4198 -0.0000
vn -0.9428 0.3333 0.0000
vn 0.0373 0.4654 0.8843
vn 0.0554 0.4490 0.8918
vn 0.0004 0.4703 0.8825
vn -0.0083 0.4692 0.8831
vn -0.0158 0.4701 0.8825
vn -0.0478 0.4417 0.8959
vn 0.0000 0.3958 0.9183
vn 0.7675 -0.6332 0.0995
vn 0.6427 -0.7575 0.1143
vn 0.4937 -0.8625 0.1114
vn 0.4224 -0.9010 0.0990
vn 0.0210 0.4643 0.8854
vn -0.0001 0.9610 -0.2766
vn -0.2983 -0.0000 -0.9545
vn -0.4453 -0.0022 -0.8954
vn -0.8897 -0.0000 -0.4566
vn -0.7478 -0.0000 -0.6639
vn -0.7432 -0.0035 -0.6690
vn -0.9891 0.0000 -0.1470
vn -0.9412 0.0000 -0.3378
vn -1.0000 0.0000 -0.0056
vn -0.9967 -0.0000 -0.0817
vn -0.6229 -0.0805 -0.7781
vn -0.0001 0.9611 -0.2763
vn -0.0015 0.9609 -0.2767
vn 0.0108 0.9592 -0.2825
vn 0.0034 0.9642 -0.2651
vn 0.0085 0.9603 -0.2789
vn -0.0024 0.9611 -0.2763
vn -0.0015 0.9610 -0.2767
vn 0.0109 0.9592 -0.2825
vn -0.0072 1.0000 -0.0053
vn -0.7050 0.0000 -0.7092
vn 0.9667 0.0000 -0.2560
vn 0.7050 0.0000 0.7092
vn -0.9667 0.0000 0.2560
vn 0.2616 0.0000 -0.9652
vn -0.2617 0.0000 0.9652
vn 0.0065 1.0000 -0.0049
vn -0.0005 1.0000 -0.0067
vn 1.0000 0.0000 -0.0031
vn 0.0000 0.9612 -0.2758
vn -0.0208 0.9998 -0.0021
vn -0.0209 0.9998 -0.0014
vn -0.0213 0.4643 0.8854
vn -1.0000 0.0025 0.0047
vn 0.0004 0.4702 0.8826
vn -0.0003 0.4703 0.8825
vn 0.0000 0.9610 -0.2766
vn 0.7146 0.3263 0.6188
vn 0.7503 0.6355 -0.1824
vn 0.7500 0.6357 -0.1828
vn 0.7497 0.6360 -0.1829
vn 0.7493 0.6364 -0.1832
vn 0.7497 0.6360 -0.1830
vn 0.7498 0.6359 -0.1830
vn 0.7507 0.6351 -0.1820
vn 0.7504 0.6353 -0.1824
vn 0.7507 0.6351 -0.1819
vn 0.7556 0.6331 -0.1684
vn 0.7739 0.6164 -0.1453
vn 0.1334 0.4577 0.8790
vn 0.0002 0.4648 0.8854
vn -0.0002 0.4702 0.8826
vn -1.0000 -0.0000 -0.0031
vn 0.0093 0.9999 -0.0093
vn 0.0187 0.9998 -0.0030
vn 0.0214 0.9998 0.0014
vn -0.0044 -1.0000 -0.0044
vn -0.0045 -1.0000 -0.0045
vn -0.0071 -1.0000 -0.0053
vn 0.0070 -1.0000 -0.0053
vn 0.0043 -1.0000 -0.0044
vn 0.0044 -1.0000 -0.0044
vn 0.0133 0.9998 0.0115
vn -0.0111 0.9999 0.0104
vn -0.0131 0.9998 0.0115
vn 0.0014 0.9998 0.0197
vn 0.9979 0.0650 -0.0000
vn 0.9993 0.0361 -0.0000
vn -0.9979 0.0650 -0.0014
vn -0.9993 0.0361 -0.0000
g pricel_low_pricel_low_Cube_rama
usemtl rama
s 1
f 1/1/1 2/2/2 3/3/3
f 4/4/4 5/5/4 6/6/4 7/7/4
f 8/8/5 9/9/6 10/10/7
f 11/11/8 12/12/8 7/13/8 13/14/8
f 9/9/6 14/15/9 10/10/10
f 2/16/11 8/8/12 10/10/7
f 15/17/13 16/18/14 17/19/15
f 17/19/15 9/20/16 8/21/17
f 18/22/18 19/23/19 20/24/20
f 21/25/21 22/26/21 23/27/21
f 2/2/22 20/24/20 3/3/3
f 1/28/23 3/29/24 24/30/25
f 25/31/26 26/32/26 27/33/26 28/34/26
f 29/35/27 30/36/28 31/37/29
f 32/38/30 33/39/31 34/40/32
f 35/41/33 36/42/34 30/36/35
f 37/43/36 31/37/29 33/39/31
f 9/20/37 32/44/38 38/45/39
f 17/19/15 16/18/14 37/46/40
f 39/47/41 40/48/42 35/49/43
f 35/49/43 29/50/44 16/18/14
f 29/50/44 37/46/40 16/18/14
f 28/51/45 36/42/34 40/52/46 41/53/47 25/54/47
f 42/55/48 43/56/48 44/57/48
f 30/58/48 36/59/48 33/60/48
f 38/61/48 42/55/48 45/62/48
f 40/48/26 46/63/26 47/64/26 41/65/26
f 17/19/15 1/1/1 15/17/13
f 19/66/49 24/30/25 20/67/50
f 24/30/25 48/68/51 15/69/52
f 20/67/50 24/30/25 3/29/24
f 15/69/52 1/28/23 24/30/25
f 32/44/38 17/19/15 37/46/40
f 16/18/14 39/47/41 35/49/43
f 14/70/53 9/71/53 38/72/53
f 42/73/47 49/74/47 50/75/47
f 42/76/54 51/77/54 45/78/54
f 49/79/8 52/80/55 50/81/56
f 53/82/57 54/83/58 55/84/59
f 50/81/60 53/82/57 55/84/59
f 56/85/61 57/86/62 54/83/58
f 58/87/63 59/88/64 57/86/62
f 55/84/59 51/89/65 50/81/60
f 14/70/66 57/90/67 59/91/68
f 14/70/66 51/92/69 55/93/70
f 14/70/66 55/93/70 54/94/71
f 60/95/72 14/70/66 59/91/73
f 14/70/66 54/94/71 57/90/74
f 56/96/47 53/97/47 58/98/75
f 53/97/47 52/99/47 61/100/76
f 61/100/76 58/98/75 53/97/47
f 62/101/77 63/102/78 64/103/79
f 10/10/7 18/104/80 2/16/11
f 65/105/81 10/10/82 14/15/9
f 65/106/8 60/107/8 66/108/8 21/109/8
f 64/110/83 63/111/84 67/112/85
f 60/113/86 65/105/87 14/15/88
f 68/114/8 11/11/8 13/14/8 69/115/8
f 70/116/89 71/117/90 72/118/91
f 72/118/91 64/103/79 73/119/92
f 74/120/93 75/121/94 76/122/95
f 12/123/54 67/124/96 77/125/54
f 76/122/95 63/102/78 78/126/97
f 62/127/98 79/128/99 78/129/100
f 80/130/101 81/131/102 82/132/103
f 83/133/104 84/134/105 85/135/106
f 43/136/107 86/137/108 80/130/109
f 82/132/103 87/138/110 83/133/111
f 73/119/92 84/139/112 72/118/91
f 72/118/91 87/140/113 70/116/89
f 28/34/114 88/141/115 86/142/116
f 86/142/116 70/116/89 81/143/117
f 81/143/117 70/116/89 87/140/113
f 89/144/118 5/145/118 4/146/118 77/147/118
f 1/1/1 8/21/17 2/2/22
f 80/130/48 82/132/48 83/133/48
f 44/57/48 90/148/48 91/149/48
f 41/65/26 47/64/26 26/32/26 25/31/26
f 62/101/77 72/118/91 71/117/90
f 74/150/119 76/151/120 79/128/99
f 79/128/99 71/152/121 92/153/122
f 76/151/120 78/129/100 79/128/99
f 71/152/121 79/128/99 62/127/98
f 84/139/112 87/140/113 72/118/91
f 70/116/89 88/141/115 92/154/123
f 90/155/124 73/156/124 93/157/124
f 44/158/47 94/159/47 49/74/47
f 95/160/21 44/161/21 91/162/21
f 96/163/125 49/79/8 94/164/126
f 97/165/127 98/166/128 99/167/129
f 94/164/126 98/166/128 96/163/125
f 100/168/130 101/169/131 97/165/127
f 102/170/132 103/171/133 100/168/130
f 99/167/129 94/164/126 95/172/134
f 93/157/135 102/173/136 100/174/137
f 93/157/135 99/175/138 95/176/69
f 93/157/135 97/177/139 99/175/138
f 11/178/140 102/173/141 93/157/135
f 93/157/135 100/174/142 97/177/139
f 101/179/47 103/180/143 98/181/47
f 98/181/47 61/100/76 96/182/47
f 61/100/76 98/181/47 103/180/143
f 104/183/144 105/184/144 106/185/144
f 107/186/145 108/187/145 109/188/145
f 110/189/146 111/190/146 107/191/146
f 106/192/147 112/193/147 113/194/147
f 109/195/148 114/196/148 104/197/148
f 113/198/149 115/199/149 110/200/149
f 58/98/150 61/100/76 114/201/151
f 59/88/64 116/202/152 117/203/54
f 102/173/141 11/178/140 68/204/153
f 118/205/154 105/206/155 114/201/151
f 113/207/47 110/208/47 109/209/47
f 15/17/13 48/210/156 16/18/14
f 18/22/18 10/211/157 19/23/19
f 23/27/21 24/212/21 10/211/157
f 24/212/21 19/23/19 10/211/157
f 10/211/157 65/213/21 23/27/21
f 65/213/21 21/25/21 23/27/21
f 2/2/22 18/22/18 20/24/20
f 29/35/27 35/41/33 30/36/28
f 32/38/30 37/43/36 33/39/31
f 35/41/33 40/52/46 36/42/34
f 37/43/36 29/35/27 31/37/29
f 9/20/16 17/19/15 32/44/38
f 39/47/41 46/63/158 40/48/159
f 28/51/45 43/136/107 36/42/34
f 42/55/48 36/59/48 43/56/48
f 42/55/48 34/214/48 36/59/48
f 34/214/48 33/60/48 36/59/48
f 33/60/48 31/215/48 30/58/48
f 38/61/48 34/214/48 42/55/48
f 17/19/15 8/21/17 1/1/1
f 16/18/14 48/210/156 39/47/41
f 45/216/160 51/92/69 38/72/160
f 51/92/69 14/70/160 38/72/160
f 42/73/47 44/158/47 49/74/47
f 42/76/54 50/217/54 51/77/54
f 49/79/8 61/218/8 52/80/55
f 53/82/57 56/85/61 54/83/58
f 50/81/60 52/80/55 53/82/57
f 56/85/61 58/87/63 57/86/62
f 58/87/63 116/202/152 59/88/64
f 62/101/77 78/126/97 63/102/161
f 67/112/162 12/219/163 93/220/163
f 12/219/164 11/221/165 93/220/166
f 93/220/167 73/222/168 67/112/169
f 73/222/170 64/110/171 67/112/85
f 63/111/84 75/223/172 67/112/85
f 70/116/89 92/154/123 71/117/90
f 74/120/93 67/124/96 75/121/94
f 74/120/93 79/224/54 67/124/96
f 79/224/54 77/125/54 67/124/96
f 77/125/54 4/225/54 7/226/54
f 7/226/54 12/123/54 77/125/54
f 76/122/95 75/121/94 63/102/78
f 80/130/101 86/137/108 81/131/102
f 83/133/104 87/138/110 84/134/105
f 43/136/107 28/51/45 86/137/108
f 82/132/103 81/131/102 87/138/110
f 73/119/173 90/227/174 84/139/112
f 28/34/114 27/33/175 88/141/115
f 83/228/48 85/229/48 43/56/48
f 85/229/48 44/57/48 43/56/48
f 43/56/48 80/230/48 83/228/48
f 44/57/48 85/229/48 90/148/48
f 62/101/77 64/103/79 72/118/91
f 70/116/89 86/142/116 88/141/115
f 93/157/160 95/176/69 90/155/160
f 95/176/69 91/231/160 90/155/160
f 95/160/21 94/232/21 44/161/21
f 96/163/125 61/218/8 49/79/8
f 97/165/127 101/169/131 98/166/128
f 94/164/126 99/167/129 98/166/128
f 100/168/130 103/171/133 101/169/131
f 102/170/132 118/233/176 103/171/133
f 104/183/144 114/234/144 105/184/144
f 107/186/145 111/235/145 108/187/145
f 110/189/146 115/236/146 111/190/146
f 106/192/147 105/237/147 112/193/147
f 109/195/148 108/238/148 114/196/148
f 113/198/149 112/239/149 115/199/149
f 108/240/177 116/241/178 114/201/151
f 116/241/178 58/98/75 114/201/151
f 116/241/178 108/240/177 111/242/179
f 61/100/76 103/180/143 114/201/151
f 103/180/143 118/205/154 114/201/151
f 110/208/47 107/243/47 109/209/47
f 109/209/47 104/244/47 106/245/47
f 106/245/47 113/207/47 109/209/47
f 119/246/4 22/247/4 21/248/4 120/249/4
f 26/250/180 121/251/181 89/252/182 77/253/182 79/254/182 92/255/182 88/256/182 27/257/182
f 22/258/118 119/259/118 122/260/118 23/261/118
f 48/262/183 24/263/183 23/264/183 122/265/183 123/266/184 47/267/185 46/268/183 39/269/183
f 26/250/180 47/267/185 123/266/184 121/251/181
f 117/270/8 68/114/8 69/115/8 124/271/8
f 60/107/8 117/270/8 124/271/8 66/108/8
f 111/242/179 117/272/186 116/241/178
f 117/273/153 60/95/72 59/91/73
f 102/170/132 68/274/21 118/233/176
f 112/275/187 68/276/188 115/277/189
f 112/275/187 105/206/155 68/276/188
f 105/206/155 118/205/154 68/276/188
f 68/276/188 117/272/186 115/277/189
f 111/242/179 115/277/189 117/272/186
f 34/40/190 38/278/191 32/38/30
f 85/135/192 84/134/105 90/279/193
o rama_low_rama_low_Circle
v -0.122591 -0.069793 0.916121
v -0.098406 -0.058094 0.899935
v -0.098406 -0.069793 0.916121
v -0.098406 -0.100253 0.852760
v -0.098406 -0.079341 0.929775
v -0.098406 -0.087004 0.941717
v -0.122591 -0.079341 0.929775
v -0.098406 -0.055026 0.895140
v -0.122591 -0.054151 0.890818
v -0.098406 -0.054151 0.890818
v -0.095620 -0.093450 0.220422
v -0.095620 -0.100423 0.218086
v -0.095620 -0.098565 0.227428
v -0.122591 -0.093450 0.220422
v -0.122591 -0.098778 0.227891
v -0.122591 -0.091762 0.212159
v -0.095620 -0.091762 0.212159
v -0.095620 -0.093460 0.203896
v -0.095620 -0.098125 0.196891
v -0.095221 -0.073798 -0.035034
v -0.122591 -0.073083 -0.037793
v -0.095221 -0.073083 -0.037793
v -0.095221 -0.076031 -0.033098
v -0.122591 -0.073798 -0.035034
v -0.122591 0.049376 -0.998575
v -0.122591 -0.043357 -0.775850
v -0.122591 0.049376 -0.504034
v -0.101844 0.088670 -0.998575
v -0.110940 0.074873 -0.052550
v -0.099906 0.091235 -0.052550
v -0.086535 0.105701 -0.998575
v -0.067880 0.120438 -0.070119
v -0.067880 0.120438 -0.998575
v -0.046596 0.131068 -0.998575
v -0.023503 0.136943 -0.071401
v -0.023503 0.136943 -0.998575
v -0.113220 0.070384 -0.998575
v -0.118323 0.060009 -0.052550
v -0.086535 0.105701 -0.052550
v -0.046596 0.131068 -0.070119
v 0.000000 0.138968 -0.071401
v 0.000000 0.138968 -0.998575
v -0.119143 0.060184 -0.998575
v -0.078834 -0.113939 -0.775827
v -0.081650 -0.099096 -0.998575
v -0.078406 -0.113456 -0.998575
v -0.089890 -0.083544 -0.775836
v -0.089612 -0.083235 -0.998575
v -0.100389 -0.068801 -0.775827
v -0.099983 -0.068290 -0.998575
v -0.114084 -0.053397 -0.775830
v -0.113701 -0.052964 -0.998575
v -0.050424 -0.226442 -0.998575
v -0.060372 -0.215878 -0.504483
v -0.060372 -0.215878 -0.998575
v -0.026993 -0.240717 -0.998575
v -0.038765 -0.235063 -0.504483
v -0.038765 -0.235063 -0.998575
v 0.000000 -0.245856 -0.998575
v -0.014647 -0.244531 -0.504483
v -0.014647 -0.244531 -0.998575
v -0.067088 -0.204571 -0.504483
v -0.067088 -0.204571 -0.998575
v -0.050424 -0.226442 -0.504483
v -0.026993 -0.240717 -0.504483
v -0.071997 -0.193120 -0.504483
v -0.071997 -0.193120 -0.998575
v -0.075299 -0.180077 -0.504483
v -0.075299 -0.180077 -0.998575
v -0.122591 0.049376 0.772025
v -0.118323 0.060009 0.968837
v -0.118323 0.060009 0.767806
v -0.110940 0.074873 0.964722
v -0.110940 0.074873 0.848894
v -0.114962 0.066775 0.765122
v -0.076698 -0.165211 -0.998575
v -0.076698 -0.165211 -0.504483
v -0.077133 -0.150185 -0.998575
v -0.101295 -0.098778 -0.617118
v -0.078445 -0.101236 -0.504483
v -0.122591 -0.098778 -0.542110
v -0.122591 -0.098778 -0.504483
v -0.122591 -0.047179 -0.742663
v -0.122591 -0.052663 -0.706660
v -0.122591 -0.061068 -0.672094
v -0.122591 -0.069674 -0.636784
v -0.122591 -0.080964 -0.594868
v -0.122591 -0.054564 0.886256
v -0.082360 -0.101232 -0.052550
v -0.095221 -0.100449 -0.025604
v -0.095221 -0.100449 -0.093819
v -0.081452 -0.101235 -0.503277
v -0.082360 -0.101235 -0.501091
v -0.082360 -0.101232 -0.486257
v -0.082360 -0.083072 -0.501091
v -0.082360 -0.083070 -0.486257
v -0.081452 -0.083072 -0.503277
v -0.082360 -0.083070 -0.052550
v -0.094604 -0.083070 -0.431868
v -0.094604 -0.083070 -0.052550
v -0.078445 -0.083072 -0.504483
v -0.082362 -0.040336 1.006390
v -0.082360 -0.059850 0.329238
v -0.082360 -0.036455 0.329234
v -0.082360 -0.062738 -0.501091
v -0.094604 -0.059850 -0.431868
v -0.081452 -0.062738 -0.503277
v -0.078445 -0.062738 -0.504483
v -0.061217 -0.036455 0.329234
v -0.061238 -0.006172 1.001029
v -0.061219 -0.040336 1.008758
v -0.082360 -0.059850 -0.486257
v -0.082360 -0.101232 0.329238
v -0.122591 -0.098778 0.522784
v -0.094604 -0.059850 -0.052550
v -0.094604 -0.083070 0.186495
v -0.082360 -0.083070 0.329238
v -0.094604 -0.083070 0.442541
v -0.082360 -0.083070 0.442541
v -0.082360 -0.083070 0.251689
v -0.094604 -0.083070 0.329238
v -0.114962 -0.099244 0.522784
v -0.082360 -0.101232 0.522784
v -0.122591 0.049376 0.464011
v -0.110940 0.074873 0.363555
v -0.067880 0.120438 0.319007
v -0.067880 0.120438 -0.052550
v -0.099906 0.091236 0.319007
v -0.122591 0.049376 -0.052550
v -0.118323 0.060009 0.459608
v -0.086535 0.105701 0.319007
v -0.046596 0.131068 -0.052550
v -0.023503 0.136943 -0.050698
v -0.094604 -0.083070 0.251689
v -0.094604 -0.059850 0.329238
v -0.082360 -0.101232 0.251689
v -0.094604 -0.083070 1.013515
v -0.082360 -0.083070 1.015953
v -0.094604 -0.059850 0.442541
v -0.099906 0.091235 0.446280
v -0.099906 0.091236 0.329262
v -0.086535 0.105701 0.329262
v -0.061236 -0.001602 0.329234
v -0.054829 -0.001621 0.329234
v -0.082360 -0.059850 0.443082
v -0.094604 -0.059850 1.009105
v -0.082360 -0.101232 1.019068
v -0.082360 -0.101232 0.827495
v -0.102870 0.086840 0.812281
v -0.110940 0.074873 0.754126
v -0.114962 0.066775 0.456924
v -0.114962 -0.099244 0.566743
v -0.122591 -0.098778 0.566559
v -0.122591 0.049376 0.507786
v -0.114962 0.066775 0.562534
v -0.118323 0.060009 0.565218
v -0.122591 0.049376 0.569436
v -0.114962 0.066775 0.483288
v -0.118323 0.060009 0.485972
v -0.122591 0.049376 0.490190
v -0.114962 -0.099244 0.549147
v -0.114962 0.066775 0.500884
v -0.114962 -0.099244 0.672586
v -0.122591 -0.098778 0.672401
v -0.122591 0.049376 0.613629
v -0.114962 -0.099244 0.645990
v -0.122591 -0.098778 0.645805
v -0.122591 0.049376 0.587033
v -0.114962 -0.099244 0.654990
v -0.114962 0.066775 0.606726
v -0.114962 0.066775 0.589130
v -0.114962 0.066775 0.694411
v -0.118323 0.060009 0.697095
v -0.122591 0.049376 0.701313
v -0.114962 0.066775 0.536243
v -0.118323 0.060009 0.538927
v -0.122591 0.049376 0.543145
v -0.114962 -0.099244 0.760271
v -0.114962 0.066775 0.712007
v -0.114962 -0.099244 0.804523
v -0.122591 -0.098778 0.804338
v -0.122591 0.049376 0.745565
v -0.114962 -0.099244 0.540380
v -0.122591 -0.098778 0.540195
v -0.122591 0.049376 0.481422
v -0.114962 -0.099244 0.786927
v -0.114962 0.066775 0.738663
v -0.114962 0.066775 0.721067
v -0.122591 0.049376 0.516549
v -0.122591 -0.098778 0.592918
v -0.122591 0.049376 0.534145
v -0.122591 -0.098778 0.619514
v -0.122591 0.049376 0.560741
v -0.122591 0.049376 0.596032
v -0.122591 0.049376 0.622364
v -0.122591 -0.098778 0.698733
v -0.122591 0.049376 0.648642
v -0.122591 0.049376 0.639961
v -0.122591 -0.098778 0.725011
v -0.122591 0.049376 0.675150
v -0.122591 0.049376 0.666238
v -0.122591 -0.098778 0.751519
v -0.122591 0.049376 0.692746
v -0.122591 -0.098778 0.777682
v -0.122591 0.049376 0.727969
v -0.122591 0.049376 0.718909
v -0.122591 0.049376 0.754428
v -0.114962 0.066775 0.509647
v -0.118323 0.060009 0.512331
v -0.114962 -0.099244 0.777867
v -0.114962 -0.099244 0.628394
v -0.114962 0.066775 0.580130
v -0.118323 0.060009 0.591814
v -0.114962 -0.099244 0.830982
v -0.122591 -0.098778 0.830797
v -0.118323 0.060009 0.477204
v -0.118323 0.060009 0.503568
v -0.118323 0.060009 0.529927
v -0.118323 0.060009 0.556523
v -0.118323 0.060009 0.582814
v -0.118323 0.060009 0.618146
v -0.118323 0.060009 0.609410
v -0.118323 0.060009 0.644424
v -0.118323 0.060009 0.635742
v -0.118323 0.060009 0.670932
v -0.118323 0.060009 0.662020
v -0.118323 0.060009 0.688528
v -0.118323 0.060009 0.723751
v -0.118323 0.060009 0.714691
v -0.118323 0.060009 0.750210
v -0.118323 0.060009 0.741347
v -0.114962 -0.099244 0.698918
v -0.114962 -0.099244 0.575506
v -0.114962 0.066775 0.527243
v -0.114962 -0.099244 0.602102
v -0.114962 0.066775 0.553839
v -0.114962 -0.099244 0.734108
v -0.114962 0.066775 0.685844
v -0.114962 0.066775 0.668248
v -0.114962 -0.099244 0.725196
v -0.114962 -0.099244 0.681322
v -0.114962 0.066775 0.633058
v -0.114962 0.066775 0.615462
v -0.114962 0.066775 0.474520
v -0.114962 -0.099244 0.593103
v -0.114962 0.066775 0.747526
v -0.114962 -0.099244 0.707600
v -0.114962 0.066775 0.659336
v -0.114962 0.066775 0.641740
v -0.114962 -0.099244 0.751704
v -0.114962 -0.099244 0.619699
v -0.114962 -0.099244 0.813386
v -0.110940 0.074873 0.467502
v -0.110940 0.074873 0.727091
v -0.023503 0.136943 0.329262
v -0.046596 0.131068 0.681997
v -0.023503 0.136943 0.681997
v -0.067880 0.120438 0.329262
v -0.086535 0.105701 0.691887
v -0.110940 0.074873 0.489550
v -0.110940 0.074873 0.511598
v -0.099906 0.091235 0.565925
v -0.110940 0.074873 0.546656
v -0.110940 0.074873 0.569939
v -0.110940 0.074873 0.595921
v -0.110940 0.074873 0.623658
v -0.099906 0.091235 0.684096
v -0.110940 0.074873 0.650199
v -0.110940 0.074873 0.677180
v -0.102870 0.086840 0.683433
v -0.110940 0.074873 0.701705
v 0.000000 0.138968 0.681997
v 0.000000 0.138968 0.329262
v -0.046596 0.131068 0.329262
v -0.098406 -0.100253 0.961874
v -0.122591 0.019745 0.981515
v -0.122591 0.049376 0.971457
v -0.122591 -0.009886 0.991446
v -0.122591 -0.039517 0.998787
v -0.122591 -0.069147 1.005539
v -0.122591 -0.098778 1.011684
v -0.082360 -0.059850 1.012140
v -0.042960 0.019745 0.993380
v -0.068492 0.019745 0.991056
v -0.042960 0.049376 0.983010
v -0.068533 0.049559 0.980900
v -0.095411 0.049257 0.977019
v -0.095542 0.019745 0.987261
v -0.095502 -0.009726 0.995857
v -0.077004 0.113089 0.695753
v -0.077207 0.113070 0.682281
v 0.000000 0.086840 0.683433
v 0.000000 0.091235 0.684096
v 0.000000 0.105701 0.691887
v 0.000000 0.113089 0.695753
v 0.000000 0.113070 0.682281
v -0.099906 0.091235 0.812333
v 0.000000 0.086840 0.812281
v -0.086535 0.105701 0.955413
v -0.099906 0.091235 0.960694
v -0.086535 0.105701 0.805650
v 0.000000 0.091235 0.812333
v -0.042032 0.112859 0.935835
v -0.039816 0.112859 0.934917
v -0.077448 0.112859 0.802669
v -0.077448 0.112859 0.951811
v 0.000000 0.105701 0.805650
v -0.057458 0.105701 0.958170
v -0.042960 0.091235 0.966563
v -0.042960 0.105701 0.959359
v -0.061916 0.091235 0.965182
v -0.042960 0.074873 0.973698
v -0.065594 0.074873 0.971825
v -0.042960 0.060009 0.979460
v -0.093189 0.060009 0.973581
v -0.088267 0.074873 0.968750
v -0.068055 0.060009 0.977229
v -0.080911 0.091235 0.962891
v -0.071997 0.105701 0.956680
v -0.054449 0.112859 0.955031
v -0.042950 0.112859 0.953943
v -0.065948 0.112859 0.953943
v -0.082360 -0.036274 0.298325
v -0.067880 0.120438 0.681997
v -0.054838 0.126792 0.319007
v -0.046596 0.131068 0.319007
v -0.023503 0.136943 0.319007
v 0.000000 0.138968 0.319007
v -0.054442 0.127432 -0.008024
v 0.000000 0.110200 0.329232
v -0.037685 -0.059850 0.329238
v -0.037685 -0.036274 0.329238
v -0.082360 -0.036274 -0.052550
v -0.082360 -0.059850 -0.052550
v -0.082360 -0.036274 -0.486257
v -0.081452 -0.036374 -0.504028
v 0.122591 0.049376 -0.998575
v 0.122591 -0.043357 -0.775850
v 0.122591 -0.043357 -0.998575
v 0.101844 0.088670 -0.998575
v 0.110940 0.074873 -0.071401
v 0.113220 0.070384 -0.998575
v 0.067880 0.120438 -0.071401
v 0.086535 0.105701 -0.998575
v 0.067880 0.120438 -0.998575
v 0.023503 0.136943 -0.071401
v 0.046596 0.131068 -0.998575
v 0.023503 0.136943 -0.998575
v 0.118323 0.060009 -0.071401
v 0.119143 0.060184 -0.998575
v 0.099906 0.091235 -0.071401
v 0.046596 0.131068 -0.071401
v 0.122591 0.049376 -0.504034
v 0.078834 -0.113939 -0.775827
v 0.077321 -0.134394 -0.998575
v 0.078406 -0.113456 -0.998575
v 0.081650 -0.099096 -0.998575
v 0.089890 -0.083544 -0.775836
v 0.082269 -0.099625 -0.775719
v 0.089612 -0.083235 -0.998575
v 0.100389 -0.068801 -0.775827
v 0.099983 -0.068290 -0.998575
v 0.114084 -0.053397 -0.775830
v 0.113701 -0.052964 -0.998575
v 0.060372 -0.215878 -0.504483
v 0.050424 -0.226442 -0.998575
v 0.060372 -0.215878 -0.998575
v 0.038765 -0.235063 -0.504483
v 0.026993 -0.240717 -0.998575
v 0.038765 -0.235063 -0.998575
v 0.014647 -0.244531 -0.504483
v 0.014647 -0.244531 -0.998575
v 0.067088 -0.204571 -0.998575
v 0.050424 -0.226442 -0.504483
v 0.026993 -0.240717 -0.504483
v 0.071997 -0.193120 -0.998575
v 0.067088 -0.204571 -0.504483
v 0.075299 -0.180077 -0.504483
v 0.075299 -0.180077 -0.998575
v 0.118323 0.060009 0.968837
v 0.122591 0.049376 0.824551
v 0.118323 0.060009 0.824551
v 0.099906 0.091235 0.960694
v 0.110940 0.074873 0.824551
v 0.099906 0.091235 0.812333
v 0.110940 0.074873 0.964722
v 0.078514 -0.112620 -0.708043
v 0.077321 -0.134394 -0.504483
v 0.077266 -0.134376 -0.722836
v 0.076698 -0.165211 -0.998575
v 0.076698 -0.165211 -0.504483
v 0.077133 -0.150185 -0.998575
v 0.077133 -0.150185 -0.504483
v 0.079999 -0.099363 -0.692127
v 0.077716 -0.113456 -0.504483
v 0.082711 -0.098544 -0.705431
v 0.078605 -0.112996 -0.727360
v 0.078445 -0.101236 -0.504483
v 0.101295 -0.098778 -0.617118
v 0.122591 -0.098778 -0.542110
v 0.122591 -0.098778 -0.504483
v 0.122591 -0.080964 -0.594868
v 0.102587 -0.089105 -0.646850
v 0.102631 -0.084301 -0.665316
v 0.099269 -0.083419 -0.683141
v 0.091557 -0.087040 -0.733826
v 0.082780 -0.099163 -0.730442
v 0.122591 -0.052663 -0.706660
v 0.111460 -0.060078 -0.736987
v 0.122591 -0.047179 -0.742663
v 0.112546 -0.065097 -0.703036
v 0.100634 -0.072372 -0.735112
v 0.096402 -0.082390 -0.702576
v 0.122591 -0.061068 -0.672094
v 0.122591 -0.069674 -0.636784
v 0.122591 -0.069147 1.005539
v 0.122591 -0.098778 0.830797
v 0.122591 -0.009886 0.795534
v 0.082360 -0.101235 -0.501091
v 0.122591 -0.098778 -0.052550
v 0.082360 -0.101232 -0.052550
v 0.081452 -0.101235 -0.503277
v 0.082360 -0.083070 -0.486257
v 0.082360 -0.083072 -0.501091
v 0.082360 -0.059850 0.915094
v 0.042950 -0.059850 0.919820
v 0.037740 -0.059850 0.915162
v 0.081452 -0.083072 -0.503277
v 0.082360 -0.083070 -0.052550
v 0.094604 -0.083070 -0.432269
v 0.094604 -0.083070 0.915094
v 0.094604 -0.059850 1.009105
v 0.094604 -0.059850 0.915094
v 0.082360 -0.062738 -0.501091
v 0.094604 -0.059850 -0.432269
v 0.081452 -0.062738 -0.503277
v 0.073123 -0.059850 1.013309
v 0.082360 -0.059850 -0.486257
v 0.082360 -0.083070 0.442541
v 0.094604 -0.083070 0.329262
v 0.082360 -0.083070 0.329238
v 0.122591 0.049376 0.464011
v 0.122591 -0.098778 0.319007
v 0.122591 0.049376 0.329262
v 0.118323 0.060009 0.348373
v 0.086535 0.105701 -0.071401
v 0.099906 0.091235 -0.053444
v 0.118323 0.060009 -0.051989
v 0.122591 0.049376 -0.071401
v 0.067880 0.120438 -0.053451
v 0.023503 0.136943 -0.053584
v 0.110940 0.074873 -0.053313
v 0.122591 0.049376 -0.048923
v 0.094604 -0.083070 0.319007
v 0.082360 -0.083070 0.319007
v 0.082360 -0.101232 0.319007
v 0.082360 -0.083070 1.015953
v 0.082360 -0.059850 0.329238
v 0.094604 -0.059850 0.442541
v 0.082360 -0.059850 0.443082
v 0.094604 -0.083070 0.442541
v 0.094604 -0.059850 0.329262
v 0.067880 0.120438 0.329262
v 0.082046 0.109578 0.343292
v 0.076656 0.114664 0.330050
v 0.099906 0.091235 0.375302
v 0.110940 0.074873 0.467502
v 0.110940 0.074873 0.368803
v 0.086535 0.105701 0.359455
v 0.099906 0.091235 0.496431
v 0.094604 -0.083070 1.013515
v 0.082360 -0.101232 0.832655
v 0.102870 0.086840 0.812281
v 0.110940 0.074873 0.754126
v 0.122591 0.049376 0.507786
v 0.122591 -0.098778 0.566559
v 0.114962 -0.099244 0.566743
v 0.114962 0.066775 0.562534
v 0.122591 0.049376 0.569436
v 0.118323 0.060009 0.565218
v 0.114962 0.066775 0.483288
v 0.122591 0.049376 0.490190
v 0.118323 0.060009 0.485972
v 0.114962 0.066775 0.500884
v 0.114962 -0.099244 0.549147
v 0.122591 0.049376 0.613629
v 0.122591 -0.098778 0.672401
v 0.114962 -0.099244 0.672586
v 0.122591 0.049376 0.587033
v 0.122591 -0.098778 0.645805
v 0.114962 -0.099244 0.645990
v 0.114962 0.066775 0.606726
v 0.114962 -0.099244 0.654990
v 0.114962 0.066775 0.589130
v 0.114962 0.066775 0.694411
v 0.122591 0.049376 0.701313
v 0.118323 0.060009 0.697095
v 0.114962 0.066775 0.536243
v 0.122591 0.049376 0.543145
v 0.118323 0.060009 0.538927
v 0.114962 0.066775 0.712007
v 0.114962 -0.099244 0.760271
v 0.122591 0.049376 0.745565
v 0.122591 -0.098778 0.804338
v 0.114962 -0.099244 0.804523
v 0.122591 0.049376 0.481422
v 0.122591 -0.098778 0.540195
v 0.114962 -0.099244 0.540380
v 0.114962 0.066775 0.738663
v 0.114962 -0.099244 0.786927
v 0.114962 0.066775 0.721067
v 0.122591 0.049376 0.516549
v 0.122591 -0.098778 0.592918
v 0.122591 0.049376 0.534145
v 0.122591 -0.098778 0.619514
v 0.122591 0.049376 0.560741
v 0.122591 0.049376 0.596032
v 0.122591 0.049376 0.622364
v 0.122591 0.049376 0.648642
v 0.122591 -0.098778 0.698733
v 0.122591 0.049376 0.639961
v 0.122591 0.049376 0.675150
v 0.122591 -0.098778 0.725011
v 0.122591 0.049376 0.666238
v 0.122591 -0.098778 0.751519
v 0.122591 0.049376 0.692746
v 0.122591 0.049376 0.727969
v 0.122591 -0.098778 0.777682
v 0.122591 0.049376 0.718909
v 0.122591 0.049376 0.754428
v 0.114962 0.066775 0.509647
v 0.118323 0.060009 0.512331
v 0.114962 -0.099244 0.777867
v 0.114962 0.066775 0.580130
v 0.114962 -0.099244 0.628394
v 0.118323 0.060009 0.591814
v 0.114962 -0.099244 0.830982
v 0.118323 0.060009 0.477204
v 0.118323 0.060009 0.503568
v 0.118323 0.060009 0.529927
v 0.118323 0.060009 0.556523
v 0.118323 0.060009 0.582814
v 0.118323 0.060009 0.618146
v 0.118323 0.060009 0.609410
v 0.118323 0.060009 0.644424
v 0.118323 0.060009 0.635742
v 0.118323 0.060009 0.670932
v 0.118323 0.060009 0.662020
v 0.118323 0.060009 0.688528
v 0.118323 0.060009 0.723751
v 0.118323 0.060009 0.714691
v 0.118323 0.060009 0.750210
v 0.118323 0.060009 0.741347
v 0.114962 -0.099244 0.698918
v 0.114962 0.066775 0.527243
v 0.114962 -0.099244 0.575506
v 0.114962 0.066775 0.553839
v 0.114962 -0.099244 0.602102
v 0.114962 0.066775 0.685844
v 0.114962 -0.099244 0.734108
v 0.114962 0.066775 0.668248
v 0.114962 0.066775 0.456924
v 0.118323 0.060009 0.459608
v 0.114962 -0.099244 0.725196
v 0.114962 0.066775 0.633058
v 0.114962 -0.099244 0.681322
v 0.114962 0.066775 0.615462
v 0.114962 0.066775 0.474520
v 0.114962 -0.099244 0.522784
v 0.114962 -0.099244 0.593103
v 0.114962 0.066775 0.747526
v 0.114962 0.066775 0.659336
v 0.114962 -0.099244 0.707600
v 0.114962 0.066775 0.641740
v 0.114962 -0.099244 0.751704
v 0.114962 -0.099244 0.619699
v 0.114962 0.066775 0.765122
v 0.114962 -0.099244 0.813386
v 0.110940 0.074873 0.489550
v 0.110940 0.074873 0.727091
v 0.118323 0.060009 0.767806
v 0.023503 0.136943 0.329262
v 0.046596 0.131068 0.681997
v 0.046596 0.131068 0.329262
v 0.086535 0.105701 0.691887
v 0.110940 0.074873 0.511598
v 0.110940 0.074873 0.546656
v 0.099906 0.091235 0.565925
v 0.110940 0.074873 0.569939
v 0.110940 0.074873 0.595921
v 0.110940 0.074873 0.623658
v 0.099906 0.091235 0.684096
v 0.110940 0.074873 0.650199
v 0.110940 0.074873 0.677180
v 0.102870 0.086840 0.683433
v 0.110940 0.074873 0.701705
v 0.122591 -0.098778 1.011684
v 0.122591 0.049376 0.971457
v 0.122591 0.004930 0.824551
v 0.122591 -0.009886 0.991446
v 0.122591 -0.039517 0.998787
v 0.082360 -0.101232 1.019068
v 0.042960 0.019745 0.993380
v 0.068482 -0.009848 0.999901
v 0.068492 0.019745 0.991056
v 0.042960 0.049376 0.983010
v 0.068533 0.049559 0.980900
v 0.095411 0.049257 0.977019
v 0.122591 0.019745 0.981515
v 0.095542 0.019745 0.987261
v 0.095502 -0.009726 0.995857
v 0.077004 0.113089 0.695753
v 0.077207 0.113070 0.682281
v 0.122591 0.049376 0.772025
v 0.067880 0.120438 0.681997
v 0.086535 0.105701 0.955413
v 0.086535 0.105701 0.805650
v 0.077448 0.112859 0.802669
v 0.039816 0.112859 0.934917
v 0.042032 0.112859 0.935835
v 0.077448 0.112859 0.951811
v 0.042960 0.105701 0.959359
v 0.042950 -0.005681 0.919820
v 0.057458 0.105701 0.958170
v 0.042960 0.091235 0.966563
v 0.061916 0.091235 0.965182
v 0.042960 0.074873 0.973698
v 0.065594 0.074873 0.971825
v 0.042960 0.060009 0.979460
v 0.068055 0.060009 0.977229
v 0.093189 0.060009 0.973581
v 0.088267 0.074873 0.968750
v 0.080911 0.091235 0.962891
v 0.071997 0.105701 0.956680
v 0.054449 0.112859 0.955031
v 0.065948 0.112859 0.953943
v 0.042960 -0.009886 1.002336
v 0.042960 -0.059850 1.015431
v 0.106025 0.082161 0.360950
v 0.101210 0.088801 0.363244
v 0.053467 0.127790 0.319007
v 0.046596 0.131068 0.319007
v 0.023503 0.136943 0.319007
v 0.113302 0.069184 0.347428
v 0.117668 0.060009 0.335016
v 0.079035 0.080621 0.298288
v 0.071107 0.094675 0.298332
v 0.062749 0.123001 0.298282
v 0.053467 0.127189 0.298282
v 0.037685 -0.036274 0.329238
v 0.082360 -0.037330 0.816805
v 0.037740 -0.037330 0.816838
v 0.037740 -0.051967 0.912899
v 0.037740 -0.047604 0.904835
v 0.082360 -0.051967 0.912866
v 0.037740 -0.043902 0.896615
v 0.082360 -0.047604 0.904802
v 0.037740 -0.041593 0.889020
v 0.082360 -0.043902 0.896582
v 0.037740 -0.039244 0.876674
v 0.082360 -0.041593 0.888987
v 0.037740 -0.038083 0.865885
v 0.082360 -0.039244 0.876641
v 0.082360 -0.038083 0.865852
v 0.082360 -0.059850 0.319007
v 0.082360 -0.036274 -0.034070
v 0.082360 -0.059850 -0.052550
v 0.082360 -0.036274 -0.486257
v 0.081452 -0.035670 -0.504028
v 0.065601 -0.055515 -0.504483
v 0.082360 -0.036274 0.329262
v -0.052272 0.128483 -0.021720
v -0.050021 0.129536 -0.027851
v 0.094604 -0.059850 -0.052550
v 0.094604 -0.083070 -0.052550
v 0.122676 0.049376 0.315493
v 0.094604 -0.059850 0.319007
v 0.098111 0.057737 0.297544
v -0.046596 0.130959 -0.034191
v -0.053821 0.127741 -0.014604
v -0.041975 0.132455 -0.039699
v -0.036693 0.133951 -0.044288
v -0.029737 0.135447 -0.048391
v -0.122591 -0.077040 -0.076005
v -0.015668 0.137618 -0.052413
v -0.007834 0.138293 -0.053220
v 0.053456 0.093984 -0.574714
v 0.068036 0.082019 -0.053556
v 0.053456 0.093984 -0.053273
v -0.088894 -0.022839 -0.486257
v -0.094369 -0.004789 -0.054757
v -0.088894 -0.022839 -0.054757
v 0.094369 0.032753 -0.040333
v 0.096218 0.013982 -0.574714
v 0.096218 0.013982 -0.033222
v 0.088894 0.050803 -0.050398
v 0.094369 0.032753 -0.574714
v -0.088894 0.050803 -0.574714
v -0.080002 0.067438 -0.054757
v -0.088894 0.050803 -0.054757
v 0.094369 -0.004789 -0.035790
v -0.053456 0.093984 -0.574714
v -0.036821 0.102876 -0.054757
v -0.053456 0.093984 -0.054757
v -0.094369 0.032753 -0.054757
v 0.088894 -0.022839 -0.486257
v 0.088894 -0.022839 -0.032977
v -0.080002 0.067438 -0.574714
v -0.068036 0.082019 -0.054757
v 0.000000 0.110200 -0.053529
v 0.018771 0.108351 -0.574714
v 0.018771 0.108351 -0.053474
v -0.094369 -0.004789 -0.574714
v -0.096218 0.013982 -0.054757
v -0.068036 0.082019 -0.574714
v -0.018771 0.108351 -0.054757
v 0.000000 0.110200 -0.574714
v 0.080002 0.067438 -0.574714
v 0.080002 0.067438 -0.053253
v -0.094369 0.032753 -0.574714
v 0.036821 0.102876 -0.053745
v 0.088894 0.050803 -0.574714
v -0.036821 0.102876 -0.574714
v -0.088894 -0.022839 0.298324
v -0.094369 0.032753 0.298324
v -0.094369 -0.004789 0.298324
v -0.096218 0.013982 0.298324
v -0.088894 0.050803 0.298324
v -0.068036 0.082019 -0.006335
v -0.080002 0.067438 0.298324
v -0.042960 -0.006210 1.002336
v -0.042960 -0.005788 0.919821
v -0.061217 -0.036274 0.298325
v -0.054831 -0.001389 0.298325
v -0.061236 -0.001389 0.298325
v 0.000000 0.138968 -0.053529
v -0.046596 0.097919 -0.034191
v -0.015668 0.108686 -0.052413
v -0.029737 0.105222 -0.048391
v -0.023503 0.107251 -0.050698
v -0.052272 0.094470 -0.021720
v -0.007834 0.109766 -0.053220
v -0.041975 0.100317 -0.039699
v -0.050021 0.095888 -0.027851
v -0.036693 0.102615 -0.044288
v -0.053821 0.093257 -0.014604
v -0.054838 0.093984 0.298324
v -0.054442 0.092615 -0.008024
v -0.068036 0.082019 0.298324
v 0.046596 0.131068 -0.053420
v 0.086535 0.105701 -0.053296
v 0.036821 0.102876 0.329232
v 0.053467 0.094258 0.319007
v 0.053456 0.093984 0.329232
v -0.018771 0.108351 0.329232
v 0.000000 0.110200 0.319042
v 0.053456 0.038556 0.329232
v 0.053467 0.038556 0.298310
v 0.018771 0.108351 0.329232
v 0.036821 0.102876 0.319042
v -0.036821 0.102876 0.329232
v -0.018771 0.108351 0.319042
v -0.053456 0.093984 0.329232
v -0.036821 0.102876 0.319042
v 0.018771 0.108351 0.319042
v -0.037685 -0.001640 0.329234
v 0.053467 0.094258 0.298324
v -0.053456 0.093984 0.319042
v 0.122676 0.040276 0.289779
v 0.110027 0.047900 0.294179
v 0.109664 0.075673 0.354609
v 0.086777 0.069659 0.298330
v 0.094803 0.096756 0.360903
v 0.089387 0.102615 0.355487
v 0.067419 0.119404 0.310654
v 0.065882 0.111105 0.298320
v 0.024002 -0.059850 0.879880
v 0.037740 -0.059850 0.882126
v -0.037685 -0.059850 0.919819
v -0.037685 -0.059850 0.882126
v -0.024285 -0.059850 0.879880
v 0.024002 -0.059850 0.756800
v 0.024002 -0.059850 0.752262
v 0.037740 -0.059850 0.752262
v -0.024285 -0.059850 0.757359
v -0.037740 -0.059850 0.752262
v 0.024002 -0.056515 0.870925
v -0.024285 -0.056515 0.870925
v 0.024002 -0.052977 0.859457
v -0.024285 -0.052977 0.859457
v 0.024002 -0.050849 0.850183
v -0.024285 -0.050849 0.850183
v 0.024002 -0.049127 0.839642
v -0.024285 -0.049127 0.839642
v 0.024002 -0.047838 0.824840
v -0.024285 -0.047838 0.824840
v 0.024002 -0.047957 0.807021
v -0.024285 -0.047957 0.807021
v 0.024002 -0.050059 0.788423
v -0.024285 -0.050059 0.788423
v 0.024002 -0.053292 0.773823
v -0.024285 -0.053292 0.773823
v 0.024002 -0.055714 0.765974
v -0.037685 -0.006046 0.919820
v 0.037740 -0.059850 0.329238
v -0.024285 -0.055714 0.765974
v 0.024002 -0.059195 0.756747
v -0.024285 -0.059850 0.752262
v -0.024285 -0.059195 0.756747
v 0.092789 0.040276 0.288942
v 0.045227 -0.139796 -0.998575
v 0.067253 -0.139796 -0.998575
v 0.100885 0.014477 -0.998575
v 0.093985 0.032565 0.282183
v 0.122591 0.032565 0.283020
v 0.095261 0.024004 0.270754
v 0.122591 0.019174 0.258656
v 0.095261 0.019174 0.257819
v 0.122591 0.017040 0.238957
v 0.095261 0.017040 0.238120
v 0.122591 0.016933 0.216145
v 0.095261 0.016933 0.215308
v 0.122591 0.016930 0.012388
v 0.095261 0.016930 0.011551
v 0.122591 0.018189 -0.008966
v 0.095261 0.018189 -0.009803
v 0.122591 0.024037 -0.026852
v 0.095261 0.024037 -0.027689
v 0.122591 0.030613 -0.036161
v 0.091108 0.048490 0.293672
v 0.085627 -0.029557 -0.033523
v 0.094369 -0.004789 0.297684
v 0.096218 0.013982 0.006107
v 0.095261 0.024004 0.297618
v 0.093985 0.032565 0.297841
v 0.096218 0.013982 0.216373
v 0.096218 0.013982 0.238667
v 0.096218 0.013982 0.266219
v 0.096218 0.013982 0.297616
v 0.090940 0.040276 0.297655
v 0.087429 0.048490 0.298356
v 0.089362 0.057023 0.296076
v 0.084202 0.057023 0.298331
v 0.085627 -0.029557 0.298363
v 0.079257 0.070810 0.298048
v 0.081572 0.042436 0.298032
v 0.062835 0.041577 0.298399
v 0.072204 0.043453 0.298409
v 0.049044 0.033715 0.329232
v 0.057415 -0.027576 0.329232
v 0.064415 -0.029992 0.329232
v 0.072082 -0.031201 0.329232
v 0.082142 -0.030500 0.329232
v 0.042206 -0.012033 0.329232
v 0.045883 -0.017916 0.329232
v 0.051290 -0.023733 0.329232
v 0.057877 0.039640 0.329232
v 0.085627 -0.029306 0.329232
v 0.093539 -0.025606 0.297685
v 0.082360 -0.033964 0.299738
v 0.107361 0.021983 0.297685
v 0.088894 -0.022839 0.297648
v 0.099715 -0.020728 0.297685
v 0.105575 -0.013396 0.297685
v 0.109239 -0.005359 0.297685
v 0.110969 0.004338 0.297685
v 0.110226 0.013481 0.297685
v 0.101955 0.030229 0.297685
v 0.049044 0.033715 0.355694
v 0.099715 -0.020728 0.355694
v 0.105575 -0.013396 0.355694
v 0.110969 0.004338 0.355694
v 0.110226 0.013481 0.355694
v 0.051290 -0.023733 0.355694
v 0.109239 -0.005359 0.355694
v 0.107361 0.021983 0.355694
v 0.057415 -0.027576 0.355694
v 0.101955 0.030229 0.355694
v 0.064415 -0.029992 0.355694
v 0.044684 0.029141 0.355694
v 0.044684 0.029141 0.329232
v 0.067521 0.042669 0.355694
v 0.072082 -0.031201 0.355694
v 0.042206 0.024190 0.355694
v 0.042206 0.024190 0.329232
v 0.077485 0.043009 0.355694
v 0.053456 0.038556 0.355694
v 0.082142 -0.030214 0.355694
v 0.057877 0.039640 0.355694
v 0.093539 -0.025606 0.355694
v 0.086415 0.040968 0.355694
v 0.045883 -0.017916 0.355694
v 0.122591 0.024004 0.271591
v 0.122591 -0.098778 0.522784
v -0.060060 -0.190580 -0.504483
v -0.056272 -0.199044 -0.504483
v -0.051639 -0.206409 -0.504483
v -0.045241 -0.213871 -0.504483
v -0.037324 -0.220631 -0.504483
v -0.027777 -0.226321 -0.504483
v -0.018135 -0.230051 -0.504483
v -0.009999 -0.231898 -0.504483
v 0.000000 -0.245856 -0.504483
v 0.000000 -0.232523 -0.504483
v 0.007296 -0.232269 -0.504483
v 0.018135 -0.230051 -0.504483
v 0.027777 -0.226321 -0.504483
v 0.037324 -0.220631 -0.504483
v 0.045241 -0.213871 -0.504483
v 0.051639 -0.206409 -0.504483
v 0.056272 -0.199044 -0.504483
v 0.060060 -0.190580 -0.504483
v 0.071997 -0.193120 -0.504483
v -0.064335 -0.165211 -0.504483
v -0.064770 -0.150185 -0.504483
v -0.077133 -0.150185 -0.504483
v -0.064958 -0.134394 -0.504483
v -0.077321 -0.134394 -0.504483
v -0.062937 -0.180077 -0.504483
v -0.064986 -0.113456 -0.504483
v -0.065404 -0.101236 -0.504483
v -0.077716 -0.113456 -0.504483
v -0.065601 -0.055515 -0.504483
v 0.062937 -0.180077 -0.504483
v 0.064335 -0.165211 -0.504483
v 0.064770 -0.150185 -0.504483
v 0.064958 -0.134394 -0.504483
v 0.064986 -0.113456 -0.504483
v 0.065404 -0.101236 -0.504483
v 0.056272 -0.199044 -0.574714
v -0.062937 -0.180077 -0.574714
v 0.088894 -0.022839 -0.574714
v 0.081452 -0.035670 -0.574714
v -0.088894 -0.022839 -0.574714
v -0.065601 -0.055515 -0.574714
v -0.081452 -0.036374 -0.574714
v 0.064770 -0.150185 -0.574714
v -0.064770 -0.150185 -0.574714
v 0.064335 -0.165211 -0.574714
v -0.064335 -0.165211 -0.574714
v 0.062937 -0.180077 -0.574714
v 0.060060 -0.190580 -0.574714
v 0.064958 -0.134394 -0.574714
v -0.045241 -0.213871 -0.574714
v -0.064986 -0.113456 -0.574714
v 0.064986 -0.113456 -0.574714
v -0.060060 -0.190580 -0.574714
v -0.065404 -0.101236 -0.574714
v 0.065404 -0.101236 -0.574714
v 0.000000 -0.232523 -0.574714
v -0.056272 -0.199044 -0.574714
v -0.051639 -0.206409 -0.574714
v -0.018135 -0.230051 -0.574714
v -0.037324 -0.220631 -0.574714
v -0.027777 -0.226321 -0.574714
v -0.009999 -0.231898 -0.574714
v 0.094369 -0.004789 -0.574714
v 0.051639 -0.206409 -0.574714
v 0.037324 -0.220631 -0.574714
v 0.045241 -0.213871 -0.574714
v -0.064958 -0.134394 -0.574714
v 0.065601 -0.055515 -0.574714
v 0.007296 -0.232269 -0.574714
v 0.027777 -0.226321 -0.574714
v 0.018135 -0.230051 -0.574714
v -0.122591 -0.098778 -0.026146
v -0.122591 -0.076031 -0.033098
v -0.095221 -0.080065 -0.081197
v -0.095221 -0.077040 -0.076005
v -0.122591 -0.078062 -0.078740
v -0.122591 -0.080065 -0.081197
v -0.122591 -0.098778 -0.092772
v -0.095221 -0.078062 -0.078740
v -0.122591 -0.093460 0.203896
v -0.095620 -0.100423 0.230328
v -0.105832 -0.099800 0.194205
v -0.122591 -0.098778 0.196427
v -0.105832 -0.099800 0.230113
v -0.095620 -0.100423 0.209177
v -0.095620 -0.100423 0.193990
v -0.122591 -0.078197 0.865744
v -0.098406 -0.059958 0.878036
v -0.122591 -0.059958 0.878036
v -0.122591 -0.098778 0.959598
v -0.122591 -0.087004 0.941717
v -0.098406 -0.055281 0.883104
v -0.122591 -0.056340 0.882053
v -0.122591 -0.098778 0.853686
v -0.098406 -0.078934 0.865281
v -0.098406 -0.054356 0.886463
v -0.122591 -0.058094 0.899935
v -0.122591 -0.055026 0.895140
v -0.039816 0.090499 0.934917
v 0.042032 0.090499 0.935835
v 0.000000 0.090499 0.934917
v 0.000000 0.112859 0.934917
v 0.039816 0.090499 0.934917
v 0.042950 0.112859 0.953943
v 0.042950 0.112859 0.938050
v -0.042960 0.017121 0.919821
v -0.042032 0.090499 0.935835
v -0.042950 0.112859 0.938050
v 0.042950 0.090499 0.938050
v 0.095201 0.035592 0.299288
v 0.092672 0.038017 0.355570
v 0.096377 0.035504 0.355005
v 0.082360 -0.101232 0.522784
v 0.122591 -0.098778 0.548963
v 0.122591 -0.098778 0.813201
v 0.122591 -0.098778 0.575322
v 0.122591 -0.098778 0.601918
v 0.122591 -0.098778 0.786742
v 0.122591 -0.098778 0.628209
v 0.122591 -0.098778 0.760086
v 0.122591 -0.098778 0.654805
v 0.122591 -0.098778 0.681137
v 0.122591 -0.098778 0.733923
v 0.122591 -0.098778 0.707415
v -0.122591 -0.098778 0.548963
v -0.122591 -0.098778 0.813201
v -0.122591 -0.098778 0.575322
v -0.122591 -0.098778 0.786742
v -0.122591 -0.098778 0.601918
v -0.122591 -0.098778 0.628209
v -0.122591 -0.098778 0.760086
v -0.122591 -0.098778 0.654805
v -0.122591 -0.098778 0.681137
v -0.122591 -0.098778 0.733923
v -0.122591 -0.098778 0.707415
v -0.068036 0.088852 -0.998575
v -0.053456 0.099653 -1.024223
v -0.068036 0.088852 -1.024223
v -0.053456 0.099653 -0.998575
v -0.036821 0.108054 -1.024223
v -0.098612 0.037845 -0.998575
v -0.091298 0.058370 -1.024223
v -0.098612 0.037845 -1.024223
v -0.036821 0.108054 -0.998575
v -0.018771 0.113192 -1.024223
v -0.080975 0.074776 -0.998575
v -0.080975 0.074776 -1.024223
v -0.100885 0.014477 -0.998575
v -0.100885 0.014477 -1.024223
v -0.091298 0.058370 -0.998575
v -0.018771 0.113192 -0.998575
v 0.000000 0.114781 -1.024223
v -0.098455 -0.010301 -0.998575
v -0.067253 -0.139796 -1.024223
v -0.076895 -0.102613 -0.998575
v -0.076895 -0.102613 -1.024223
v -0.045227 -0.139796 -1.024223
v -0.067253 -0.139796 -0.998575
v -0.088726 -0.056457 -1.024223
v -0.088726 -0.056457 -0.998575
v -0.094033 -0.033379 -1.024223
v -0.094033 -0.033379 -0.998575
v -0.098455 -0.010301 -1.024223
v 0.000000 -0.111674 -1.024223
v -0.016323 -0.114594 -0.998575
v -0.016323 -0.114594 -1.024223
v -0.037248 -0.128721 -1.024223
v -0.045227 -0.139796 -0.998575
v -0.027416 -0.120125 -1.024223
v -0.037248 -0.128721 -0.998575
v -0.027416 -0.120125 -0.998575
v -0.028430 0.082619 -1.024223
v -0.041274 0.075753 -0.998575
v -0.041274 0.075753 -1.024223
v -0.052532 -0.038550 -1.024223
v -0.041274 -0.047789 -0.998575
v -0.041274 -0.047789 -1.024223
v -0.052532 0.066514 -1.024223
v -0.061771 0.055256 -0.998575
v -0.061771 0.055256 -1.024223
v -0.072864 -0.000511 -1.024223
v -0.068637 -0.014448 -0.998575
v -0.068637 -0.014448 -1.024223
v -0.074291 0.013982 -1.024223
v -0.072864 -0.000511 -0.998575
v -0.068636 0.042412 -0.998575
v -0.068636 0.042412 -1.024223
v 0.000000 0.088274 -1.024223
v -0.014493 0.086846 -0.998575
v -0.014493 0.086846 -1.024223
v -0.052532 0.066514 -0.998575
v -0.072864 0.028475 -0.998575
v -0.072864 0.028475 -1.024223
v -0.028430 -0.054654 -0.998575
v -0.028430 -0.054654 -1.024223
v -0.061771 -0.027291 -0.998575
v -0.061771 -0.027291 -1.024223
v -0.074291 0.013982 -0.998575
v -0.014493 -0.058882 -0.998575
v -0.014493 -0.058882 -1.024223
v 0.000000 -0.060309 -0.998575
v 0.000000 -0.060309 -1.024223
v -0.028430 0.082619 -0.998575
v -0.052532 -0.038550 -0.998575
v 0.053456 0.099653 -1.024223
v 0.068036 0.088852 -0.998575
v 0.068036 0.088852 -1.024223
v 0.036821 0.108054 -1.024223
v 0.053456 0.099653 -0.998575
v 0.091298 0.058370 -1.024223
v 0.098612 0.037845 -0.998575
v 0.098612 0.037845 -1.024223
v 0.018771 0.113192 -1.024223
v 0.036821 0.108054 -0.998575
v 0.080975 0.074776 -0.998575
v 0.080975 0.074776 -1.024223
v 0.100885 0.014477 -1.024223
v 0.091298 0.058370 -0.998575
v 0.018771 0.113192 -0.998575
v 0.098455 -0.010301 -1.024223
v 0.076895 -0.102613 -0.998575
v 0.067253 -0.139796 -1.024223
v 0.076895 -0.102613 -1.024223
v 0.045227 -0.139796 -1.024223
v 0.088726 -0.056457 -1.024223
v 0.094033 -0.033379 -1.024223
v 0.088726 -0.056457 -0.998575
v 0.098455 -0.010301 -0.998575
v 0.016323 -0.114594 -0.998575
v 0.016323 -0.114594 -1.024223
v 0.037248 -0.128721 -1.024223
v 0.037248 -0.128721 -0.998575
v 0.027416 -0.120125 -1.024223
v 0.027416 -0.120125 -0.998575
v 0.041274 0.075753 -0.998575
v 0.028430 0.082619 -1.024223
v 0.041274 0.075753 -1.024223
v 0.041274 -0.047789 -0.998575
v 0.052532 -0.038550 -1.024223
v 0.041274 -0.047789 -1.024223
v 0.061771 0.055256 -0.998575
v 0.052532 0.066514 -1.024223
v 0.061771 0.055256 -1.024223
v 0.068637 -0.014448 -0.998575
v 0.072864 -0.000511 -1.024223
v 0.068637 -0.014448 -1.024223
v 0.074291 0.013982 -0.998575
v 0.074291 0.013982 -1.024223
v 0.068636 0.042412 -0.998575
v 0.068636 0.042412 -1.024223
v 0.014493 0.086846 -0.998575
v 0.014493 0.086846 -1.024223
v 0.052532 0.066514 -0.998575
v 0.072864 0.028475 -0.998575
v 0.072864 0.028475 -1.024223
v 0.028430 -0.054654 -0.998575
v 0.028430 -0.054654 -1.024223
v 0.061771 -0.027291 -0.998575
v 0.061771 -0.027291 -1.024223
v 0.014493 -0.058882 -0.998575
v 0.014493 -0.058882 -1.024223
v 0.028430 0.082619 -0.998575
v 0.052532 -0.038550 -0.998575
v 0.094033 -0.033379 -0.998575
v 0.000000 -0.111674 -0.998575
v -0.077321 -0.134394 -0.998575
v -0.122591 -0.043357 -0.998575
v 0.000000 0.114781 -0.998575
v -0.082360 -0.083070 0.186495
v -0.082360 -0.101232 0.186495
v 0.019085 0.186193 -0.874783
v -0.019085 0.131032 -0.848590
v 0.019085 0.131032 -0.848590
v -0.019085 0.186193 -0.874783
v 0.019085 0.184438 -0.933134
v -0.019085 0.184438 -0.933134
v 0.019085 0.181638 -0.949196
v -0.019085 0.181638 -0.949196
v 0.019085 0.178178 -0.960563
v -0.019085 0.178178 -0.960563
v 0.019085 0.170353 -0.971519
v -0.019085 0.170353 -0.971519
v 0.019085 0.161621 -0.978026
v -0.019085 0.161621 -0.978026
v 0.019085 0.151902 -0.982309
v -0.019085 0.151902 -0.982309
v 0.019085 0.141358 -0.984204
v -0.019085 0.141358 -0.984204
v 0.019085 0.130567 -0.984204
v -0.019085 0.130567 -0.984204
v -0.077266 -0.134376 -0.722836
v -0.078514 -0.112620 -0.708043
v -0.079999 -0.099363 -0.692127
v -0.082711 -0.098544 -0.705431
v -0.078605 -0.112996 -0.727360
v -0.102587 -0.089105 -0.646850
v -0.102631 -0.084301 -0.665316
v -0.099269 -0.083419 -0.683141
v -0.082269 -0.099625 -0.775719
v -0.082780 -0.099163 -0.730442
v -0.091557 -0.087040 -0.733826
v -0.111460 -0.060078 -0.736987
v -0.100634 -0.072372 -0.735112
v -0.112546 -0.065097 -0.703036
v -0.096402 -0.082390 -0.702576
v 0.000000 0.086840 0.814002
v 0.000000 0.112859 0.802669
v 0.023503 0.136943 0.681997
v 0.068036 0.082019 -0.574714
v -0.096218 0.013982 -0.574714
v -0.018771 0.108351 -0.574714
v 0.036821 0.102876 -0.574714
v 0.085627 -0.029364 0.355694
v 0.042206 -0.012033 0.355694
v 0.000000 0.088274 -0.998575
v 0.072864 -0.000511 -0.998575
vt 0.951971 0.780411
vt 0.963681 0.789884
vt 0.954282 0.791793
vt 0.978788 0.448321
vt 0.946034 0.440136
vt 0.984284 0.442507
vt 0.989159 0.437745
vt 0.946441 0.793385
vt 0.939763 0.794740
vt 0.944130 0.782003
vt 0.966360 0.789340
vt 0.966124 0.777537
vt 0.968435 0.788918
vt 0.139868 0.005524
vt 0.138373 0.002952
vt 0.142227 0.002926
vt 0.171196 0.261241
vt 0.172660 0.247715
vt 0.175511 0.260352
vt 0.168581 0.248556
vt 0.167229 0.262059
vt 0.164614 0.249373
vt 0.133319 0.006869
vt 0.130163 0.005592
vt 0.136732 0.006868
vt 0.148721 0.300236
vt 0.147408 0.287087
vt 0.150061 0.299959
vt 0.147331 0.300522
vt 0.146067 0.287363
vt 0.990420 0.199631
vt 0.892675 0.261816
vt 0.756451 0.240296
vt 0.986744 0.178495
vt 0.540547 0.264156
vt 0.538925 0.254819
vt 0.984860 0.167662
vt 0.543664 0.232807
vt 0.982904 0.156415
vt 0.980946 0.145160
vt 0.540354 0.210173
vt 0.978985 0.133887
vt 0.988517 0.188684
vt 0.541911 0.272008
vt 0.537306 0.245500
vt 0.541708 0.221551
vt 0.538414 0.199013
vt 0.977044 0.122727
vt 0.989488 0.194264
vt 0.746067 0.725508
vt 0.774837 0.828824
vt 0.767916 0.830252
vt 0.761367 0.722402
vt 0.783182 0.827095
vt 0.769876 0.720651
vt 0.791735 0.825320
vt 0.779566 0.718641
vt 0.801407 0.823307
vt 0.785755 0.717362
vt 0.711341 0.841923
vt 0.670142 0.608081
vt 0.718166 0.840514
vt 0.698379 0.844601
vt 0.656498 0.610902
vt 0.704521 0.843332
vt 0.685384 0.847286
vt 0.644278 0.613427
vt 0.692301 0.845856
vt 0.676328 0.606803
vt 0.724351 0.839237
vt 0.663318 0.609492
vt 0.650355 0.612171
vt 0.682187 0.605591
vt 0.730211 0.838027
vt 0.688515 0.604283
vt 0.736539 0.836721
vt 0.151825 0.343655
vt 0.057452 0.351021
vt 0.153086 0.337929
vt 0.058331 0.342858
vt 0.113432 0.335315
vt 0.153870 0.334159
vt 0.743563 0.835271
vt 0.695538 0.602831
vt 0.750633 0.833812
vt 0.228702 0.459619
vt 0.279318 0.437559
vt 0.266065 0.462094
vt 0.283725 0.458329
vt 0.877289 0.266353
vt 0.860707 0.271908
vt 0.845044 0.278726
vt 0.829047 0.285701
vt 0.810145 0.294489
vt 0.786650 0.307255
vt 0.768849 0.310349
vt 0.104243 0.400543
vt 0.102046 0.400644
vt 0.492099 0.394663
vt 0.506006 0.398165
vt 0.473982 0.404798
vt 0.280190 0.438849
vt 0.281309 0.439057
vt 0.288289 0.437584
vt 0.713713 0.419039
vt 0.722451 0.426142
vt 0.715474 0.427581
vt 0.720690 0.417599
vt 0.723564 0.425913
vt 0.541817 0.602632
vt 0.721407 0.571612
vt 0.543004 0.608390
vt 0.498297 0.147224
vt 0.494975 0.139010
vt 0.496497 0.138689
vt 0.745800 0.560579
vt 0.752777 0.559141
vt 0.018161 0.595122
vt 0.334477 0.519074
vt 0.336789 0.530069
vt 0.142819 0.049350
vt 0.177854 0.052098
vt 0.145070 0.060272
vt 0.725536 0.435477
vt 0.724423 0.435706
vt 0.492959 0.129455
vt 0.494482 0.129136
vt 0.541722 0.004950
vt 0.229152 0.086162
vt 0.222114 0.070884
vt 0.758460 0.584695
vt 0.751474 0.586660
vt 0.724706 0.586175
vt 0.672092 0.359308
vt 0.767014 0.361253
vt 0.627800 0.387279
vt 0.205938 0.507610
vt 0.203686 0.496689
vt 0.318372 0.484432
vt 0.362252 0.639646
vt 0.310149 0.656388
vt 0.308962 0.650629
vt 0.398726 0.632129
vt 0.363439 0.645405
vt 0.766341 0.357645
vt 0.763438 0.342234
vt 0.429176 0.365922
vt 0.425404 0.367399
vt 0.298424 0.319808
vt 0.343655 0.298295
vt 0.359549 0.264738
vt 0.535354 0.234252
vt 0.363115 0.285304
vt 0.542852 0.277428
vt 0.299567 0.314026
vt 0.361499 0.275985
vt 0.533397 0.222995
vt 0.530561 0.211875
vt 0.349035 0.478111
vt 0.383259 0.459670
vt 0.385510 0.470592
vt 0.368381 0.499126
vt 0.330145 0.498103
vt 0.366620 0.490584
vt 0.041602 0.711734
vt 0.039269 0.706211
vt 0.367921 0.665739
vt 0.313444 0.670968
vt 0.366734 0.659981
vt 0.438802 0.459605
vt 0.278614 0.517631
vt 0.239111 0.516868
vt 0.302892 0.295735
vt 0.358262 0.286147
vt 0.356645 0.276830
vt 0.210920 0.859352
vt 0.529181 0.808882
vt 0.529661 0.811917
vt 0.314377 0.676779
vt 0.046972 0.725910
vt 0.703031 0.393746
vt 0.707357 0.404240
vt 0.008911 0.573227
vt 0.005685 0.564987
vt 0.095791 0.546412
vt 0.129915 0.326070
vt 0.158507 0.329137
vt 0.300216 0.310230
vt 0.325691 0.791429
vt 0.326196 0.795065
vt 0.251247 0.810535
vt 0.332228 0.511200
vt 0.329131 0.513487
vt 0.324165 0.516602
vt 0.182000 0.520904
vt 0.185098 0.518617
vt 0.190065 0.515501
vt 0.820137 0.896142
vt 0.740772 0.920522
vt 0.736134 0.913458
vt 0.997392 0.827141
vt 0.997896 0.830778
vt 0.922927 0.846235
vt 0.241750 0.921068
vt 0.242254 0.924705
vt 0.167288 0.940153
vt 0.732376 0.909615
vt 0.811741 0.885233
vt 0.816379 0.892296
vt 0.393816 0.406922
vt 0.390718 0.409209
vt 0.385751 0.412325
vt 0.221181 0.443647
vt 0.224279 0.441361
vt 0.229245 0.438244
vt 0.126076 0.884307
vt 0.046705 0.908691
vt 0.042067 0.901627
vt 0.332241 0.914916
vt 0.332745 0.918553
vt 0.257778 0.934005
vt 0.904112 0.904504
vt 0.904616 0.908141
vt 0.829639 0.923596
vt 0.714721 0.896451
vt 0.635356 0.920831
vt 0.630718 0.913768
vt 0.268462 0.394820
vt 0.285594 0.321706
vt 0.289786 0.321299
vt 0.255672 0.396895
vt 0.273092 0.323847
vt 0.277284 0.323457
vt 0.243678 0.399180
vt 0.260558 0.326043
vt 0.264860 0.325617
vt 0.230596 0.401222
vt 0.248069 0.328176
vt 0.252228 0.327790
vt 0.218785 0.403545
vt 0.235532 0.330377
vt 0.239833 0.329944
vt 0.206493 0.405795
vt 0.223090 0.332553
vt 0.227263 0.332117
vt 0.194355 0.408036
vt 0.210668 0.334722
vt 0.214814 0.334272
vt 0.181930 0.410208
vt 0.198077 0.336894
vt 0.202333 0.336428
vt 0.168539 0.412066
vt 0.185376 0.338856
vt 0.189470 0.338439
vt 0.156374 0.413940
vt 0.172598 0.340671
vt 0.176925 0.340209
vt 0.144293 0.415824
vt 0.160061 0.342426
vt 0.164290 0.341943
vt 0.250101 0.657770
vt 0.253199 0.655484
vt 0.258165 0.652369
vt 0.997375 0.910743
vt 0.997878 0.914379
vt 0.922925 0.929832
vt 0.913356 0.889807
vt 0.992727 0.865423
vt 0.997365 0.872487
vt 0.381692 0.059481
vt 0.378594 0.061769
vt 0.373628 0.064887
vt 0.904092 0.912868
vt 0.904596 0.916504
vt 0.829637 0.931958
vt 0.286988 0.316084
vt 0.291162 0.315526
vt 0.274506 0.318232
vt 0.278680 0.317687
vt 0.261940 0.320421
vt 0.266223 0.319839
vt 0.249483 0.322561
vt 0.253625 0.322020
vt 0.236909 0.324750
vt 0.241192 0.324168
vt 0.224451 0.326916
vt 0.228608 0.326343
vt 0.212010 0.329077
vt 0.216140 0.328498
vt 0.199415 0.331249
vt 0.203655 0.330652
vt 0.186776 0.333207
vt 0.190861 0.332697
vt 0.173993 0.335006
vt 0.178313 0.334483
vt 0.161422 0.336745
vt 0.165645 0.336216
vt 0.626084 0.910536
vt 0.626588 0.914172
vt 0.551636 0.929631
vt 0.135401 0.895024
vt 0.056034 0.919406
vt 0.051396 0.912342
vt 0.992725 0.878062
vt 0.913356 0.902446
vt 0.908718 0.895382
vt 0.913356 0.915084
vt 0.992722 0.890704
vt 0.997360 0.897767
vt 0.433879 0.239933
vt 0.436975 0.237644
vt 0.441976 0.234522
vt 0.536497 0.447826
vt 0.539594 0.445539
vt 0.544559 0.442423
vt 0.209054 0.098730
vt 0.212151 0.096443
vt 0.217118 0.093326
vt 0.238942 0.904912
vt 0.239447 0.908548
vt 0.164489 0.924012
vt 0.713792 0.884003
vt 0.634423 0.908386
vt 0.629785 0.901322
vt 0.327574 0.894872
vt 0.248208 0.919254
vt 0.243571 0.912190
vt 0.332232 0.906550
vt 0.332736 0.910186
vt 0.257778 0.925646
vt 0.471195 0.524266
vt 0.474292 0.521980
vt 0.479259 0.518863
vt 0.238019 0.892464
vt 0.158651 0.916846
vt 0.154013 0.909783
vt 0.997379 0.843863
vt 0.997884 0.847499
vt 0.922926 0.862958
vt 0.723113 0.907360
vt 0.723617 0.910996
vt 0.648657 0.926451
vt 0.065362 0.930121
vt 0.144728 0.905741
vt 0.149365 0.912805
vt 0.093376 0.539173
vt 0.096474 0.536887
vt 0.101440 0.533771
vt 0.559819 0.505990
vt 0.562917 0.503704
vt 0.567883 0.500588
vt 0.294468 0.306818
vt 0.291885 0.311680
vt 0.287737 0.312373
vt 0.171357 0.327367
vt 0.162235 0.333003
vt 0.350793 0.243049
vt 0.185853 0.283207
vt 0.183899 0.271933
vt 0.354697 0.265581
vt 0.185073 0.306519
vt 0.284034 0.308618
vt 0.273602 0.310421
vt 0.246281 0.305530
vt 0.257013 0.313293
vt 0.245993 0.315197
vt 0.233696 0.317326
vt 0.220566 0.319600
vt 0.190380 0.315193
vt 0.207997 0.321773
vt 0.195180 0.323964
vt 0.191116 0.317639
vt 0.183423 0.325706
vt 0.181965 0.260772
vt 0.348859 0.231887
vt 0.352747 0.254324
vt 0.279411 0.313840
vt 0.275265 0.314525
vt 0.266938 0.315989
vt 0.262680 0.316710
vt 0.254349 0.318171
vt 0.250241 0.318855
vt 0.241911 0.320321
vt 0.225186 0.323198
vt 0.237651 0.321037
vt 0.212740 0.325353
vt 0.200141 0.327524
vt 0.187566 0.329480
vt 0.174817 0.331272
vt 0.229322 0.322499
vt 0.166450 0.332430
vt 0.179132 0.330694
vt 0.191671 0.328888
vt 0.216852 0.324657
vt 0.204376 0.326812
vt 0.997246 0.296455
vt 0.971827 0.309397
vt 0.907046 0.314442
vt 0.054092 0.371392
vt 0.056951 0.356642
vt 0.051295 0.386135
vt 0.049730 0.400710
vt 0.048445 0.415246
vt 0.159036 0.239791
vt 0.169176 0.243656
vt 0.160542 0.245595
vt 0.163168 0.224918
vt 0.148969 0.228015
vt 0.147954 0.242244
vt 0.134699 0.231072
vt 0.149531 0.248094
vt 0.125860 0.263447
vt 0.114806 0.274549
vt 0.112107 0.262536
vt 0.100002 0.277416
vt 0.097257 0.265404
vt 0.105618 0.236953
vt 0.094308 0.252701
vt 0.090865 0.239832
vt 0.109021 0.249788
vt 0.120352 0.234082
vt 0.123474 0.246888
vt 0.182255 0.301131
vt 0.188643 0.300109
vt 0.506069 0.930664
vt 0.556697 0.869787
vt 0.566672 0.918171
vt 0.096895 0.011382
vt 0.050337 0.023160
vt 0.049906 0.021070
vt 0.089013 0.004951
vt 0.048313 0.013342
vt 0.083722 0.001953
vt 0.047504 0.009420
vt 0.441480 0.772939
vt 0.403957 0.774068
vt 0.440269 0.766583
vt 0.317199 0.719878
vt 0.319711 0.732060
vt 0.308461 0.733388
vt 0.116411 0.666872
vt 0.068995 0.674492
vt 0.117379 0.664517
vt 0.060191 0.323476
vt 0.129545 0.323550
vt 0.058959 0.333191
vt 0.111667 0.675663
vt 0.069421 0.676559
vt 0.475005 0.898781
vt 0.473874 0.898564
vt 0.478750 0.832710
vt 0.061153 0.317738
vt 0.131444 0.313744
vt 0.108145 0.680191
vt 0.070966 0.684054
vt 0.069621 0.275981
vt 0.078753 0.281428
vt 0.071114 0.282806
vt 0.076835 0.272506
vt 0.087188 0.279869
vt 0.084844 0.269218
vt 0.094715 0.278444
vt 0.079544 0.247819
vt 0.089194 0.254788
vt 0.082276 0.258536
vt 0.092079 0.266636
vt 0.072655 0.254616
vt 0.074733 0.263562
vt 0.066560 0.262285
vt 0.068061 0.269133
vt 0.086122 0.242897
vt 0.066190 0.278080
vt 0.066874 0.283585
vt 0.064977 0.272667
vt 0.063524 0.267246
vt 0.355701 0.592567
vt 0.368190 0.579625
vt 0.370240 0.589570
vt 0.187803 0.294462
vt 0.358359 0.257874
vt 0.357598 0.253482
vt 0.355645 0.242208
vt 0.353711 0.231047
vt 0.513044 0.230738
vt 0.079383 0.776072
vt 0.160605 0.796058
vt 0.149286 0.795795
vt 0.717736 0.438529
vt 0.516235 0.492446
vt 0.513906 0.481366
vt 0.720065 0.449609
vt 0.728419 0.447811
vt 0.491757 0.116767
vt 0.963668 0.045823
vt 0.850668 0.020290
vt 0.956032 0.001953
vt 0.967344 0.066958
vt 0.527360 0.135421
vt 0.965572 0.056770
vt 0.532558 0.165324
vt 0.969229 0.077792
vt 0.971185 0.089039
vt 0.536474 0.187852
vt 0.973143 0.100294
vt 0.975103 0.111567
vt 0.525996 0.127569
vt 0.964602 0.051190
vt 0.528983 0.144757
vt 0.534515 0.176579
vt 0.729717 0.086538
vt 0.581409 0.759529
vt 0.612715 0.862313
vt 0.602861 0.864355
vt 0.595940 0.865787
vt 0.566131 0.762742
vt 0.574479 0.760928
vt 0.587594 0.867507
vt 0.557624 0.764506
vt 0.579037 0.869267
vt 0.547931 0.766501
vt 0.541742 0.767780
vt 0.569360 0.871252
vt 0.563202 0.872515
vt 0.604578 0.621628
vt 0.659428 0.852650
vt 0.652604 0.854060
vt 0.618223 0.618810
vt 0.672390 0.849971
vt 0.666248 0.851240
vt 0.630443 0.616286
vt 0.678467 0.848715
vt 0.646418 0.855339
vt 0.611403 0.620219
vt 0.624366 0.617541
vt 0.640559 0.856551
vt 0.598392 0.622905
vt 0.586204 0.625422
vt 0.634231 0.857859
vt 0.033644 0.209816
vt 0.101351 0.194121
vt 0.102167 0.199564
vt 0.040093 0.226491
vt 0.103350 0.207447
vt 0.110557 0.215950
vt 0.036778 0.217406
vt 0.574209 0.727724
vt 0.564686 0.629862
vt 0.585895 0.732590
vt 0.627208 0.859312
vt 0.579181 0.626872
vt 0.620139 0.860774
vt 0.572110 0.628331
vt 0.566414 0.721512
vt 0.554841 0.631893
vt 0.566909 0.727956
vt 0.576220 0.736800
vt 0.909226 0.287488
vt 0.964421 0.288589
vt 0.930821 0.305125
vt 0.913037 0.308378
vt 0.551719 0.687148
vt 0.536497 0.679382
vt 0.537148 0.652642
vt 0.551032 0.702152
vt 0.551273 0.711315
vt 0.553902 0.719648
vt 0.562963 0.742753
vt 0.569690 0.739667
vt 0.538336 0.734639
vt 0.547430 0.747599
vt 0.539955 0.751904
vt 0.545461 0.731309
vt 0.554970 0.745122
vt 0.556566 0.728764
vt 0.537638 0.717657
vt 0.536930 0.700219
vt 0.834654 0.021215
vt 0.817171 0.021584
vt 0.800127 0.020454
vt 0.782715 0.019290
vt 0.761956 0.017400
vt 0.735532 0.013316
vt 0.717733 0.016415
vt 0.006976 0.150695
vt 0.087854 0.124206
vt 0.110914 0.163914
vt 0.907956 0.289628
vt 0.699506 0.347340
vt 0.696037 0.328296
vt 0.908910 0.289011
vt 0.023933 0.608135
vt 0.016956 0.609572
vt 0.015194 0.601029
vt 0.692480 0.508045
vt 0.698529 0.526121
vt 0.696844 0.529024
vt 0.015842 0.609802
vt 0.014081 0.601259
vt 0.253020 0.672787
vt 0.075622 0.715359
vt 0.049044 0.714834
vt 0.421528 0.163390
vt 0.419838 0.154833
vt 0.423055 0.163089
vt 0.042067 0.716272
vt 0.657139 0.387202
vt 0.703609 0.389008
vt 0.659391 0.398124
vt 0.845388 0.294475
vt 0.876295 0.278134
vt 0.878546 0.289055
vt 0.017815 0.619366
vt 0.735505 0.493158
vt 0.739568 0.502852
vt 0.026208 0.645024
vt 0.057606 0.633065
vt 0.033401 0.644062
vt 0.485866 0.624788
vt 0.433777 0.641529
vt 0.432579 0.635773
vt 0.271775 0.166058
vt 0.328230 0.084086
vt 0.335526 0.155021
vt 0.327424 0.162006
vt 0.530603 0.154077
vt 0.520488 0.146234
vt 0.516812 0.129165
vt 0.525054 0.122148
vt 0.524066 0.166800
vt 0.528045 0.189318
vt 0.518803 0.136908
vt 0.514419 0.123995
vt 0.503957 0.053608
vt 0.428954 0.642523
vt 0.427767 0.636765
vt 0.523923 0.379244
vt 0.520471 0.360196
vt 0.709299 0.584733
vt 0.755547 0.569196
vt 0.416950 0.564946
vt 0.469048 0.548185
vt 0.470492 0.553891
vt 0.434875 0.433021
vt 0.383846 0.454927
vt 0.381594 0.444005
vt 0.400925 0.521493
vt 0.460791 0.518053
vt 0.407499 0.529043
vt 0.343022 0.198196
vt 0.334922 0.190897
vt 0.341808 0.193285
vt 0.317671 0.181399
vt 0.272431 0.179615
vt 0.319123 0.171531
vt 0.326787 0.189421
vt 0.260364 0.191318
vt 0.755587 0.575191
vt 0.691291 0.502287
vt 0.437126 0.443943
vt 0.642518 0.471673
vt 0.730493 0.462436
vt 0.110207 0.213428
vt 0.136796 0.202380
vt 0.152749 0.478967
vt 0.227714 0.463516
vt 0.228689 0.467055
vt 0.839286 0.908598
vt 0.829744 0.906827
vt 0.835537 0.907724
vt 0.497863 0.920172
vt 0.488319 0.918398
vt 0.494113 0.919297
vt 0.249701 0.873006
vt 0.332244 0.864012
vt 0.248235 0.881328
vt 0.315071 0.017412
vt 0.390041 0.001953
vt 0.391017 0.005493
vt 0.278689 0.497231
vt 0.353655 0.481783
vt 0.354630 0.485323
vt 0.225445 0.799464
vt 0.307985 0.790464
vt 0.223980 0.807786
vt 0.001953 0.858299
vt 0.011497 0.860072
vt 0.005703 0.859174
vt 0.647510 0.931306
vt 0.657054 0.933080
vt 0.651260 0.932181
vt 0.807077 0.881576
vt 0.724540 0.890569
vt 0.808543 0.873254
vt 0.169539 0.670639
vt 0.244490 0.655196
vt 0.245465 0.658735
vt 0.167674 0.545118
vt 0.242629 0.529672
vt 0.243604 0.533211
vt 0.249701 0.885646
vt 0.332242 0.876651
vt 0.248235 0.893968
vt 0.259490 0.168103
vt 0.225024 0.101400
vt 0.263651 0.167467
vt 0.247015 0.170267
vt 0.212441 0.103618
vt 0.251173 0.169624
vt 0.234430 0.172444
vt 0.199989 0.105768
vt 0.238700 0.171785
vt 0.221994 0.174596
vt 0.187413 0.107940
vt 0.226120 0.173960
vt 0.209415 0.176770
vt 0.175030 0.110065
vt 0.213686 0.176115
vt 0.196963 0.178925
vt 0.162500 0.112215
vt 0.201109 0.178292
vt 0.184539 0.181075
vt 0.150079 0.114354
vt 0.188660 0.180447
vt 0.172023 0.183239
vt 0.137625 0.116526
vt 0.176253 0.182592
vt 0.159810 0.185206
vt 0.125755 0.118256
vt 0.163881 0.184615
vt 0.147235 0.187139
vt 0.113418 0.120153
vt 0.151540 0.186516
vt 0.134661 0.189053
vt 0.100689 0.122112
vt 0.138873 0.188439
vt 0.457202 0.810461
vt 0.466746 0.812234
vt 0.460951 0.811336
vt 0.346788 0.634099
vt 0.421744 0.618656
vt 0.422719 0.622195
vt 0.248768 0.898476
vt 0.331306 0.889484
vt 0.247302 0.906798
vt 0.913383 0.919697
vt 0.922927 0.921470
vt 0.917132 0.920572
vt 0.050709 0.547974
vt 0.005727 0.557238
vt 0.004752 0.553698
vt 0.262351 0.173242
vt 0.266506 0.172566
vt 0.249881 0.175400
vt 0.254033 0.174722
vt 0.237296 0.177580
vt 0.241561 0.176881
vt 0.224860 0.179731
vt 0.228980 0.179058
vt 0.212278 0.181908
vt 0.216543 0.181212
vt 0.199824 0.184064
vt 0.203964 0.183390
vt 0.187398 0.186216
vt 0.191513 0.185546
vt 0.174886 0.188378
vt 0.179108 0.187689
vt 0.162623 0.190364
vt 0.166689 0.189747
vt 0.150036 0.192296
vt 0.154340 0.191660
vt 0.137467 0.194207
vt 0.141677 0.193581
vt 0.146916 0.553143
vt 0.071962 0.568588
vt 0.070987 0.565049
vt 0.042600 0.888767
vt 0.125142 0.879773
vt 0.041134 0.897089
vt 0.626587 0.864061
vt 0.709131 0.855066
vt 0.625121 0.872384
vt 0.913916 0.831708
vt 0.996454 0.822716
vt 0.912450 0.840029
vt 0.066322 0.934541
vt 0.075898 0.936310
vt 0.070071 0.935420
vt 0.285551 0.838869
vt 0.295094 0.840641
vt 0.289300 0.839743
vt 0.154946 0.930598
vt 0.164490 0.932371
vt 0.158696 0.931473
vt 0.724391 0.472068
vt 0.649418 0.487515
vt 0.648443 0.483975
vt 0.242681 0.886885
vt 0.160144 0.895877
vt 0.244147 0.878563
vt 0.712859 0.879577
vt 0.630319 0.888569
vt 0.714325 0.871255
vt 0.455938 0.460691
vt 0.530910 0.445242
vt 0.531885 0.448781
vt 0.913383 0.869545
vt 0.922925 0.871318
vt 0.917132 0.870420
vt 0.628453 0.876316
vt 0.710993 0.867320
vt 0.626987 0.884638
vt 0.633185 0.424150
vt 0.708150 0.408695
vt 0.709125 0.412235
vt 0.367313 0.478961
vt 0.442279 0.463512
vt 0.443255 0.467051
vt 0.537478 0.789284
vt 0.454936 0.798282
vt 0.538944 0.780962
vt 0.913383 0.852827
vt 0.922926 0.854599
vt 0.917132 0.853701
vt 0.411490 0.925876
vt 0.421034 0.927650
vt 0.415240 0.926751
vt 0.268372 0.175913
vt 0.276692 0.174471
vt 0.264222 0.176625
vt 0.262002 0.181418
vt 0.149640 0.200426
vt 0.130925 0.198882
vt 0.129110 0.195491
vt 0.139280 0.197610
vt 0.346926 0.220726
vt 0.178077 0.238338
vt 0.344972 0.209452
vt 0.169497 0.216643
vt 0.251571 0.183223
vt 0.234985 0.186094
vt 0.227484 0.197009
vt 0.223971 0.188000
vt 0.211681 0.190128
vt 0.198561 0.192400
vt 0.171564 0.206682
vt 0.186010 0.194571
vt 0.173269 0.196762
vt 0.171449 0.204113
vt 0.161701 0.198592
vt 0.255901 0.178071
vt 0.251752 0.178782
vt 0.243430 0.180228
vt 0.239171 0.180961
vt 0.230849 0.182406
vt 0.226732 0.183113
vt 0.218411 0.184559
vt 0.201697 0.187448
vt 0.205830 0.186737
vt 0.214151 0.185291
vt 0.189271 0.189599
vt 0.193378 0.188893
vt 0.176761 0.191760
vt 0.180969 0.191039
vt 0.164457 0.193761
vt 0.168501 0.193128
vt 0.151847 0.195700
vt 0.156148 0.195052
vt 0.143490 0.196971
vt 0.281152 0.418820
vt 0.281865 0.422422
vt 0.196255 0.437245
vt 0.031585 0.204561
vt 0.098188 0.173013
vt 0.017880 0.177837
vt 0.012288 0.164287
vt 0.359296 0.731164
vt 0.367073 0.723596
vt 0.367992 0.729521
vt 0.357383 0.711580
vt 0.371646 0.708794
vt 0.378219 0.721455
vt 0.385958 0.705941
vt 0.379831 0.731843
vt 0.421368 0.738015
vt 0.404624 0.728972
vt 0.419132 0.725909
vt 0.436112 0.734821
vt 0.433907 0.722696
vt 0.431610 0.709859
vt 0.415004 0.699844
vt 0.429701 0.696675
vt 0.416941 0.712979
vt 0.400326 0.703023
vt 0.402521 0.716021
vt 0.168656 0.222665
vt 0.175017 0.221481
vt 0.126288 0.190359
vt 0.486121 0.833896
vt 0.546723 0.821403
vt 0.002916 0.030758
vt 0.001953 0.033136
vt 0.007612 0.021733
vt 0.011286 0.016887
vt 0.369046 0.787870
vt 0.367644 0.781554
vt 0.353511 0.712386
vt 0.349839 0.716759
vt 0.022431 0.686247
vt 0.020611 0.684467
vt 0.044001 0.235471
vt 0.115130 0.224831
vt 0.030265 0.692446
vt 0.405893 0.847731
vt 0.436418 0.906286
vt 0.435465 0.906932
vt 0.046533 0.240709
vt 0.035291 0.695211
vt 0.472257 0.201468
vt 0.442862 0.152914
vt 0.437611 0.127436
vt 0.463473 0.721530
vt 0.457225 0.730134
vt 0.455473 0.721178
vt 0.448858 0.732025
vt 0.446817 0.721312
vt 0.441378 0.733682
vt 0.439150 0.721789
vt 0.443255 0.699555
vt 0.437133 0.709762
vt 0.435269 0.697622
vt 0.444968 0.710481
vt 0.452266 0.703087
vt 0.453881 0.712129
vt 0.460890 0.707735
vt 0.462208 0.714621
vt 0.467453 0.722107
vt 0.464790 0.728391
vt 0.466435 0.716654
vt 0.465635 0.711099
vt 0.406815 0.741086
vt 0.382522 0.746113
vt 0.477282 0.178029
vt 0.477921 0.172684
vt 0.479926 0.157742
vt 0.481265 0.142937
vt 0.482581 0.118167
vt 0.474243 0.193966
vt 0.476013 0.185579
vt 0.176126 0.227081
vt 0.323564 0.175042
vt 0.323153 0.179119
vt 0.349202 0.205008
vt 0.349824 0.208611
vt 0.351778 0.219885
vt 0.328735 0.166877
vt 0.333767 0.161038
vt 0.036317 0.386387
vt 0.030672 0.353676
vt 0.038230 0.351963
vt 0.358170 0.198390
vt 0.358996 0.203210
vt 0.341223 0.800706
vt 0.116227 0.868971
vt 0.111888 0.847987
vt 0.150125 0.759610
vt 0.065515 0.857543
vt 0.066002 0.879323
vt 0.061658 0.858340
vt 0.069827 0.856654
vt 0.069855 0.878527
vt 0.074067 0.855780
vt 0.074167 0.877638
vt 0.077801 0.855011
vt 0.078407 0.876764
vt 0.083712 0.853793
vt 0.082141 0.875994
vt 0.088816 0.852741
vt 0.088052 0.874776
vt 0.093156 0.873725
vt 0.405225 0.542380
vt 0.241277 0.587108
vt 0.230333 0.577771
vt 0.028432 0.630180
vt 0.026186 0.619083
vt 0.018928 0.619136
vt 0.020115 0.632165
vt 0.417848 0.145273
vt 0.415222 0.132537
vt 0.424615 0.140321
vt 0.412298 0.552500
vt 0.410041 0.541405
vt 0.519325 0.228474
vt 0.522022 0.226796
vt 0.227926 0.566071
vt 0.226165 0.557529
vt 0.376771 0.444999
vt 0.204261 0.491949
vt 0.202010 0.481028
vt 0.236197 0.596228
vt 0.412138 0.565939
vt 0.237385 0.601986
vt 0.342039 0.153890
vt 0.402687 0.530035
vt 0.379022 0.455921
vt 0.410950 0.560181
vt 0.009095 0.370422
vt 0.016805 0.357378
vt 0.017267 0.377701
vt 0.524718 0.224525
vt 0.516100 0.229870
vt 0.526921 0.221774
vt 0.528637 0.218799
vt 0.529996 0.215098
vt 0.025661 0.528769
vt 0.023410 0.517847
vt 0.547488 0.628716
vt 0.025275 0.533469
vt 0.027527 0.544390
vt 0.509719 0.461087
vt 0.545924 0.336574
vt 0.564336 0.335307
vt 0.530725 0.208014
vt 0.530460 0.204228
vt 0.842266 0.352689
vt 0.903015 0.595625
vt 0.894183 0.597635
vt 0.735885 0.418658
vt 0.787714 0.619487
vt 0.778854 0.621368
vt 0.930914 0.596204
vt 0.886568 0.343300
vt 0.940482 0.597667
vt 0.921051 0.593353
vt 0.877708 0.345178
vt 0.762519 0.369592
vt 0.823154 0.611966
vt 0.814294 0.613846
vt 0.949087 0.594582
vt 0.789101 0.363957
vt 0.849734 0.606325
vt 0.840874 0.608199
vt 0.805434 0.615726
vt 0.913097 0.381098
vt 0.958227 0.594023
vt 0.771380 0.367714
vt 0.832015 0.610085
vt 0.867577 0.603148
vt 0.824544 0.356445
vt 0.876442 0.601296
vt 0.735938 0.375226
vt 0.796574 0.617607
vt 0.780241 0.365835
vt 0.728867 0.420146
vt 0.772057 0.623894
vt 0.858594 0.604448
vt 0.815683 0.358323
vt 0.859987 0.348934
vt 0.911906 0.593890
vt 0.753659 0.371470
vt 0.885276 0.599291
vt 0.868847 0.347056
vt 0.797962 0.362079
vt 0.814098 0.787223
vt 0.807081 0.788716
vt 0.840676 0.781573
vt 0.822957 0.785340
vt 0.831816 0.783457
vt 0.849535 0.779690
vt 0.836846 0.632829
vt 0.858395 0.777807
vt 0.139955 0.250030
vt 0.142318 0.259970
vt 0.211674 0.868109
vt 0.250765 0.861910
vt 0.556260 0.001953
vt 0.545197 0.021323
vt 0.544306 0.809734
vt 0.688746 0.523910
vt 0.023465 0.284325
vt 0.019281 0.277914
vt 0.040764 0.241074
vt 0.350620 0.737627
vt 0.367026 0.734236
vt 0.363389 0.748556
vt 0.349999 0.734614
vt 0.328752 0.755695
vt 0.367695 0.814286
vt 0.377522 0.804305
vt 0.370833 0.816392
vt 0.347878 0.798511
vt 0.358258 0.786902
vt 0.350574 0.800785
vt 0.361330 0.810022
vt 0.371271 0.800014
vt 0.364543 0.812171
vt 0.355840 0.805341
vt 0.365914 0.795148
vt 0.358885 0.807848
vt 0.368235 0.797546
vt 0.342491 0.794545
vt 0.353288 0.782259
vt 0.345378 0.796550
vt 0.374329 0.802299
vt 0.360721 0.789582
vt 0.353247 0.803086
vt 0.355702 0.784373
vt 0.363126 0.792175
vt 0.339785 0.792878
vt 0.350510 0.780056
vt 0.218843 0.707585
vt 0.347882 0.778249
vt 0.863930 0.604105
vt 0.860289 0.605249
vt 0.856719 0.606846
vt 0.844773 0.630315
vt 0.844531 0.627143
vt 0.844744 0.623612
vt 0.845380 0.620474
vt 0.846615 0.617107
vt 0.848499 0.614000
vt 0.850760 0.611259
vt 0.853863 0.608583
vt 0.875621 0.774144
vt 0.867254 0.775923
vt 0.381179 0.821007
vt 0.385840 0.807893
vt 0.392249 0.823908
vt 0.394698 0.809789
vt 0.403664 0.824391
vt 0.403758 0.809922
vt 0.414930 0.822540
vt 0.412668 0.808286
vt 0.423913 0.819573
vt 0.421089 0.804944
vt 0.432356 0.815267
vt 0.428766 0.799944
vt 0.438940 0.810731
vt 0.436006 0.792665
vt 0.443377 0.807159
vt 0.011112 0.515719
vt 0.017742 0.523542
vt 0.012943 0.524591
vt 0.005617 0.489104
vt 0.012241 0.496986
vt 0.007448 0.497976
vt 0.939415 0.628008
vt 0.912224 0.628604
vt 0.936414 0.613464
vt 0.009280 0.506847
vt 0.015905 0.514729
vt 0.003785 0.480233
vt 0.010409 0.488115
vt 0.001953 0.471361
vt 0.008578 0.479243
vt 0.014073 0.505858
vt 0.083309 0.758475
vt 0.087763 0.750588
vt 0.114374 0.751205
vt 0.080061 0.785104
vt 0.132658 0.795410
vt 0.080479 0.767080
vt 0.082489 0.793831
vt 0.086573 0.801917
vt 0.132458 0.803640
vt 0.015014 0.470344
vt 0.023672 0.472807
vt 0.018221 0.486124
vt 0.894725 0.622053
vt 0.910217 0.618877
vt 0.021768 0.487010
vt 0.032690 0.473657
vt 0.033197 0.487566
vt 0.041700 0.472732
vt 0.044452 0.486271
vt 0.055319 0.483070
vt 0.050357 0.470067
vt 0.065625 0.478096
vt 0.058328 0.465764
vt 0.069095 0.475296
vt 0.065307 0.459988
vt 0.001953 0.359441
vt 0.009294 0.358500
vt 0.325953 0.170992
vt 0.024444 0.355331
vt 0.027969 0.384437
vt 0.023579 0.382117
vt 0.325101 0.183771
vt 0.328321 0.187108
vt 0.040753 0.384010
vt 0.043771 0.380498
vt 0.046989 0.373603
vt 0.351832 0.196624
vt 0.049036 0.366609
vt 0.050923 0.356213
vt 0.046403 0.350639
vt 0.052246 0.349766
vt 0.274800 0.171118
vt 0.681584 0.538909
vt 0.681307 0.532229
vt 0.706354 0.564045
vt 0.688627 0.567703
vt 0.686270 0.561619
vt 0.623697 0.550852
vt 0.621563 0.551292
vt 0.620229 0.544831
vt 0.628645 0.573508
vt 0.627554 0.580331
vt 0.071844 0.454039
vt 0.062668 0.432254
vt 0.067162 0.431328
vt 0.067350 0.454966
vt 0.057023 0.433418
vt 0.061705 0.456129
vt 0.052548 0.434341
vt 0.057230 0.457052
vt 0.047524 0.435376
vt 0.052206 0.458088
vt 0.040536 0.436817
vt 0.045218 0.459528
vt 0.032155 0.438545
vt 0.036837 0.461256
vt 0.023352 0.440360
vt 0.028034 0.463071
vt 0.016318 0.441810
vt 0.021000 0.464521
vt 0.012455 0.442606
vt 0.953497 0.391859
vt 0.986622 0.424567
vt 0.961316 0.429785
vt 0.421273 0.585881
vt 0.017137 0.465317
vt 0.007817 0.443562
vt 0.010367 0.466713
vt 0.005685 0.444002
vt 0.626248 0.574003
vt 0.837223 0.001953
vt 0.835176 0.002698
vt 0.834825 0.002449
vt 0.012215 0.052246
vt 0.014348 0.051808
vt 0.014387 0.052121
vt 0.068325 0.042367
vt 0.054331 0.048858
vt 0.781719 0.015072
vt 0.797156 0.015503
vt 0.032227 0.386412
vt 0.532279 0.659435
vt 0.519785 0.652361
vt 0.529173 0.652718
vt 0.997852 0.456657
vt 0.953118 0.470661
vt 0.950698 0.466408
vt 0.200145 0.728142
vt 0.206600 0.728431
vt 0.184115 0.746192
vt 0.181980 0.735833
vt 0.185908 0.730178
vt 0.193017 0.728926
vt 0.212462 0.729629
vt 0.178463 0.731621
vt 0.106158 0.734973
vt 0.087639 0.728147
vt 0.131255 0.719156
vt 0.517774 0.656892
vt 0.529739 0.663654
vt 0.514787 0.663096
vt 0.522806 0.675224
vt 0.511367 0.668776
vt 0.517883 0.683367
vt 0.506444 0.676919
vt 0.512214 0.692742
vt 0.500775 0.686293
vt 0.461575 0.776471
vt 0.450137 0.770023
vt 0.456260 0.785261
vt 0.444821 0.778813
vt 0.451595 0.793001
vt 0.440156 0.786553
vt 0.448789 0.797701
vt 0.521385 0.648023
vt 0.526705 0.645536
vt 0.965136 0.592021
vt 0.961682 0.593022
vt 0.982374 0.751213
vt 0.944409 0.616144
vt 0.936286 0.601270
vt 0.940795 0.609100
vt 0.963174 0.747710
vt 0.968800 0.754076
vt 0.964776 0.755056
vt 0.943497 0.619010
vt 0.965398 0.714905
vt 0.963834 0.714715
vt 0.966063 0.725438
vt 0.967623 0.725377
vt 0.967054 0.734900
vt 0.970371 0.738319
vt 0.973519 0.753065
vt 0.966094 0.741463
vt 0.956701 0.754803
vt 0.960922 0.755916
vt 0.956994 0.757662
vt 0.952798 0.756648
vt 0.952924 0.759355
vt 0.960192 0.751701
vt 0.994810 0.748903
vt 0.524630 0.637904
vt 0.522754 0.643906
vt 0.946800 0.758381
vt 0.946400 0.762006
vt 0.941696 0.762300
vt 0.959985 0.760381
vt 0.935641 0.774828
vt 0.919841 0.775458
vt 0.927320 0.769193
vt 0.921672 0.770925
vt 0.960736 0.769335
vt 0.962364 0.773772
vt 0.959658 0.764875
vt 0.935103 0.766372
vt 0.116649 0.753377
vt 0.146169 0.750040
vt 0.147407 0.746707
vt 0.148072 0.743039
vt 0.147848 0.738202
vt 0.150622 0.738161
vt 0.138537 0.757169
vt 0.141402 0.755470
vt 0.144255 0.752938
vt 0.141201 0.451731
vt 0.136569 0.452680
vt 0.135964 0.437669
vt 0.138103 0.437209
vt 0.078927 0.449395
vt 0.086047 0.463412
vt 0.081824 0.463937
vt 0.398621 0.556400
vt 0.412834 0.555223
vt 0.241625 0.014094
vt 0.240253 0.008365
vt 0.245086 0.008488
vt 0.262481 0.003750
vt 0.265605 0.001953
vt 0.263962 0.005883
vt 0.261831 0.009004
vt 0.258514 0.012057
vt 0.254017 0.006976
vt 0.254786 0.014080
vt 0.250199 0.015233
vt 0.245794 0.015182
vt 0.237494 0.011780
vt 0.236107 0.008039
vt 0.138483 0.424122
vt 0.141183 0.436539
vt 0.094171 0.461769
vt 0.084226 0.435360
vt 0.088643 0.434467
vt 0.107285 0.459113
vt 0.097434 0.432690
vt 0.101750 0.431816
vt 0.167010 0.430841
vt 0.167972 0.417607
vt 0.170735 0.430010
vt 0.092800 0.433627
vt 0.098329 0.460928
vt 0.105970 0.430962
vt 0.111509 0.458255
vt 0.171359 0.416851
vt 0.174126 0.429253
vt 0.110609 0.430023
vt 0.116152 0.457311
vt 0.174828 0.416075
vt 0.177598 0.428477
vt 0.141442 0.423477
vt 0.144154 0.435889
vt 0.132079 0.453636
vt 0.128550 0.426266
vt 0.178464 0.415262
vt 0.181236 0.427663
vt 0.144034 0.422910
vt 0.146756 0.435318
vt 0.127688 0.454754
vt 0.123870 0.427266
vt 0.135416 0.424786
vt 0.185962 0.426605
vt 0.183200 0.414201
vt 0.133284 0.425246
vt 0.074718 0.437275
vt 0.077185 0.449715
vt 0.080523 0.436108
vt 0.163756 0.431566
vt 0.123207 0.455888
vt 0.119570 0.428180
vt 0.089752 0.462663
vt 0.102967 0.459988
vt 0.164252 0.418435
vt 0.079113 0.463822
vt 0.641683 0.505553
vt 0.463627 0.530559
vt 0.401840 0.055567
vt 0.462920 0.042974
vt 0.434731 0.059828
vt 0.118797 0.755521
vt 0.121146 0.756766
vt 0.353457 0.147478
vt 0.366449 0.134943
vt 0.360727 0.138288
vt 0.356022 0.143276
vt 0.375592 0.132317
vt 0.386373 0.130396
vt 0.427599 0.396631
vt 0.426947 0.393018
vt 0.501895 0.113820
vt 0.492953 0.112522
vt 0.482747 0.113678
vt 0.506839 0.116167
vt 0.496988 0.191350
vt 0.501676 0.197227
vt 0.496046 0.195702
vt 0.494599 0.199622
vt 0.499641 0.203206
vt 0.492332 0.203762
vt 0.496013 0.209156
vt 0.489282 0.207723
vt 0.491389 0.214362
vt 0.485359 0.211343
vt 0.486417 0.218185
vt 0.481198 0.214051
vt 0.480994 0.221200
vt 0.477558 0.215725
vt 0.474243 0.223274
vt 0.472922 0.217009
vt 0.469468 0.217613
vt 0.467229 0.224103
vt 0.464155 0.217644
vt 0.461049 0.223534
vt 0.459255 0.216847
vt 0.454958 0.222043
vt 0.454205 0.215119
vt 0.448625 0.219147
vt 0.449815 0.212727
vt 0.442904 0.215169
vt 0.446069 0.209854
vt 0.438628 0.210521
vt 0.443163 0.206852
vt 0.440544 0.203250
vt 0.435187 0.205627
vt 0.503108 0.184904
vt 0.496483 0.179005
vt 0.502293 0.177780
vt 0.495199 0.171901
vt 0.501008 0.170676
vt 0.493723 0.164463
vt 0.499532 0.163238
vt 0.497299 0.186129
vt 0.502849 0.191360
vt 0.491661 0.154621
vt 0.490647 0.148838
vt 0.497643 0.153360
vt 0.496775 0.147545
vt 0.486208 0.127335
vt 0.438152 0.198600
vt 0.432343 0.199825
vt 0.436022 0.191753
vt 0.430213 0.192978
vt 0.434329 0.184736
vt 0.428520 0.185960
vt 0.432677 0.177334
vt 0.426868 0.178559
vt 0.430590 0.167498
vt 0.424608 0.168759
vt 0.429183 0.161797
vt 0.920115 0.379612
vt 0.918293 0.371271
vt 0.726860 0.411846
vt 0.361705 0.706079
vt 0.359257 0.672147
vt 0.366066 0.705180
vt 0.435106 0.690947
vt 0.433418 0.656858
vt 0.440228 0.689891
vt 0.904289 0.339544
vt 0.911257 0.338067
vt 0.727078 0.377104
vt 0.477348 0.682238
vt 0.492043 0.644772
vt 0.498853 0.677805
vt 0.715140 0.414106
vt 0.719822 0.378641
vt 0.335062 0.711571
vt 0.335680 0.677007
vt 0.342489 0.710040
vt 0.447251 0.688443
vt 0.447512 0.653952
vt 0.454322 0.686985
vt 0.342750 0.675549
vt 0.349560 0.708582
vt 0.440441 0.655410
vt 0.349773 0.674102
vt 0.356583 0.707134
vt 0.354895 0.673046
vt 0.325213 0.713601
vt 0.328252 0.678538
vt 0.417132 0.694652
vt 0.415219 0.660610
vt 0.422029 0.693643
vt 0.461749 0.685454
vt 0.464788 0.650391
vt 0.471597 0.683424
vt 0.319463 0.714787
vt 0.318404 0.680569
vt 0.430745 0.691846
vt 0.428296 0.657914
vt 0.470539 0.649206
vt 0.297958 0.719220
vt 0.312653 0.681754
vt 0.394972 0.699220
vt 0.391596 0.665480
vt 0.398406 0.698513
vt 0.426652 0.692690
vt 0.423935 0.658813
vt 0.419842 0.659657
vt 0.403118 0.697541
vt 0.400232 0.663699
vt 0.407042 0.696732
vt 0.411905 0.695730
vt 0.410323 0.661619
vt 0.405095 0.662697
vt 0.396308 0.664508
vt 0.895429 0.341423
vt 0.363349 0.671303
vt 0.370159 0.704336
vt 0.374782 0.703383
vt 0.372869 0.669340
vt 0.379679 0.702373
vt 0.367972 0.670350
vt 0.454940 0.652421
vt 0.930179 0.368529
vt 0.923188 0.335539
vt 0.389769 0.700293
vt 0.388162 0.666188
vt 0.378096 0.668263
vt 0.384906 0.701296
vt 0.382959 0.667260
vt 0.133490 0.289956
vt 0.144677 0.287650
vt 0.652625 0.559499
vt 0.644711 0.551135
vt 0.655361 0.560418
vt 0.170994 0.295644
vt 0.166849 0.283078
vt 0.168340 0.282771
vt 0.178688 0.280638
vt 0.182270 0.293319
vt 0.168130 0.296234
vt 0.165476 0.283362
vt 0.169503 0.295951
vt 0.477191 0.417579
vt 0.160646 0.250192
vt 0.163262 0.262877
vt 0.143224 0.001953
vt 0.156186 0.256117
vt 0.156688 0.251008
vt 0.158949 0.263766
vt 0.175039 0.252232
vt 0.134843 0.003679
vt 0.128826 0.004918
vt 0.983299 0.773935
vt 0.975366 0.787482
vt 0.972965 0.776118
vt 0.927376 0.785404
vt 0.937452 0.783358
vt 0.972126 0.788167
vt 0.968279 0.777098
vt 0.970425 0.776655
vt 0.994507 0.771566
vt 0.986109 0.785212
vt 0.970487 0.788502
vt 0.961370 0.778502
vt 0.964049 0.777958
vt 0.997355 0.429560
vt 0.972309 0.455393
vt 0.968403 0.458131
vt 0.961828 0.456638
vt 0.953989 0.448949
vt 0.970351 0.457300
vt 0.966334 0.458456
vt 0.964665 0.458347
vt 0.861817 0.339174
vt 0.853523 0.340779
vt 0.041663 0.093374
vt 0.042703 0.104123
vt 0.040535 0.093607
vt 0.003081 0.101328
vt 0.004121 0.112077
vt 0.001953 0.101560
vt 0.023976 0.107984
vt 0.021808 0.097467
vt 0.005249 0.111844
vt 0.470404 0.205360
vt 0.462929 0.206901
vt 0.459633 0.196617
vt 0.461801 0.207133
vt 0.016556 0.273271
vt 0.008740 0.260379
vt 0.001953 0.249074
vt 0.043041 0.251837
vt 0.042812 0.287908
vt 0.043979 0.298644
vt 0.036511 0.300218
vt 0.033257 0.297391
vt 0.028438 0.291307
vt 0.045104 0.298398
vt 0.998030 0.424802
vt 0.987255 0.427023
vt 0.530949 0.820039
vt 0.251161 0.864412
vt 0.460761 0.196384
vt 0.353043 0.609160
vt 0.075696 0.668499
vt 0.269017 0.600101
vt 0.990158 0.049848
vt 0.980551 0.004950
vt 0.995088 0.001953
vt 0.202524 0.716560
vt 0.210126 0.702744
vt 0.119898 0.457465
vt 0.120079 0.455770
vt 0.116332 0.428919
vt 0.114282 0.429611
vt 0.072340 0.652209
vt 0.070054 0.641120
vt 0.330097 0.587509
vt 0.347825 0.583854
vt 0.289493 0.417349
vt 0.277672 0.403507
vt 0.339529 0.408493
vt 0.331209 0.409965
vt 0.424173 0.377580
vt 0.351953 0.406294
vt 0.418609 0.394498
vt 0.419335 0.398097
vt 0.415188 0.398831
vt 0.414459 0.395232
vt 0.294414 0.420206
vt 0.290221 0.420947
vt 0.293689 0.416606
vt 0.406133 0.396706
vt 0.406860 0.400305
vt 0.402715 0.401039
vt 0.401988 0.397439
vt 0.393666 0.398912
vt 0.394394 0.402511
vt 0.390137 0.403264
vt 0.389410 0.399665
vt 0.302016 0.415132
vt 0.307029 0.417973
vt 0.302744 0.418732
vt 0.306301 0.414374
vt 0.381090 0.401137
vt 0.381818 0.404736
vt 0.377706 0.405464
vt 0.376978 0.401865
vt 0.319402 0.415782
vt 0.315351 0.416500
vt 0.318674 0.412184
vt 0.314623 0.412901
vt 0.368659 0.403337
vt 0.369386 0.406936
vt 0.365130 0.407690
vt 0.364403 0.404090
vt 0.356084 0.405563
vt 0.356812 0.409162
vt 0.352680 0.409893
vt 0.331937 0.413564
vt 0.327722 0.414310
vt 0.326995 0.410711
vt 0.343634 0.407766
vt 0.344362 0.411365
vt 0.340256 0.412092
vt 0.837020 0.343973
vt 0.920447 0.319644
vt 0.911714 0.329493
vt 0.791255 0.352832
vt 0.787121 0.353632
vt 0.923127 0.330979
vt 0.912340 0.333111
vt 0.774672 0.356041
vt 0.799553 0.351225
vt 0.778814 0.355239
vt 0.779423 0.358859
vt 0.775288 0.359662
vt 0.903404 0.331120
vt 0.904017 0.334739
vt 0.899221 0.331933
vt 0.899839 0.335553
vt 0.791866 0.356451
vt 0.787735 0.357253
vt 0.890920 0.333541
vt 0.891531 0.337161
vt 0.886647 0.334369
vt 0.887260 0.337990
vt 0.804408 0.354023
vt 0.800165 0.354846
vt 0.803796 0.350404
vt 0.812092 0.348798
vt 0.816190 0.348005
vt 0.816802 0.351625
vt 0.812703 0.352419
vt 0.824484 0.346399
vt 0.878351 0.335974
vt 0.878963 0.339594
vt 0.874313 0.336756
vt 0.874924 0.340377
vt 0.829338 0.349198
vt 0.825095 0.350020
vt 0.828726 0.345578
vt 0.841138 0.343176
vt 0.841749 0.346797
vt 0.837631 0.347594
vt 0.849431 0.341571
vt 0.866018 0.338361
vt 0.866629 0.341981
vt 0.862428 0.342795
vt 0.854135 0.344399
vt 0.850042 0.345192
vt 0.235145 0.639920
vt 0.246167 0.650224
vt 0.237632 0.651983
vt 0.243680 0.638160
vt 0.254932 0.648417
vt 0.206786 0.645766
vt 0.219522 0.655717
vt 0.209273 0.657830
vt 0.252446 0.636353
vt 0.263760 0.646597
vt 0.226152 0.641774
vt 0.228639 0.653837
vt 0.195743 0.648042
vt 0.198230 0.660106
vt 0.217035 0.643653
vt 0.261273 0.634534
vt 0.272620 0.644771
vt 0.184033 0.650456
vt 0.123850 0.675440
vt 0.139430 0.659651
vt 0.141917 0.671715
vt 0.163342 0.060495
vt 0.177541 0.068368
vt 0.165478 0.070855
vt 0.164329 0.667095
vt 0.161842 0.655031
vt 0.175467 0.664799
vt 0.172980 0.652735
vt 0.186520 0.662520
vt 0.967292 0.030633
vt 0.980964 0.035946
vt 0.968900 0.038433
vt 0.971369 0.050406
vt 0.984756 0.054340
vt 0.972692 0.056827
vt 0.970102 0.044263
vt 0.983433 0.047919
vt 0.982166 0.041776
vt 0.879639 0.663419
vt 0.893496 0.666361
vt 0.881742 0.670022
vt 0.896453 0.730328
vt 0.909727 0.735257
vt 0.897555 0.737139
vt 0.883769 0.676641
vt 0.897553 0.679905
vt 0.885712 0.683276
vt 0.892499 0.710027
vt 0.905995 0.714316
vt 0.893928 0.716771
vt 0.890960 0.703306
vt 0.904524 0.707377
vt 0.899450 0.686726
vt 0.887562 0.689931
vt 0.875251 0.650247
vt 0.889149 0.652941
vt 0.877471 0.656828
vt 0.895566 0.673117
vt 0.901248 0.693580
vt 0.889314 0.696607
vt 0.910753 0.742266
vt 0.898553 0.743970
vt 0.907351 0.721278
vt 0.895245 0.723538
vt 0.902941 0.700464
vt 0.911681 0.749283
vt 0.899451 0.750821
vt 0.912525 0.756307
vt 0.900245 0.757688
vt 0.891355 0.659636
vt 0.908594 0.728260
vt 0.867235 0.824425
vt 0.855728 0.797406
vt 0.860409 0.793729
vt 0.866879 0.782750
vt 0.877239 0.780615
vt 0.864200 0.788733
vt 0.885379 0.797168
vt 0.895419 0.817730
vt 0.873941 0.826408
vt 0.900153 0.828070
vt 0.885569 0.834062
vt 0.880132 0.829662
vt 0.860269 0.823788
vt 0.853314 0.824522
vt 0.848334 0.800363
vt 0.895557 0.866180
vt 0.907763 0.871489
vt 0.893574 0.872887
vt 0.904499 0.880206
vt 0.899778 0.888081
vt 0.890320 0.879078
vt 0.893968 0.894575
vt 0.885920 0.884515
vt 0.886958 0.900139
vt 0.880545 0.888990
vt 0.878967 0.904306
vt 0.874400 0.892329
vt 0.870292 0.906873
vt 0.867722 0.894406
vt 0.909213 0.861126
vt 0.896194 0.859215
vt 0.904471 0.838496
vt 0.908016 0.849914
vt 0.893384 0.845582
vt 0.895460 0.852260
vt 0.890044 0.839437
vt 0.299074 0.639317
vt 0.305122 0.625494
vt 0.307609 0.637558
vt 0.290308 0.641124
vt 0.296587 0.627253
vt 0.325719 0.633824
vt 0.333481 0.619648
vt 0.335968 0.631712
vt 0.281481 0.642944
vt 0.287821 0.629061
vt 0.314115 0.623640
vt 0.316602 0.635704
vt 0.344524 0.617371
vt 0.347011 0.629435
vt 0.323232 0.621761
vt 0.278994 0.630880
vt 0.358721 0.627021
vt 0.400837 0.605762
vt 0.421391 0.614102
vt 0.403324 0.617826
vt 0.074988 0.056407
vt 0.084915 0.043560
vt 0.087051 0.053920
vt 0.380912 0.622446
vt 0.369774 0.624743
vt 0.378425 0.610383
vt 0.356234 0.614957
vt 0.977749 0.020347
vt 0.965685 0.022834
vt 0.973957 0.001953
vt 0.963216 0.010861
vt 0.961893 0.004440
vt 0.975280 0.008374
vt 0.964483 0.017003
vt 0.976547 0.014516
vt 0.879890 0.626392
vt 0.870643 0.637116
vt 0.868294 0.630553
vt 0.914498 0.777384
vt 0.902757 0.785313
vt 0.902226 0.778384
vt 0.875115 0.613218
vt 0.865923 0.623990
vt 0.863536 0.617426
vt 0.915980 0.798424
vt 0.904117 0.806162
vt 0.903693 0.799203
vt 0.916811 0.812425
vt 0.904510 0.813128
vt 0.872717 0.606645
vt 0.861141 0.610859
vt 0.884590 0.639624
vt 0.872964 0.643681
vt 0.877508 0.619800
vt 0.917196 0.819418
vt 0.905280 0.827082
vt 0.904900 0.820101
vt 0.913905 0.770363
vt 0.901640 0.771468
vt 0.915527 0.791416
vt 0.903243 0.792253
vt 0.913247 0.763337
vt 0.900988 0.764567
vt 0.882254 0.632999
vt 0.915036 0.784402
vt 0.840491 0.829938
vt 0.834620 0.799046
vt 0.840373 0.800572
vt 0.824335 0.791521
vt 0.829162 0.795956
vt 0.813975 0.793657
vt 0.813046 0.812080
vt 0.835116 0.834412
vt 0.811957 0.834937
vt 0.827463 0.846041
vt 0.811698 0.846306
vt 0.830716 0.839849
vt 0.846636 0.826598
vt 0.830992 0.879491
vt 0.835467 0.884866
vt 0.821881 0.889194
vt 0.828327 0.895909
vt 0.840904 0.889265
vt 0.835778 0.901275
vt 0.847095 0.892519
vt 0.843683 0.904941
vt 0.853801 0.894503
vt 0.852321 0.907280
vt 0.860766 0.895140
vt 0.861309 0.907946
vt 0.816451 0.880249
vt 0.827652 0.873345
vt 0.811856 0.857589
vt 0.824842 0.859712
vt 0.813116 0.869479
vt 0.825576 0.866667
vt 0.825478 0.852747
vt 0.118048 0.733713
vt 0.129331 0.733555
vt 0.233351 0.744982
vt 0.236342 0.750419
vt 0.163556 0.734903
vt 0.140700 0.733814
vt 0.153209 0.730800
vt 0.161441 0.733007
vt 0.168509 0.733141
vt 0.145174 0.727372
vt 0.175274 0.770191
vt 0.186904 0.786057
vt 0.178230 0.777586
vt 0.220563 0.796157
vt 0.192887 0.788736
vt 0.225473 0.792737
vt 0.214748 0.798975
vt 0.207892 0.801074
vt 0.195022 0.799096
vt 0.200867 0.802736
vt 0.193458 0.804355
vt 0.183715 0.806896
vt 0.177275 0.809814
vt 0.178469 0.807236
vt 0.170587 0.815097
vt 0.111413 0.843466
vt 0.114511 0.831070
vt 0.125722 0.829873
vt 0.147567 0.822010
vt 0.155029 0.834475
vt 0.137141 0.826328
vt 0.136635 0.722405
vt 0.095387 0.738308
vt 0.164564 0.821424
vt 0.158685 0.829362
vt 0.157907 0.817276
vt 0.072684 0.824624
vt 0.081062 0.815824
vt 0.087556 0.821634
vt 0.065621 0.815644
vt 0.060618 0.805352
vt 0.075497 0.808815
vt 0.057387 0.794494
vt 0.071331 0.800823
vt 0.068763 0.792149
vt 0.081425 0.831969
vt 0.100623 0.841096
vt 0.090920 0.837518
vt 0.104148 0.829620
vt 0.095431 0.826355
vt 0.105995 0.842892
vt 0.070695 0.765539
vt 0.059521 0.760771
vt 0.074362 0.757635
vt 0.056061 0.783243
vt 0.056585 0.771812
vt 0.068357 0.774178
vt 0.064643 0.750567
vt 0.071169 0.741716
vt 0.079727 0.750184
vt 0.078667 0.734592
vt 0.086443 0.743738
vt 0.082890 0.730817
vt 0.067690 0.783166
vt 0.430575 0.631567
vt 0.429388 0.625809
vt 0.609434 0.377582
vt 0.610501 0.382367
vt 0.604660 0.372015
vt 0.635480 0.366144
vt 0.351334 0.527101
vt 0.399045 0.492805
vt 0.511480 0.469630
vt 0.397284 0.484263
vt 0.627370 0.379161
vt 0.626570 0.374322
vt 0.620790 0.375424
vt 0.613132 0.390063
vt 0.508340 0.411126
vt 0.616585 0.376225
vt 0.375659 0.179380
vt 0.351785 0.154360
vt 0.369738 0.150659
vt 0.993722 0.360231
vt 0.969965 0.383845
vt 0.966264 0.365892
vt 0.962297 0.385426
vt 0.958596 0.367472
vt 0.956708 0.386577
vt 0.953007 0.368625
vt 0.950376 0.387883
vt 0.946675 0.369930
vt 0.945254 0.388939
vt 0.941553 0.370986
vt 0.940258 0.389969
vt 0.936557 0.372016
vt 0.935220 0.391007
vt 0.931519 0.373054
vt 0.930144 0.392054
vt 0.926443 0.374101
vt 0.424589 0.221653
vt 0.420179 0.226381
vt 0.415159 0.229094
vt 0.003016 0.660231
vt 0.001953 0.655159
vt 0.023439 0.675714
vt 0.758058 0.832282
vt 0.731271 0.702553
vt 0.740072 0.693455
vt 0.710031 0.599832
vt 0.719875 0.597794
vt 0.702608 0.601368
vt 0.744766 0.684662
vt 0.725633 0.596606
vt 0.746866 0.690773
vt 0.741822 0.702583
vt 0.744632 0.647291
vt 0.755526 0.634124
vt 0.751211 0.660791
vt 0.754624 0.669298
vt 0.755514 0.677991
vt 0.752983 0.724046
vt 0.748954 0.702628
vt 0.756353 0.702795
vt 0.772535 0.701087
vt 0.775748 0.685584
vt 0.781104 0.702078
vt 0.764631 0.701802
vt 0.767886 0.685351
vt 0.756682 0.687416
vt 0.769656 0.669715
vt 0.763391 0.653425
vt 0.058325 0.342842
vt 0.998047 0.243501
vt 0.807561 0.822026
vt 0.637361 0.614856
vt 0.191329 0.457130
vt 0.133503 0.417972
vt 0.108504 0.402575
vt 0.122613 0.419460
vt 0.115538 0.410452
vt 0.047447 0.429742
vt 0.072228 0.426353
vt 0.100047 0.401341
vt 0.079969 0.419588
vt 0.085151 0.415165
vt 0.091026 0.409733
vt 0.097965 0.403113
vt 0.106358 0.401115
vt 0.721803 0.417370
vt 0.013531 0.586519
vt 0.175883 0.042534
vt 0.399913 0.637888
vt 0.544677 0.337139
vt 0.543944 0.338355
vt 0.422307 0.370532
vt 0.282773 0.394725
vt 0.437196 0.367951
vt 0.433225 0.366047
vt 0.542520 0.349687
vt 0.331906 0.506645
vt 0.436550 0.448684
vt 0.046732 0.731963
vt 0.245454 0.809638
vt 0.241705 0.808764
vt 0.249210 0.532051
vt 0.248235 0.528512
vt 0.265030 0.500054
vt 0.266005 0.503594
vt 0.824775 0.903206
vt 0.917132 0.845336
vt 0.913383 0.844461
vt 0.161494 0.939255
vt 0.157745 0.938379
vt 0.727738 0.902551
vt 0.310781 0.427782
vt 0.309806 0.424242
vt 0.304210 0.422792
vt 0.305185 0.426331
vt 0.130714 0.891371
vt 0.251985 0.933107
vt 0.248235 0.932232
vt 0.823844 0.922698
vt 0.820094 0.921822
vt 0.719359 0.903515
vt 0.264271 0.395220
vt 0.251482 0.397278
vt 0.239378 0.399599
vt 0.226438 0.401600
vt 0.214485 0.403971
vt 0.202321 0.406224
vt 0.190210 0.408480
vt 0.177676 0.410668
vt 0.164447 0.412479
vt 0.152048 0.414399
vt 0.140065 0.416305
vt 0.333126 0.636929
vt 0.334101 0.640469
vt 0.917132 0.928934
vt 0.913383 0.928059
vt 0.908718 0.882743
vt 0.298654 0.080358
vt 0.297678 0.076819
vt 0.823843 0.931060
vt 0.820094 0.930185
vt 0.545843 0.928733
vt 0.542094 0.927859
vt 0.140039 0.902088
vt 0.997364 0.885126
vt 0.908718 0.908020
vt 0.516943 0.219069
vt 0.517886 0.222616
vt 0.619514 0.426968
vt 0.620489 0.430507
vt 0.292087 0.077864
vt 0.293063 0.081404
vt 0.158696 0.923115
vt 0.154946 0.922240
vt 0.718429 0.891067
vt 0.332211 0.901935
vt 0.251984 0.924749
vt 0.248235 0.923874
vt 0.554219 0.503415
vt 0.555194 0.506954
vt 0.242657 0.899527
vt 0.917132 0.862061
vt 0.913383 0.861186
vt 0.642863 0.925553
vt 0.639114 0.924678
vt 0.060725 0.923057
vt 0.176401 0.518325
vt 0.177376 0.521864
vt 0.642850 0.485141
vt 0.643825 0.488680
vt 0.997563 0.316126
vt 0.973036 0.321023
vt 0.127751 0.272042
vt 0.495286 0.882447
vt 0.098720 0.013185
vt 0.405263 0.780405
vt 0.297030 0.732865
vt 0.285988 0.729931
vt 0.280886 0.727368
vt 0.493213 0.902861
vt 0.488010 0.904979
vt 0.475652 0.899733
vt 0.482707 0.906605
vt 0.477193 0.907209
vt 0.442321 0.840220
vt 0.455146 0.902425
vt 0.132111 0.308047
vt 0.071718 0.687701
vt 0.353651 0.582623
vt 0.592532 0.624115
vt 0.549083 0.633084
vt 0.998011 0.272041
vt 0.001953 0.137060
vt 0.254207 0.678545
vt 0.703432 0.377659
vt 0.843416 0.284912
vt 0.487053 0.630547
vt 0.231826 0.100774
vt 0.522038 0.155566
vt 0.526008 0.178058
vt 0.529959 0.200483
vt 0.415772 0.559186
vt 0.496771 0.501728
vt 0.730196 0.453592
vt 0.144685 0.484370
vt 0.147782 0.482083
vt 0.755296 0.925925
vt 0.754792 0.922289
vt 0.413860 0.937487
vt 0.413356 0.933851
vt 0.333710 0.855689
vt 0.307007 0.022816
vt 0.310105 0.020529
vt 0.270624 0.502634
vt 0.273722 0.500347
vt 0.309451 0.782142
vt 0.085963 0.840974
vt 0.086467 0.844611
vt 0.731521 0.913992
vt 0.732025 0.917629
vt 0.723074 0.898890
vt 0.161477 0.676040
vt 0.164574 0.673755
vt 0.159611 0.550520
vt 0.162708 0.548234
vt 0.333708 0.868328
vt 0.220862 0.102034
vt 0.208282 0.104259
vt 0.195717 0.106425
vt 0.183286 0.108574
vt 0.170758 0.110719
vt 0.158353 0.112846
vt 0.145957 0.114980
vt 0.133394 0.117172
vt 0.121684 0.118846
vt 0.109113 0.120776
vt 0.096477 0.122725
vt 0.541210 0.793134
vt 0.541714 0.796771
vt 0.338725 0.639501
vt 0.341822 0.637215
vt 0.332772 0.881163
vt 0.997394 0.902380
vt 0.997898 0.906017
vt 0.088764 0.536395
vt 0.085665 0.538681
vt 0.080698 0.541797
vt 0.154980 0.547742
vt 0.151882 0.550027
vt 0.126608 0.871450
vt 0.710598 0.846743
vt 0.997920 0.814394
vt 0.150330 0.917228
vt 0.150866 0.920860
vt 0.369547 0.821539
vt 0.370051 0.825176
vt 0.238951 0.913279
vt 0.239455 0.916916
vt 0.732456 0.466666
vt 0.729358 0.468952
vt 0.158678 0.904199
vt 0.628852 0.896891
vt 0.447873 0.466094
vt 0.450971 0.463807
vt 0.997380 0.852224
vt 0.997884 0.855860
vt 0.712459 0.858998
vt 0.625121 0.429553
vt 0.628219 0.427266
vt 0.359248 0.484364
vt 0.362346 0.482078
vt 0.453470 0.806604
vt 0.997379 0.835503
vt 0.997883 0.839139
vt 0.495500 0.908556
vt 0.496004 0.912193
vt 0.180030 0.249611
vt 0.189463 0.418774
vt 0.024702 0.191204
vt 0.340860 0.723823
vt 0.330569 0.728827
vt 0.425971 0.917769
vt 0.420355 0.917881
vt 0.435248 0.908063
vt 0.431486 0.917166
vt 0.436789 0.915539
vt 0.117367 0.230112
vt 0.468993 0.727436
vt 0.743495 0.516832
vt 0.345541 0.821721
vt 0.161444 0.759846
vt 0.546301 0.622958
vt 0.567042 0.336312
vt 0.574058 0.344212
vt 0.565714 0.335566
vt 0.851126 0.350812
vt 0.744798 0.373348
vt 0.806823 0.360201
vt 0.833405 0.354567
vt 0.559739 0.018341
vt 0.543864 0.806696
vt 0.687810 0.513735
vt 0.369075 0.744181
vt 0.355430 0.752881
vt 0.346781 0.755570
vt 0.337773 0.756520
vt 0.320066 0.753125
vt 0.312048 0.748910
vt 0.305141 0.743862
vt 0.913346 0.633387
vt 0.006746 0.470371
vt 0.896453 0.631858
vt 0.978975 0.386606
vt 0.428592 0.621355
vt 0.012499 0.466274
vt 0.072214 0.039935
vt 0.063275 0.045136
vt 0.059120 0.047032
vt 0.047496 0.050892
vt 0.039107 0.052555
vt 0.030160 0.053361
vt 0.022984 0.053249
vt 0.019060 0.052868
vt 0.777181 0.014374
vt 0.831174 0.005234
vt 0.827717 0.007137
vt 0.821163 0.010079
vt 0.812617 0.012878
vt 0.804245 0.014669
vt 0.792029 0.015719
vt 0.787459 0.015620
vt 0.958053 0.479326
vt 0.526226 0.669544
vt 0.991230 0.749313
vt 0.997524 0.749003
vt 0.076405 0.436936
vt 0.161003 0.419157
vt 0.685802 0.485589
vt 0.685504 0.489512
vt 0.682124 0.492334
vt 0.678608 0.494859
vt 0.675252 0.496670
vt 0.669665 0.498952
vt 0.664697 0.500526
vt 0.661882 0.001953
vt 0.664169 0.013042
vt 0.411590 0.064230
vt 0.406402 0.064730
vt 0.400368 0.064822
vt 0.396572 0.064473
vt 0.392347 0.063529
vt 0.388131 0.062259
vt 0.386302 0.058771
vt 0.708148 0.381115
vt 0.291148 0.686187
vt 0.135318 0.302999
vt 0.676796 0.544520
vt 0.675639 0.556732
vt 0.673717 0.558573
vt 0.674945 0.557970
vt 0.653975 0.560203
vt 0.154946 0.251362
vt 0.174280 0.247377
vt 0.928410 0.797045
vt 0.997726 0.782757
vt 0.043831 0.103891
vt 0.270133 0.632707
vt 0.121362 0.663376
vt 0.175405 0.058008
vt 0.979357 0.028146
vt 0.886883 0.646274
vt 0.418905 0.602038
vt 0.072852 0.046047
vt 0.367287 0.612679
vt 0.916402 0.805427
vt 0.917576 0.826404
vt 0.238385 0.757180
vt 0.175065 0.762231
vt 0.179680 0.751019
vt 0.176591 0.756477
vt 0.218431 0.731692
vt 0.224365 0.735346
vt 0.229550 0.739994
vt 0.239182 0.764198
vt 0.238586 0.770374
vt 0.237068 0.776459
vt 0.234143 0.782779
vt 0.230139 0.788482
vt 0.181908 0.782267
vt 0.357706 0.183081
vt 0.997423 0.378184
vt 0.407866 0.231944
vt 0.380571 0.238337
vt 0.362980 0.214875
vt 0.426763 0.201717
vt 0.427792 0.206796
vt 0.427907 0.211939
vt 0.426818 0.216922
vt 0.065740 0.642017
vt 0.031264 0.675448
vt 0.058863 0.670524
vt 0.017755 0.675208
vt 0.011835 0.672609
vt 0.007916 0.669146
vt 0.004946 0.665000
vt 0.744322 0.609835
vn -0.0000 -0.8147 -0.5798
vn 0.0000 -0.8146 -0.5800
vn -1.0000 0.0000 0.0000
vn -0.0000 -0.8263 -0.5633
vn -0.0000 -0.8148 -0.5798
vn 0.0002 -0.8378 -0.5460
vn 0.0000 -0.8336 -0.5524
vn -0.0000 -0.9178 -0.3970
vn 0.0020 -0.9979 -0.0643
vn 0.0000 -0.9970 -0.0769
vn -0.0014 -0.8823 -0.4708
vn -0.0039 -0.8268 -0.5625
vn -0.0599 -0.9981 -0.0112
vn 0.0000 -0.9406 -0.3394
vn 0.0000 -1.0000 0.0006
vn -0.0000 -0.8975 -0.4411
vn 0.0000 -0.9969 0.0789
vn 0.0004 -0.3344 -0.9424
vn -0.0000 -0.7880 -0.6157
vn -0.9997 0.0237 -0.0000
vn -0.9995 0.0310 -0.0000
vn -0.8078 0.5895 -0.0004
vn -0.8552 0.5183 0.0001
vn -0.7691 0.6391 -0.0000
vn -0.6789 0.7342 -0.0001
vn -0.5641 0.8257 -0.0000
vn -0.5069 0.8620 0.0000
vn -0.3149 0.9491 -0.0000
vn -0.1935 0.9811 -0.0000
vn -0.1402 0.9901 0.0000
vn -0.8690 0.4948 0.0002
vn -0.9050 0.4255 0.0003
vn -0.6665 0.7455 -0.0000
vn -0.3815 0.9244 -0.0000
vn 0.0003 1.0000 -0.0000
vn 0.0000 1.0000 0.0000
vn -0.9164 0.4002 0.0007
vn -0.9910 -0.1342 -0.0010
vn -0.9387 -0.3447 -0.0023
vn -0.9926 -0.1217 -0.0022
vn -0.9387 -0.3447 -0.0027
vn -0.8706 -0.4919 -0.0127
vn -0.8449 -0.5348 -0.0017
vn -0.8449 -0.5348 -0.0022
vn -0.7902 -0.6127 -0.0112
vn -0.7705 -0.6374 -0.0028
vn -0.7705 -0.6374 -0.0027
vn -0.7502 -0.6612 -0.0112
vn -0.7471 -0.6647 -0.0019
vn -0.7496 -0.6618 -0.0064
vn -0.7501 -0.6612 -0.0112
vn -0.6860 -0.7276 -0.0000
vn -0.7731 -0.6343 -0.0000
vn -0.8174 -0.5760 0.0000
vn -0.3883 -0.9215 0.0000
vn -0.4927 -0.8702 -0.0000
vn -0.5464 -0.8375 0.0000
vn 0.0000 -1.0000 0.0000
vn -0.1534 -0.9882 0.0000
vn -0.2219 -0.9751 0.0000
vn -0.8805 -0.4740 0.0000
vn -0.9004 -0.4352 0.0000
vn -0.6413 -0.7673 -0.0000
vn -0.3423 -0.9396 0.0000
vn -0.9003 -0.4352 -0.0000
vn -0.9394 -0.3429 0.0000
vn -0.9560 -0.2933 0.0000
vn -0.9861 -0.1661 -0.0000
vn -0.9994 0.0344 0.0000
vn -0.9149 0.4036 -0.0000
vn -0.9066 0.4219 -0.0000
vn -0.8786 0.4775 -0.0000
vn -0.8450 0.5348 0.0000
vn -0.8956 0.4448 0.0000
vn -0.9974 -0.0720 0.0000
vn -0.9987 -0.0504 -0.0000
vn -0.9998 -0.0203 0.0001
vn -0.0528 -0.9985 -0.0111
vn -0.0532 -0.9985 -0.0099
vn -0.0480 -0.9988 -0.0089
vn -0.0604 -0.9982 -0.0005
vn -0.0608 -0.9982 0.0000
vn -0.0576 -0.9961 -0.0662
vn -0.0607 -0.9982 -0.0030
vn -0.0610 -0.9981 0.0002
vn 1.0000 0.0000 0.0000
vn 0.9968 0.0000 0.0797
vn 0.9956 0.0000 0.0941
vn 0.9235 0.0000 0.3836
vn 0.3723 0.0000 0.9281
vn 0.1011 0.0000 0.9949
vn 0.0001 1.0000 -0.0000
vn -0.0006 1.0000 -0.0001
vn 0.9847 0.0000 0.1742
vn 0.9236 0.0043 0.3834
vn 0.9973 -0.0138 0.0719
vn 0.0594 0.0000 0.9982
vn 0.3722 0.0150 0.9280
vn 1.0000 0.0006 0.0000
vn 0.6472 -0.7483 0.1457
vn 0.0286 -0.9996 0.0064
vn 0.0155 -0.9999 0.0035
vn -0.0609 -0.9981 -0.0000
vn -0.9998 0.0175 -0.0000
vn -0.8689 0.4949 -0.0000
vn -0.5599 0.8285 0.0002
vn -0.5516 0.8341 -0.0004
vn -0.8000 0.6000 0.0000
vn -0.9994 0.0341 -0.0000
vn -0.9145 0.4045 -0.0000
vn -0.6922 0.7217 -0.0000
vn -0.3518 0.9361 -0.0020
vn -0.2106 0.9776 -0.0029
vn -0.7952 0.6063 -0.0000
vn -0.7840 0.6207 -0.0000
vn -0.6882 0.7255 0.0000
vn -0.0072 -1.0000 -0.0067
vn -0.0030 -1.0000 -0.0068
vn -0.0052 -1.0000 -0.0069
vn -0.8291 0.5591 0.0000
vn -0.8597 0.5107 -0.0000
vn -0.8956 0.4449 0.0000
vn -0.0001 -0.3687 -0.9295
vn 0.0000 0.3687 0.9295
vn 0.0001 0.3687 0.9295
vn 0.0000 -0.3687 -0.9295
vn 0.0001 0.3688 0.9295
vn -0.9999 0.0139 0.0000
vn -0.9987 0.0503 -0.0000
vn -0.0003 0.3687 0.9295
vn -0.9205 0.3907 -0.0000
vn -0.9103 0.4140 -0.0000
vn 0.0215 0.3690 0.9292
vn -0.1617 0.4322 0.8872
vn 0.0219 0.3689 0.9292
vn -0.0002 0.3688 0.9295
vn -0.0001 0.3687 0.9295
vn -0.8536 0.5209 -0.0000
vn -0.8634 0.5046 -0.0000
vn -0.1677 0.9858 -0.0000
vn -0.3487 0.9372 0.0000
vn -0.1673 0.9859 -0.0000
vn -0.5366 0.8438 -0.0001
vn -0.6704 0.7420 0.0001
vn -0.8591 0.5119 -0.0000
vn -0.8420 0.5395 -0.0000
vn -0.7714 0.6364 0.0000
vn -0.8591 0.5118 0.0000
vn -0.8564 0.5164 -0.0000
vn -0.8580 0.5137 0.0000
vn -0.8419 0.5396 0.0000
vn -0.7929 0.6093 0.0000
vn -0.8579 0.5138 -0.0000
vn -0.8600 0.5103 0.0000
vn -0.8291 0.5590 0.0002
vn -0.8443 0.5358 -0.0000
vn -0.0012 1.0000 0.0000
vn -0.3492 0.9370 -0.0002
vn -0.8579 0.5137 0.0000
vn -0.9944 0.1054 -0.0000
vn -0.1767 0.1877 0.9662
vn -0.1729 0.1796 0.9684
vn -0.1926 0.1659 0.9672
vn -0.1713 0.1926 0.9662
vn -0.1846 0.2018 0.9619
vn -0.1967 0.1967 0.9605
vn -0.2004 0.2210 0.9545
vn -0.1749 0.2479 0.9529
vn -0.1325 0.2852 0.9493
vn -0.0809 0.3310 0.9402
vn -0.1172 0.3154 0.9417
vn -0.0799 0.3239 0.9427
vn -0.1138 0.3239 0.9392
vn -0.1943 0.3166 0.9285
vn -0.1731 0.3213 0.9310
vn -0.1891 0.3131 0.9307
vn -0.1593 0.3057 0.9387
vn -0.1760 0.2690 0.9469
vn -0.1565 0.2762 0.9483
vn -0.6147 0.7887 0.0081
vn -0.6198 0.7848 0.0002
vn -0.0000 -0.3639 0.9314
vn 0.0000 -0.1492 0.9888
vn 0.0000 -0.4359 0.9000
vn -0.0000 -0.4722 0.8815
vn -0.0000 -0.4689 0.8832
vn 0.0000 -0.4636 0.8860
vn 0.0000 1.0000 -0.0014
vn -0.0000 0.0150 0.9999
vn -0.0000 0.0109 0.9999
vn -0.0016 0.0104 0.9999
vn 0.0000 -0.2707 -0.9627
vn 0.0000 0.0118 -0.9999
vn -0.7095 0.7047 0.0000
vn -0.7693 0.6389 0.0000
vn -0.7972 0.6037 -0.0000
vn 0.0000 -0.4130 -0.9107
vn -0.0000 -0.3679 -0.9299
vn -0.6188 0.7856 0.0000
vn -0.6741 0.7387 0.0000
vn 0.0000 -0.3845 -0.9231
vn 0.0000 -0.4028 -0.9153
vn -0.0777 0.4438 0.8928
vn -0.0677 0.4295 0.9005
vn -0.0397 0.4783 0.8773
vn -0.0854 0.4197 0.9036
vn -0.0734 0.3830 0.9208
vn -0.0991 0.3731 0.9225
vn -0.0799 0.3428 0.9360
vn -0.1677 0.3446 0.9237
vn -0.1541 0.3404 0.9276
vn -0.1371 0.3593 0.9231
vn -0.1126 0.3461 0.9314
vn -0.1283 0.3770 0.9173
vn -0.1071 0.4074 0.9069
vn -0.0895 0.4461 0.8905
vn -0.0971 0.4542 0.8856
vn -0.1792 0.3283 0.9274
vn -0.0276 0.4895 0.8716
vn 0.0752 0.6016 0.7952
vn -0.1118 0.4397 0.8912
vn -0.1122 0.4991 0.8593
vn 0.0000 -1.0000 -0.0059
vn 0.0003 -1.0000 -0.0057
vn -0.5068 0.8621 0.0000
vn -0.6199 0.7847 0.0000
vn -0.4388 0.8986 0.0005
vn -0.2824 0.9593 0.0000
vn 0.0287 0.9996 0.0000
vn -0.4510 0.8925 0.0005
vn -0.0002 0.0000 -1.0000
vn 1.0000 -0.0012 0.0022
vn 0.9956 -0.0242 0.0907
vn 0.0594 -0.0025 0.9982
vn 0.0796 -0.0081 0.9968
vn 0.9997 0.0237 -0.0000
vn 0.8077 0.5895 -0.0002
vn 0.8567 0.5158 -0.0001
vn 0.8690 0.4948 -0.0000
vn 0.5644 0.8255 -0.0000
vn 0.6786 0.7345 -0.0001
vn 0.5069 0.8620 0.0000
vn 0.1936 0.9811 -0.0000
vn 0.3149 0.9491 -0.0000
vn 0.1402 0.9901 0.0000
vn 0.9047 0.4260 0.0005
vn 0.9165 0.4001 0.0007
vn 0.7697 0.6384 0.0000
vn 0.3811 0.9245 -0.0000
vn 0.9991 0.0421 0.0001
vn 0.9910 -0.1342 -0.0010
vn 0.9988 -0.0493 -0.0005
vn 0.9926 -0.1217 -0.0022
vn 0.9387 -0.3447 -0.0027
vn 0.9926 -0.1217 -0.0023
vn 0.8706 -0.4919 -0.0127
vn 0.9328 -0.3602 -0.0093
vn 0.8450 -0.5348 -0.0021
vn 0.7902 -0.6127 -0.0112
vn 0.7705 -0.6374 -0.0028
vn 0.7502 -0.6612 -0.0112
vn 0.7496 -0.6618 -0.0064
vn 0.7471 -0.6647 -0.0019
vn 0.7340 -0.6792 -0.0000
vn 0.7954 -0.6060 -0.0000
vn 0.6860 -0.7276 -0.0000
vn 0.4927 -0.8702 -0.0000
vn 0.3883 -0.9215 0.0000
vn 0.5464 -0.8375 0.0000
vn 0.1534 -0.9882 0.0000
vn 0.2219 -0.9751 0.0000
vn 0.8805 -0.4740 -0.0000
vn 0.6413 -0.7673 -0.0000
vn 0.3423 -0.9396 -0.0000
vn 0.9481 -0.3179 -0.0000
vn 0.9003 -0.4352 0.0000
vn 0.9861 -0.1661 -0.0000
vn 0.9152 0.4030 -0.0000
vn 0.9932 0.1164 -0.0000
vn 0.9072 0.4206 0.0000
vn 0.7990 0.6013 0.0000
vn 0.8570 0.5153 -0.0000
vn 0.7683 0.6400 -0.0000
vn 0.8728 0.4881 -0.0000
vn 0.9974 -0.0725 0.0052
vn 0.9995 -0.0315 0.0011
vn 0.9994 -0.0346 0.0004
vn 0.9974 -0.0720 0.0000
vn 0.9987 -0.0504 -0.0000
vn 0.9998 -0.0203 0.0001
vn 0.9999 -0.0172 0.0000
vn 0.9426 -0.3306 -0.0467
vn 0.9983 -0.0573 0.0047
vn 0.8426 -0.5375 0.0339
vn 0.9882 -0.1531 0.0076
vn 0.9994 -0.0347 0.0003
vn 0.0532 -0.9985 -0.0099
vn 0.0528 -0.9985 -0.0111
vn 0.0480 -0.9988 -0.0089
vn 0.0604 -0.9982 -0.0005
vn 0.7318 -0.6518 -0.1989
vn 0.7394 -0.6448 -0.1937
vn 0.7479 -0.6289 -0.2123
vn 0.7184 -0.6715 -0.1818
vn 0.7110 -0.6826 -0.1691
vn 0.7053 -0.6927 -0.1510
vn 0.8363 -0.5468 -0.0402
vn 0.9235 -0.3835 0.0039
vn 0.7433 -0.6570 -0.1259
vn 0.7424 -0.6643 -0.0864
vn 0.7427 -0.6647 -0.0810
vn 0.7321 -0.6680 -0.1334
vn 0.7873 -0.6112 -0.0813
vn 0.7516 -0.6556 -0.0728
vn 0.7425 -0.6643 -0.0864
vn 0.7264 -0.6689 -0.1581
vn 0.7279 -0.6640 -0.1711
vn 0.0609 -0.9981 0.0000
vn 0.0576 -0.9961 -0.0662
vn -0.9911 -0.0000 0.1330
vn -1.0000 0.0001 0.0039
vn -0.9235 0.0000 0.3836
vn -0.3723 0.0000 0.9281
vn -0.0749 -0.0254 0.9969
vn -0.0485 -0.0348 0.9982
vn 0.0006 1.0000 -0.0001
vn -0.9845 0.0000 0.1752
vn -0.9236 0.0043 0.3834
vn -0.6444 -0.7506 0.1461
vn -0.0153 -0.9999 0.0035
vn -0.0284 -0.9996 0.0065
vn 0.9998 0.0199 -0.0000
vn 0.9996 0.0299 0.0003
vn 0.9129 0.4081 -0.0038
vn 0.6738 0.7389 0.0000
vn 0.7840 0.6208 -0.0000
vn 0.9157 0.4019 -0.0000
vn 0.9999 0.0145 -0.0000
vn 0.5363 0.8440 0.0000
vn 0.1674 0.9859 0.0000
vn 0.8731 0.4875 -0.0000
vn 0.9999 0.0145 0.0001
vn 0.9998 0.0174 0.0000
vn 0.5341 0.8454 -0.0002
vn 0.6032 0.7966 0.0394
vn 0.5493 0.8356 0.0054
vn 0.7971 0.6039 -0.0011
vn 0.8441 0.5361 -0.0000
vn 0.8710 0.4913 -0.0029
vn 0.6825 0.7309 0.0002
vn 0.7686 0.6397 -0.0000
vn 0.8291 0.5591 0.0000
vn 0.8605 0.5095 -0.0000
vn 0.0001 -0.3687 -0.9295
vn -0.0001 0.3688 0.9295
vn 0.9999 0.0139 0.0000
vn 0.9987 0.0503 -0.0000
vn 0.0003 0.3687 0.9295
vn 0.9205 0.3907 -0.0000
vn 0.9103 0.4140 -0.0000
vn 0.9102 0.4141 -0.0000
vn -0.0215 0.3690 0.9292
vn -0.0220 0.3689 0.9292
vn 0.1617 0.4322 0.8872
vn 0.0002 0.3688 0.9295
vn 0.8442 0.5361 -0.0000
vn 0.8956 0.4448 0.0000
vn 0.8590 0.5119 -0.0000
vn 0.8634 0.5046 -0.0000
vn 0.8956 0.4449 -0.0000
vn 0.9064 0.4224 -0.0000
vn 0.1668 0.9860 -0.0000
vn 0.3487 0.9372 0.0000
vn 0.3490 0.9371 0.0002
vn 0.6742 0.7385 0.0001
vn 0.8591 0.5119 0.0000
vn 0.8576 0.5144 0.0000
vn 0.8472 0.5313 0.0000
vn 0.7921 0.6104 0.0000
vn 0.8564 0.5164 -0.0000
vn 0.8580 0.5137 0.0000
vn 0.8419 0.5396 0.0000
vn 0.7929 0.6093 0.0000
vn 0.8579 0.5138 -0.0000
vn 0.8600 0.5103 0.0000
vn 0.8291 0.5590 0.0002
vn 0.8443 0.5358 -0.0000
vn 0.5341 0.8455 -0.0002
vn 0.8579 0.5137 0.0000
vn 0.0610 -0.9981 -0.0000
vn 0.9988 0.0486 0.0000
vn 0.1728 0.1796 0.9684
vn 0.1767 0.1877 0.9662
vn 0.1926 0.1659 0.9672
vn 0.1713 0.1926 0.9662
vn 0.1846 0.2018 0.9619
vn 0.1892 0.2085 0.9595
vn 0.1871 0.2293 0.9552
vn 0.1318 0.2551 0.9579
vn 0.0877 0.3010 0.9496
vn 0.1123 0.2760 0.9546
vn 0.1097 0.3028 0.9467
vn 0.0798 0.3238 0.9427
vn 0.1138 0.3240 0.9392
vn 0.1731 0.3213 0.9310
vn 0.1943 0.3165 0.9285
vn 0.1891 0.3131 0.9307
vn 0.1593 0.3057 0.9387
vn 0.1728 0.2653 0.9486
vn 0.1464 0.2717 0.9512
vn 0.6147 0.7887 0.0081
vn 0.6198 0.7848 0.0002
vn 0.9965 0.0835 -0.0000
vn 0.0000 0.0382 0.9993
vn 0.0021 0.0193 0.9998
vn -0.0000 0.0122 -0.9999
vn 0.7095 0.7047 -0.0000
vn 0.6741 0.7387 0.0000
vn 0.6188 0.7856 0.0000
vn -1.0000 -0.0003 0.0003
vn -1.0000 0.0000 0.0003
vn 0.0777 0.4438 0.8928
vn 0.0678 0.4295 0.9005
vn 0.0854 0.4197 0.9036
vn 0.0734 0.3830 0.9208
vn 0.0990 0.3732 0.9225
vn 0.0799 0.3428 0.9360
vn 0.1126 0.3461 0.9314
vn 0.1677 0.3446 0.9237
vn 0.1541 0.3402 0.9276
vn 0.1792 0.3283 0.9274
vn 0.1371 0.3593 0.9231
vn 0.1283 0.3770 0.9173
vn 0.1071 0.4074 0.9069
vn 0.0895 0.4461 0.8905
vn 0.0970 0.4542 0.8856
vn 0.0276 0.4895 0.8716
vn 0.0397 0.4783 0.8773
vn 0.1118 0.4397 0.8912
vn 0.1122 0.4991 0.8593
vn 0.1728 0.2653 0.9485
vn 0.0812 0.2652 0.9608
vn 0.0679 0.2529 0.9651
vn -1.0000 0.0000 0.0001
vn -1.0000 -0.0004 0.0003
vn 0.5068 0.8621 0.0000
vn 0.6199 0.7847 0.0000
vn 0.5340 0.8455 -0.0002
vn 0.8300 0.5574 -0.0202
vn 0.7922 0.6091 -0.0374
vn 0.4710 0.8821 -0.0088
vn 0.2725 0.9621 0.0000
vn 0.1671 0.9859 0.0000
vn 0.8714 0.4891 -0.0377
vn 0.8960 0.4432 -0.0263
vn 0.7846 0.5259 -0.3284
vn 0.7592 0.5562 -0.3380
vn 0.8553 0.4000 -0.3292
vn 0.4792 0.8776 0.0118
vn 0.4111 0.9112 -0.0264
vn -0.0000 -1.0000 -0.0022
vn -0.0000 -1.0000 -0.0027
vn -0.0000 -1.0000 -0.0044
vn 0.0000 -0.0000 -1.0000
vn -0.0009 -0.5292 -0.8485
vn -0.0011 -0.2739 -0.9617
vn -0.0015 -0.2759 -0.9612
vn -0.0003 -0.8907 -0.4546
vn -0.0005 -0.7415 -0.6709
vn -0.0003 -0.5292 -0.8485
vn -0.0003 -0.9272 -0.3747
vn -0.0003 -0.9014 -0.4329
vn -0.0002 -0.9694 -0.2453
vn -0.0003 -0.9423 -0.3349
vn -0.0002 -0.9272 -0.3747
vn -0.0001 -0.9866 -0.1629
vn -0.0002 -0.9773 -0.2121
vn -0.0001 -0.9695 -0.2453
vn 0.0000 -0.9991 -0.0435
vn -0.0001 -0.9907 -0.1364
vn -0.0000 -0.9997 -0.0245
vn -1.0000 -0.0006 0.0011
vn -0.9973 -0.0137 0.0717
vn -0.9957 -0.0236 0.0899
vn -0.0720 0.0082 0.9974
vn -0.0633 0.0277 0.9976
vn -0.0711 0.0105 0.9974
vn -0.4472 0.8944 -0.0070
vn -0.4335 0.9010 -0.0185
vn 0.9999 0.0107 0.0024
vn 1.0000 -0.0001 -0.0000
vn 0.4867 0.8111 -0.3244
vn 0.5703 0.7420 -0.3524
vn 0.5914 0.7317 -0.3389
vn -0.4235 0.9059 -0.0039
vn -0.4536 0.8912 -0.0035
vn -0.2887 0.9574 0.0005
vn -0.2569 0.9660 -0.0292
vn -0.2411 0.9695 -0.0436
vn -0.0858 0.9963 0.0000
vn -0.5556 -0.8315 0.0000
vn -0.7071 -0.7071 0.0000
vn -0.5554 -0.8316 -0.0000
vn 0.9417 0.3363 0.0004
vn 0.9768 0.2142 0.0000
vn 0.9334 0.3589 0.0000
vn -0.9868 -0.1621 -0.0000
vn -1.0000 -0.0000 -0.0002
vn -0.9361 -0.3518 -0.0000
vn -0.9739 -0.2268 0.0000
vn 0.9239 -0.3827 0.0000
vn 0.8480 -0.5300 -0.0000
vn 0.9301 -0.3673 -0.0000
vn -0.9829 0.1842 0.0000
vn 0.5280 -0.8492 0.0000
vn 0.4125 -0.9110 -0.0000
vn 0.5817 -0.8134 -0.0015
vn 0.9795 -0.2012 -0.0000
vn -0.9343 0.3565 0.0005
vn -0.9464 0.3230 -0.0000
vn 0.8128 -0.5826 0.0000
vn 0.7240 -0.6898 -0.0000
vn -0.0328 -0.9995 0.0002
vn -0.1951 -0.9808 0.0000
vn -0.1947 -0.9809 -0.0003
vn 0.9855 0.1698 0.0000
vn 0.9999 0.0111 -0.0000
vn 0.6835 -0.7299 0.0000
vn 0.7240 -0.6898 -0.0002
vn 0.8993 0.4374 0.0009
vn 0.8993 0.4374 0.0000
vn 0.1951 -0.9808 0.0003
vn 0.0328 -0.9995 0.0000
vn -0.8128 -0.5826 0.0000
vn -0.8493 -0.5279 -0.0000
vn 0.9867 -0.1628 0.0000
vn -0.3826 -0.9239 -0.0000
vn -0.1947 -0.9809 0.0000
vn -0.9109 -0.4127 -0.0000
vn 0.3522 -0.9359 0.0000
vn 0.1951 -0.9808 -0.0000
vn 0.9244 0.3815 0.0000
vn 0.9738 -0.2272 -0.0000
vn 0.9808 0.1951 0.0000
vn 0.9995 -0.0328 -0.0000
vn 0.9108 -0.4128 -0.0000
vn 0.7142 -0.7000 0.0008
vn 0.8146 -0.5800 -0.0000
vn -0.1416 0.2459 0.9589
vn -0.1086 0.2193 0.9696
vn -0.0017 -1.0000 -0.0051
vn -0.0105 -0.9999 -0.0069
vn 1.0000 0.0005 0.0000
vn -0.0029 -1.0000 -0.0069
vn -0.0016 -1.0000 -0.0072
vn -0.0051 -1.0000 -0.0069
vn 0.0006 -1.0000 -0.0057
vn 0.0000 -1.0000 -0.0057
vn 0.9999 -0.0026 0.0132
vn 0.0605 -0.0000 0.9982
vn 0.0107 0.0014 0.9999
vn 0.0116 0.0000 0.9999
vn 0.9003 -0.0000 0.4352
vn 0.8461 -0.0000 0.5331
vn 0.8081 0.0000 0.5890
vn 0.2537 0.0000 0.9673
vn 0.1777 0.0000 0.9841
vn 0.1404 0.0000 0.9901
vn 0.5552 0.0000 0.8317
vn 0.4632 0.0000 0.8863
vn 0.4098 0.0000 0.9122
vn 0.2979 -0.0000 0.9546
vn 0.9844 -0.0000 0.1758
vn 0.9673 -0.0000 0.2538
vn 0.9546 -0.0000 0.2979
vn 0.0817 0.0000 0.9967
vn 0.7323 -0.0000 0.6810
vn 0.6955 0.0000 0.7185
vn 0.9200 0.0000 0.3918
vn 0.6045 -0.0000 0.7966
vn 1.0000 -0.0004 0.0032
vn 0.9907 0.0000 0.1363
vn 1.0000 0.0009 -0.0008
vn 1.0000 0.0000 0.0033
vn 0.1058 -0.9827 0.1518
vn 0.1493 -0.9872 -0.0567
vn 0.2791 -0.9598 0.0281
vn 0.6151 -0.7885 0.0038
vn 0.6170 -0.7869 -0.0088
vn 0.6142 -0.7891 0.0045
vn 0.5754 -0.8171 0.0359
vn 0.5532 -0.8305 0.0654
vn 0.5587 -0.8290 -0.0233
vn 0.4341 -0.9009 -0.0013
vn 0.3256 -0.9454 -0.0138
vn 0.6442 -0.7648 0.0021
vn 0.7257 -0.6880 0.0000
vn -0.0020 0.0030 1.0000
vn 0.0006 -0.0013 1.0000
vn -0.0003 -0.0064 1.0000
vn -0.0041 -0.0033 1.0000
vn -0.0075 0.0041 1.0000
vn -0.0048 0.0034 1.0000
vn 0.0009 -0.0052 1.0000
vn -0.0005 -0.0041 1.0000
vn -0.0027 0.0039 1.0000
vn -0.0141 0.0583 0.9982
vn -0.0052 0.0859 0.9963
vn -0.0421 0.2573 0.9654
vn -0.0072 0.3124 0.9499
vn -0.0405 0.5511 0.8335
vn -0.0104 0.4729 0.8811
vn -0.4087 -0.9126 -0.0081
vn -0.4656 -0.8849 -0.0122
vn -0.4713 -0.8817 -0.0241
vn 0.1628 -0.9867 -0.0000
vn -0.0328 -0.9995 0.0000
vn -1.0000 0.0001 -0.0004
vn -0.2272 -0.9738 -0.0000
vn -0.3478 -0.9376 -0.0001
vn 0.2272 -0.9738 -0.0000
vn 0.4714 -0.8819 0.0000
vn 0.4128 -0.9108 -0.0000
vn -0.1628 -0.9867 -0.0000
vn -0.0021 0.0000 -1.0000
vn -0.0012 -0.0005 -1.0000
vn -0.0017 -0.0003 -1.0000
vn -0.0010 -0.0007 -1.0000
vn -0.0005 -0.0011 -1.0000
vn -0.0003 -0.0012 -1.0000
vn -0.0001 -0.0012 -1.0000
vn 0.0002 -0.0012 -1.0000
vn 0.0001 -0.0012 -1.0000
vn -0.0002 -0.0012 -1.0000
vn 0.0003 -0.0011 -1.0000
vn 0.0006 -0.0010 -1.0000
vn 0.4120 0.8590 -0.3040
vn 0.4725 0.8145 -0.3368
vn 0.8497 0.5252 -0.0468
vn 0.6712 0.6519 -0.3530
vn 0.6990 0.6295 -0.3393
vn 0.6137 0.7197 -0.3246
vn 0.7535 0.6573 -0.0150
vn 0.7218 0.6919 -0.0192
vn 0.8010 0.5058 -0.3202
vn 0.8557 0.3993 -0.3292
vn 0.8011 0.5058 -0.3202
vn 0.9039 0.2888 -0.3156
vn 0.5209 0.8533 -0.0254
vn 0.9070 0.2661 -0.3264
vn 0.8985 0.2919 -0.3278
vn 0.9163 0.2699 -0.2958
vn 0.9287 0.2437 -0.2797
vn 0.9072 0.4207 0.0000
vn 0.0000 -0.9371 -0.3490
vn 0.0000 -0.9446 -0.3282
vn -0.0000 -0.9506 -0.3103
vn 0.0000 -0.9615 -0.2748
vn 0.0000 -0.9679 -0.2513
vn 0.0000 -0.9795 -0.2013
vn -0.0000 -0.9836 -0.1806
vn 0.0000 -0.9914 -0.1308
vn -0.0000 -0.9943 -0.1065
vn 0.0000 -0.9987 -0.0518
vn -0.0000 -0.9998 -0.0208
vn 0.0000 -0.9991 0.0431
vn 0.0000 -0.9969 0.0783
vn 0.0000 -0.9898 0.1421
vn 0.0000 -0.9843 0.1764
vn 0.0000 -0.9724 0.2333
vn -0.0000 -0.9663 0.2576
vn 0.0000 -0.9485 0.3168
vn -0.0000 -0.0000 1.0000
vn -0.0000 -0.9419 0.3360
vn 0.0000 -0.9574 0.2888
vn 0.0000 -0.9895 0.1445
vn 0.6910 0.6513 -0.3136
vn 0.0223 0.6212 -0.7833
vn 0.0263 0.5791 -0.8148
vn 0.0318 0.4737 -0.8801
vn 0.9990 -0.0047 -0.0447
vn 0.9999 -0.0144 0.0000
vn 0.0200 0.7209 -0.6927
vn 0.0191 0.7659 -0.6426
vn 0.0146 0.8756 -0.4828
vn 0.0077 0.9681 -0.2506
vn 0.0052 0.9852 -0.1713
vn 0.0021 0.9975 -0.0701
vn 0.0011 0.9994 -0.0359
vn 0.0000 1.0000 -0.0009
vn -0.0000 1.0000 -0.0002
vn -0.0001 1.0000 0.0029
vn -0.0003 0.9999 0.0102
vn -0.0042 0.9906 0.1368
vn -0.0068 0.9752 0.2212
vn -0.0115 0.9267 0.3756
vn -0.0159 0.8826 0.4698
vn -0.0484 0.7115 0.7010
vn 0.0550 0.4087 -0.9110
vn 0.0897 0.3018 -0.9491
vn 0.0263 0.5791 -0.8149
vn -0.8888 0.4582 -0.0005
vn -0.8993 0.4374 0.0000
vn -0.9761 0.2173 -0.0001
vn -0.9993 0.0365 -0.0002
vn -0.9961 -0.0878 -0.0128
vn -0.9860 -0.1658 -0.0150
vn -0.9888 -0.1489 -0.0000
vn -0.9921 -0.1252 0.0000
vn -0.9790 -0.1994 -0.0433
vn -0.9516 -0.3073 -0.0009
vn -0.9987 0.0506 -0.0000
vn -0.9512 -0.3085 0.0003
vn -0.9538 -0.3004 0.0104
vn -0.9998 0.0212 0.0017
vn -0.9832 -0.1815 0.0210
vn -0.9997 0.0240 0.0028
vn -0.9761 0.2173 -0.0004
vn -1.0000 0.0016 0.0000
vn -0.9939 -0.1105 0.0050
vn -0.8845 -0.1126 -0.4528
vn -0.7970 -0.1845 -0.5751
vn -0.3660 -0.0549 -0.9290
vn -0.5291 -0.0057 -0.8485
vn -0.0672 -0.0022 -0.9977
vn -0.9748 -0.1935 -0.1106
vn -0.8765 0.4815 -0.0011
vn 0.1459 0.2026 -0.9683
vn 0.1415 0.2402 -0.9604
vn -0.0920 0.0291 -0.9953
vn -0.0015 -0.0022 -1.0000
vn 0.0106 0.0154 -0.9998
vn -0.0139 0.0357 -0.9993
vn -0.0027 0.0006 -1.0000
vn 0.0012 -0.0015 -1.0000
vn 0.0008 -0.0014 -1.0000
vn 0.0009 -0.0017 -1.0000
vn -0.0016 -0.0036 -1.0000
vn 0.0007 -0.0014 -1.0000
vn -0.0055 -0.0041 -1.0000
vn 0.0094 0.0003 -1.0000
vn -0.0024 -0.0056 -1.0000
vn 0.0004 0.0011 -1.0000
vn -0.0001 -0.0004 -1.0000
vn 0.0003 -0.0031 -1.0000
vn -0.0002 -0.0063 -1.0000
vn 0.0004 -0.0052 -1.0000
vn 0.0004 -0.0039 -1.0000
vn -0.0000 -0.0003 -1.0000
vn 0.0001 0.0001 -1.0000
vn -0.0003 -0.0002 -1.0000
vn -0.0002 -0.0002 -1.0000
vn 0.0004 -0.0040 -1.0000
vn -0.0001 -0.0003 -1.0000
vn 0.0005 -0.0032 -1.0000
vn -0.0002 -0.0003 -1.0000
vn 0.2853 -0.9584 -0.0071
vn 0.2655 -0.9641 -0.0041
vn 0.2912 -0.9566 -0.0049
vn 0.2912 -0.9567 -0.0049
vn 0.5471 -0.8371 0.0000
vn -0.4536 0.8911 -0.0106
vn -0.5366 0.8438 -0.0011
vn -0.5996 0.8003 -0.0065
vn -1.0000 -0.0008 -0.0001
vn -1.0000 -0.0004 -0.0000
vn -0.9993 -0.0377 -0.0030
vn -0.0055 -0.0020 1.0000
vn -0.0015 -0.0074 1.0000
vn -0.0039 0.0012 1.0000
vn 0.0036 0.0132 0.9999
vn 0.0428 0.0851 0.9954
vn 0.0194 0.0459 0.9988
vn -0.0021 -0.0001 1.0000
vn -0.0001 0.0000 1.0000
vn -0.0013 0.0009 1.0000
vn -0.0022 0.0020 1.0000
vn -0.0050 -0.0007 1.0000
vn -0.0050 -0.0010 1.0000
vn -0.0054 -0.0020 1.0000
vn -0.0055 -0.0021 1.0000
vn 0.0017 -0.0126 0.9999
vn 0.0125 -0.0242 0.9996
vn -0.0022 0.0021 1.0000
vn 0.7341 -0.6790 0.0000
vn 0.7290 -0.6845 0.0000
vn -0.8500 0.5268 -0.0000
vn -0.7121 0.7020 0.0000
vn -0.8500 0.5267 0.0000
vn -0.9797 -0.2003 -0.0000
vn -0.9986 0.0523 -0.0000
vn 0.7705 0.6374 0.0000
vn 0.6745 0.7383 0.0000
vn 0.6075 0.7943 0.0000
vn -0.9434 0.3316 -0.0000
vn -0.9679 0.2514 0.0000
vn -0.9150 -0.4035 0.0000
vn -0.8773 -0.4800 -0.0000
vn 0.4647 0.8855 -0.0000
vn 0.3959 0.9183 0.0000
vn -0.7616 -0.6481 0.0028
vn -0.7412 -0.6708 0.0252
vn 0.2686 0.9633 -0.0000
vn 0.2115 0.9774 0.0000
vn 0.7830 -0.6220 -0.0000
vn 0.8409 -0.5412 -0.0000
vn 0.0416 -0.9991 -0.0022
vn 0.1927 -0.9812 -0.0046
vn 0.0206 0.9998 -0.0031
vn 0.0286 0.9996 0.0000
vn 0.9982 -0.0601 0.0000
vn -0.1855 -0.9826 -0.0033
vn -0.0960 -0.9954 -0.0050
vn 0.0415 -0.9991 -0.0038
vn 0.4675 -0.8840 0.0000
vn -0.1514 0.9882 -0.0220
vn -0.1752 0.9845 -0.0080
vn 0.2806 -0.9598 -0.0000
vn -0.4536 0.8912 -0.0101
vn -0.4536 0.8912 -0.0106
vn -0.5028 0.8644 0.0008
vn 0.9962 0.0870 0.0000
vn -0.4467 -0.8947 0.0037
vn -0.2800 -0.9599 -0.0105
vn -0.5366 0.8439 -0.0011
vn -0.7122 0.7020 0.0000
vn 0.9962 0.0870 0.0001
vn 0.8093 0.5874 -0.0000
vn -0.6436 0.7638 -0.0493
vn -0.0002 0.0001 -1.0000
vn 0.0003 -0.0001 -1.0000
vn 0.0001 0.0000 -1.0000
vn 1.0000 0.0010 -0.0001
vn 1.0000 -0.0011 -0.0020
vn 1.0000 -0.0003 0.0001
vn 1.0000 -0.0010 -0.0037
vn 1.0000 -0.0011 -0.0021
vn 0.0485 0.0000 0.9988
vn 0.0034 -0.0061 1.0000
vn -0.0496 -0.0096 0.9987
vn -0.8993 0.4374 0.0023
vn -0.8357 0.5492 0.0037
vn 0.8399 0.5428 0.0026
vn 0.9418 0.3363 0.0004
vn -0.9345 0.3561 -0.0000
vn -0.8935 0.4491 0.0000
vn -0.8714 0.4905 0.0000
vn 0.9514 0.3080 0.0000
vn 0.9807 0.1955 -0.0000
vn 0.9902 0.1396 -0.0000
vn -0.9090 0.4168 0.0000
vn -0.8019 0.5975 0.0000
vn 0.9137 0.4065 0.0000
vn 1.0000 0.0078 0.0000
vn 1.0000 0.0043 0.0000
vn 0.7702 0.6378 0.0000
vn 0.7980 0.6027 0.0000
vn -1.0000 0.0078 0.0000
vn -0.9998 0.0174 0.0000
vn -0.9997 0.0230 0.0000
vn 0.9987 0.0504 -0.0000
vn 0.9997 0.0230 0.0000
vn -0.9987 0.0504 0.0000
vn -0.9974 0.0720 0.0000
vn 0.9974 0.0720 0.0000
vn -0.9902 0.1396 0.0000
vn -0.9807 0.1955 0.0000
vn -0.9514 0.3080 -0.0000
vn -1.0000 0.0087 0.0000
vn -1.0000 0.0043 -0.0000
vn 0.6035 0.7974 -0.0000
vn 0.6863 0.7273 0.0000
vn 0.7231 0.6907 0.0000
vn 1.0000 0.0088 -0.0000
vn 0.9998 0.0190 -0.0000
vn -0.9999 0.0147 0.0000
vn -0.9998 0.0190 -0.0000
vn 0.8935 0.4491 0.0000
vn 0.9345 0.3561 0.0000
vn 0.9999 0.0147 -0.0000
vn -1.0000 0.0079 0.0000
vn -0.1065 0.9943 0.0000
vn 0.0048 1.0000 -0.0000
vn 0.0364 0.9993 0.0000
vn 0.8170 0.5767 0.0000
vn 0.8714 0.4905 -0.0000
vn 0.7877 0.6160 -0.0000
vn 0.1622 0.9868 -0.0000
vn 0.2754 0.9613 0.0000
vn 0.3214 0.9469 0.0000
vn 0.4654 0.8851 0.0000
vn 0.5576 0.8301 0.0000
vn 0.4150 0.9098 0.0000
vn 0.1094 0.9940 -0.0000
vn -0.9793 0.2024 0.0000
vn -0.8170 0.5767 -0.0000
vn -0.7877 0.6160 0.0000
vn -0.6863 0.7273 -0.0000
vn -0.6035 0.7974 0.0000
vn -0.5576 0.8301 0.0000
vn -0.7231 0.6907 -0.0000
vn -0.7813 0.6241 0.0000
vn -0.8018 0.5975 0.0000
vn -0.2523 0.9676 -0.0000
vn -0.1598 0.9872 0.0000
vn -0.4654 0.8851 0.0000
vn -0.4150 0.9098 0.0000
vn -0.3059 0.9521 0.0000
vn -0.2523 0.9677 0.0000
vn 0.0004 -0.2927 -0.9562
vn -0.0000 -0.3352 -0.9421
vn 0.0001 -0.5597 0.8287
vn 0.0000 -0.8356 0.5494
vn -0.0000 -0.5608 0.8279
vn 0.0004 -0.5265 0.8502
vn 0.0000 -0.9937 0.1121
vn -0.0000 -0.9907 0.1361
vn 0.0000 -0.8906 0.4548
vn -0.0000 -0.9460 0.3241
vn 0.0035 -0.8895 0.4570
vn -0.0603 -0.9982 0.0067
vn 0.0035 -0.8272 0.5619
vn -0.0559 -0.9974 0.0454
vn -0.0535 -0.9953 -0.0802
vn 0.0000 -0.5402 0.8415
vn -0.0001 -0.6000 0.8000
vn 0.0000 -0.5980 0.8015
vn 0.0005 -0.8355 -0.5496
vn -0.0000 -0.8378 -0.5460
vn 0.0100 -0.8635 0.5043
vn 0.0131 -0.9685 0.2487
vn 0.0075 -0.7970 0.6039
vn 0.0015 -0.5060 0.8626
vn 0.0007 -0.5228 0.8525
vn 0.0046 -0.9922 0.1248
vn 0.0000 -0.8223 -0.5690
vn 0.6038 0.0000 0.7972
vn 0.0414 0.0001 0.9991
vn 0.0112 0.0000 0.9999
vn -0.0414 -0.0001 0.9991
vn -0.7071 -0.0000 0.7071
vn -0.0112 0.0000 0.9999
vn -0.0414 0.0000 0.9991
vn -1.0000 -0.0014 0.0000
vn -0.9982 -0.0001 0.0598
vn -0.9982 0.0000 0.0598
vn 0.9999 -0.0117 0.0126
vn 0.9992 -0.0043 0.0398
vn 0.9992 0.0202 0.0346
vn 1.0000 -0.0014 0.0000
vn 1.0000 -0.0001 0.0005
vn 1.0000 -0.0000 0.0005
vn 1.0000 0.0003 0.0006
vn 1.0000 0.0002 0.0005
vn -0.0003 0.0000 1.0000
vn 0.0002 0.0000 1.0000
vn -0.0124 -0.9999 -0.0071
vn -0.0489 -0.9988 -0.0075
vn -1.0000 -0.0005 0.0002
vn -1.0000 -0.0001 0.0094
vn -1.0000 0.0010 0.0000
vn -1.0000 0.0007 0.0000
vn 0.9999 -0.0144 -0.0002
vn 1.0000 0.0018 -0.0028
vn 0.9969 0.0419 -0.0665
vn -0.4466 -0.8947 0.0037
vn -0.2901 -0.3153 0.9036
vn -0.6598 -0.7507 0.0337
vn -0.5797 -0.8148 -0.0079
vn -0.6428 -0.7659 0.0124
vn -1.0000 0.0000 -0.0001
vn -1.0000 0.0005 -0.0000
vn -1.0000 0.0007 0.0001
vn -1.0000 0.0006 0.0000
vn -1.0000 0.0008 0.0000
vn -1.0000 0.0004 0.0001
vn -1.0000 -0.0003 0.0004
vn -1.0000 0.0006 0.0002
vn -0.0610 -0.9981 0.0000
vn -0.6465 0.7629 0.0000
vn -0.5480 0.8365 -0.0000
vn -0.6936 0.7204 0.0000
vn -0.4997 0.8662 -0.0000
vn -0.3931 0.9195 0.0000
vn -0.9673 0.2538 0.0000
vn -0.9173 0.3983 0.0000
vn -0.9848 0.1737 0.0000
vn -0.3339 0.9426 -0.0000
vn -0.2113 0.9774 0.0000
vn -0.7761 0.6306 0.0000
vn -0.8130 0.5823 0.0000
vn -0.9996 0.0296 -0.0000
vn -0.9994 -0.0354 0.0000
vn -0.8857 0.4643 -0.0000
vn -0.1480 0.9890 -0.0000
vn -0.9899 -0.1418 -0.0000
vn -0.9680 -0.2510 0.0000
vn -0.9684 -0.2493 -0.0000
vn -0.9699 -0.2435 0.0000
vn -0.9684 -0.2492 -0.0000
vn -0.9717 -0.2362 -0.0000
vn -0.9785 -0.2062 -0.0000
vn 0.2516 -0.9678 -0.0000
vn 0.3413 -0.9400 0.0000
vn 0.7662 -0.6427 0.0000
vn 0.8114 -0.5845 0.0000
vn 0.5942 -0.8043 0.0000
vn 0.7149 -0.6992 -0.0000
vn 0.5232 -0.8522 -0.0000
vn 0.5825 -0.8128 0.0000
vn 0.6835 0.7299 0.0000
vn 0.5826 0.8128 0.0000
vn 0.5280 0.8493 0.0000
vn 0.7299 -0.6835 0.0000
vn 0.8128 -0.5825 0.0000
vn 0.8492 -0.5280 0.0000
vn 0.9739 0.2271 0.0000
vn 0.9360 0.3521 0.0000
vn 0.9108 0.4128 0.0000
vn 0.9995 0.0328 0.0000
vn 0.9867 0.1628 -0.0000
vn 0.9360 -0.3521 0.0000
vn 0.2271 -0.9739 0.0000
vn 0.9739 -0.2271 0.0000
vn 0.4128 0.9108 0.0000
vn 0.3522 0.9359 0.0000
vn 0.8492 0.5280 -0.0000
vn 0.8128 0.5826 0.0000
vn 0.2272 0.9738 0.0000
vn 0.1628 0.9867 0.0000
vn 0.7299 0.6835 0.0000
vn 0.5480 0.8365 -0.0000
vn 0.6465 0.7629 0.0000
vn 0.6936 0.7204 0.0000
vn 0.3931 0.9195 0.0000
vn 0.4997 0.8662 -0.0000
vn 0.9173 0.3983 0.0000
vn 0.9673 0.2538 0.0000
vn 0.9848 0.1737 0.0000
vn 0.2113 0.9774 0.0000
vn 0.3339 0.9426 -0.0000
vn 0.7761 0.6306 0.0000
vn 0.8130 0.5823 0.0000
vn 1.0000 -0.0033 -0.0000
vn 0.8857 0.4643 -0.0000
vn 0.1480 0.9890 -0.0000
vn 0.9919 -0.1268 0.0000
vn 0.9684 -0.2493 -0.0000
vn 0.9680 -0.2510 0.0000
vn 0.9699 -0.2435 0.0000
vn 0.9785 -0.2062 0.0000
vn 0.9717 -0.2362 0.0000
vn 0.9876 -0.1570 -0.0000
vn -0.2516 -0.9678 -0.0000
vn -0.3413 -0.9400 -0.0000
vn -0.8114 -0.5845 0.0000
vn -0.7662 -0.6427 0.0000
vn -0.7149 -0.6992 -0.0000
vn -0.5942 -0.8043 0.0000
vn -0.5232 -0.8522 -0.0000
vn -0.5280 -0.8492 0.0000
vn -0.4128 -0.9108 0.0000
vn -0.5825 -0.8128 -0.0000
vn -0.5826 0.8128 0.0000
vn -0.6835 0.7299 0.0000
vn -0.5280 0.8493 0.0000
vn -0.8128 -0.5825 0.0000
vn -0.7299 -0.6835 0.0000
vn -0.8492 -0.5280 -0.0000
vn -0.9360 0.3521 0.0000
vn -0.9808 0.1951 0.0000
vn -0.9108 0.4128 0.0000
vn -0.9108 -0.4128 0.0000
vn -0.9360 -0.3521 -0.0000
vn -0.2271 -0.9739 -0.0000
vn -0.6835 -0.7299 0.0000
vn -0.9739 -0.2271 0.0000
vn -0.9867 -0.1628 -0.0000
vn -0.4128 0.9108 0.0000
vn -0.3522 0.9359 0.0000
vn -0.8492 0.5280 -0.0000
vn -0.8128 0.5826 0.0000
vn -0.2272 0.9738 0.0000
vn -0.1628 0.9867 0.0000
vn -0.3522 -0.9359 0.0000
vn -0.7299 0.6835 0.0000
vn -0.0001 0.0000 -1.0000
vn -0.0591 -0.9953 0.0767
vn -0.0598 -0.9971 -0.0464
vn -0.0605 -0.9982 -0.0004
vn 0.0000 0.4289 0.9033
vn 0.0000 0.9995 -0.0301
vn -0.0000 0.9989 -0.0475
vn 0.0000 0.9967 -0.0810
vn -0.0000 0.9790 -0.2039
vn 0.0000 0.9700 -0.2430
vn -0.0000 0.9161 -0.4009
vn 0.0000 0.8672 -0.4980
vn -0.0001 0.7590 -0.6511
vn 0.0000 0.6879 -0.7258
vn 0.0000 0.5369 -0.8437
vn 0.0000 0.4718 -0.8817
vn 0.0000 0.3294 -0.9442
vn 0.0000 0.2535 -0.9673
vn 0.0000 0.1180 -0.9930
vn 0.0000 0.0589 -0.9983
vn -0.9988 -0.0493 -0.0005
vn -0.9994 -0.0345 0.0003
vn -0.9974 -0.0725 0.0052
vn -0.9995 -0.0315 0.0012
vn -0.9983 -0.0573 0.0047
vn -0.9999 -0.0172 -0.0000
vn -0.9426 -0.3306 -0.0467
vn -0.9982 -0.0595 0.0077
vn -0.8426 -0.5375 0.0339
vn -0.9882 -0.1531 0.0076
vn -0.7318 -0.6518 -0.1989
vn -0.7394 -0.6448 -0.1937
vn -0.7184 -0.6715 -0.1818
vn -0.7110 -0.6826 -0.1691
vn -0.7053 -0.6927 -0.1510
vn -0.9328 -0.3602 -0.0093
vn -0.9235 -0.3835 0.0039
vn -0.8363 -0.5468 -0.0402
vn -0.7424 -0.6643 -0.0864
vn -0.7433 -0.6570 -0.1259
vn -0.7426 -0.6648 -0.0810
vn -0.7873 -0.6112 -0.0813
vn -0.7321 -0.6680 -0.1334
vn -0.7516 -0.6556 -0.0728
vn -0.7264 -0.6688 -0.1581
vn -0.7279 -0.6640 -0.1710
vn -0.9328 -0.3602 -0.0095
vn -0.0014 -0.8822 -0.4708
vn 0.0000 -0.8822 -0.4708
vn -0.8077 0.5895 -0.0004
vn -0.8450 -0.5348 -0.0022
vn -0.7340 -0.6792 -0.0000
vn -0.0607 -0.9981 -0.0095
vn 0.3722 0.0000 0.9281
vn 1.0000 0.0001 0.0000
vn 0.0005 -0.3688 -0.9295
vn 0.0002 -0.3688 -0.9295
vn 0.0002 -0.3687 -0.9295
vn 0.0002 -0.3689 -0.9295
vn 0.0005 -0.3687 -0.9295
vn 0.0003 -0.3687 -0.9295
vn -0.0003 -0.3687 -0.9296
vn -0.0003 -0.3687 -0.9295
vn 0.0225 0.3687 0.9293
vn 0.0221 0.3688 0.9292
vn 0.0216 0.3690 0.9292
vn 0.0222 0.3688 0.9293
vn -0.8590 0.5119 -0.0000
vn -0.5068 0.8620 -0.0000
vn -0.0668 0.3255 0.9432
vn -0.1564 0.2763 0.9483
vn -0.0017 0.0102 0.9999
vn -0.0030 0.0081 1.0000
vn -0.0021 0.0193 0.9998
vn 0.0004 -1.0000 -0.0056
vn 0.8078 0.5895 -0.0002
vn 0.9387 -0.3447 -0.0017
vn 0.8449 -0.5348 -0.0021
vn 0.7705 -0.6374 -0.0026
vn 0.7501 -0.6612 -0.0112
vn 0.9004 -0.4352 -0.0000
vn 0.9482 -0.3178 -0.0000
vn 0.9982 -0.0595 0.0077
vn 0.0607 -0.9981 -0.0095
vn 0.7872 -0.6113 -0.0813
vn 0.0605 -0.9982 -0.0004
vn 0.3489 0.9372 0.0000
vn 0.0430 0.9991 -0.0001
vn -0.0002 -0.3688 -0.9295
vn -0.0004 -0.3688 -0.9295
vn -0.0002 -0.3687 -0.9295
vn -0.0001 -0.3688 -0.9295
vn -0.0216 0.3690 0.9292
vn -0.0225 0.3687 0.9293
vn -0.0221 0.3689 0.9292
vn -0.0219 0.3689 0.9292
vn 0.5068 0.8620 -0.0000
vn 0.0030 0.0080 1.0000
vn 0.0022 0.0097 1.0000
vn 0.0020 0.0099 0.9999
vn 0.7991 0.6013 -0.0000
vn -1.0000 -0.0001 0.0005
vn -0.0752 0.6016 0.7952
vn 0.0798 0.3238 0.9428
vn -0.0006 -0.7415 -0.6709
vn -0.0004 -0.9014 -0.4329
vn -0.0002 -0.9772 -0.2121
vn -0.0001 -0.9997 -0.0245
vn -0.0000 -1.0000 -0.0028
vn -1.0000 -0.0007 -0.0001
vn -1.0000 -0.0003 -0.0000
vn 0.4725 0.8144 -0.3368
vn -0.3827 -0.9239 -0.0000
vn -0.0029 -1.0000 -0.0068
vn 0.0000 -1.0000 -0.0069
vn -0.0015 -1.0000 -0.0072
vn 0.0001 -1.0000 -0.0057
vn 0.0000 -0.0001 -1.0000
vn 0.6151 -0.7885 0.0040
vn -0.3478 -0.9376 -0.0002
vn -1.0000 0.0000 -0.0011
vn -1.0000 0.0000 -0.0005
vn -1.0000 0.0001 -0.0005
vn -0.0003 -0.0011 -1.0000
vn -0.0009 -0.0007 -1.0000
vn 0.0003 -0.0012 -1.0000
vn 0.0005 -0.0011 -1.0000
vn 0.9978 0.0001 -0.0666
vn 0.0191 0.7660 -0.6426
vn 0.0183 0.7659 -0.6426
vn 0.0148 0.8763 -0.4816
vn -0.8993 0.4373 0.0000
vn -0.9343 0.3565 0.0000
vn -0.9343 0.3565 0.0001
vn -0.9889 -0.1489 -0.0000
vn -0.9516 -0.3074 -0.0008
vn -0.9512 -0.3085 0.0002
vn -0.8039 0.5947 -0.0041
vn -0.8764 0.4815 -0.0011
vn -0.3749 0.9271 0.0020
vn -0.5028 0.8644 0.0000
vn 1.0000 0.0023 0.0000
vn 1.0000 0.0013 -0.0001
vn -0.9344 0.3561 -0.0000
vn 0.9344 0.3561 0.0000
vn -0.1598 0.9871 0.0000
vn 0.0010 -0.2934 -0.9560
vn 0.0005 -0.2928 -0.9562
vn 0.0000 -0.5597 0.8287
vn 0.0000 -0.5261 0.8505
vn 0.0007 -0.8356 -0.5493
vn 0.0004 -0.8354 -0.5496
vn 0.0017 -0.5061 0.8625
vn 0.0021 -0.5064 0.8623
vn 0.9992 0.0000 0.0398
vn 0.0414 0.0000 0.9991
vn -0.0104 -0.9999 -0.0069
vn -0.7616 -0.6480 0.0037
vn 0.7662 -0.6426 0.0000
vn 0.4997 0.8662 -0.0001
vn 0.9684 -0.2492 -0.0000
vn -0.7662 -0.6426 0.0000
vn -0.9926 -0.1217 -0.0020
vn -0.7479 -0.6289 -0.2123
vn -0.7872 -0.6113 -0.0813
g rama_low_rama_low_Circle_rama
usemtl rama
s 1
f 125/280/194 126/281/195 127/282/195
f 127/283/196 128/284/196 129/285/196
f 129/285/196 128/284/196 130/286/196
f 129/287/197 125/280/198 127/282/195
f 130/288/199 131/289/200 129/287/197
f 132/290/201 133/291/202 134/292/203
f 135/293/196 136/294/196 137/295/196
f 138/296/204 137/297/205 139/298/206
f 135/299/207 140/300/208 141/301/208
f 142/302/196 143/303/196 135/293/196
f 135/293/196 141/304/196 142/302/196
f 144/305/209 145/306/210 146/307/210
f 147/308/211 148/309/212 144/305/209
f 149/310/213 150/311/196 151/312/214
f 152/313/215 153/314/216 154/315/217
f 155/316/218 156/317/219 157/318/220
f 158/319/221 159/320/222 160/321/223
f 161/322/224 162/323/225 153/314/216
f 155/316/218 154/315/217 163/324/226
f 157/318/220 164/325/227 158/319/221
f 160/321/223 165/326/228 166/327/229
f 151/312/214 167/328/230 149/310/213
f 168/329/231 169/330/232 170/331/233
f 169/330/234 171/332/235 172/333/236
f 172/333/237 173/334/238 174/335/239
f 174/335/240 175/336/241 176/337/242
f 150/338/243 176/337/242 175/336/244
f 177/339/245 178/340/246 179/341/247
f 180/342/248 181/343/249 182/344/250
f 183/345/251 184/346/252 185/347/253
f 179/341/247 186/348/254 187/349/255
f 182/344/250 188/350/256 177/339/245
f 185/347/253 189/351/257 180/342/248
f 187/349/258 190/352/259 191/353/260
f 191/353/260 192/354/261 193/355/261
f 194/356/262 195/357/263 196/358/264
f 197/359/265 198/360/266 199/361/267
f 197/359/265 196/358/264 195/357/263
f 200/362/268 192/354/261 201/363/269
f 201/363/269 202/364/270 200/362/268
f 203/365/271 204/366/272 205/367/273
f 205/367/273 204/366/272 206/368/274
f 150/311/196 207/369/196 151/312/214
f 207/369/196 208/370/196 151/312/214
f 209/371/196 151/312/214 208/370/196
f 210/372/196 151/312/214 209/371/196
f 211/373/196 151/312/214 210/372/196
f 211/373/196 205/374/196 151/312/214
f 206/375/196 151/312/214 205/374/196
f 194/356/262 212/376/196 133/377/196
f 213/378/275 214/379/275 215/380/275
f 206/368/274 216/381/276 217/382/277
f 218/383/278 206/368/274 217/382/277
f 218/384/279 219/385/280 220/386/279
f 217/387/281 221/388/282 219/385/280
f 222/389/229 223/390/229 224/391/229
f 216/392/283 225/393/284 221/394/283
f 220/395/285 219/396/286 223/390/229
f 226/397/279 227/398/279 228/399/279
f 223/400/287 229/401/287 230/402/287
f 219/385/280 231/403/288 229/404/289
f 221/394/283 232/405/290 231/406/291
f 233/407/292 234/408/292 235/409/292
f 229/410/293 236/411/294 230/412/295
f 237/413/296 238/414/296 139/415/206
f 224/416/279 239/417/279 240/418/279
f 241/419/229 242/420/229 243/421/229
f 244/422/229 245/423/229 241/419/229
f 246/424/296 237/413/296 247/425/296
f 140/426/196 138/427/196 248/428/297
f 162/323/225 249/429/298 153/314/216
f 163/324/226 250/430/299 251/431/300
f 153/314/216 252/432/301 154/315/217
f 253/433/302 254/434/303 162/323/225
f 154/315/217 255/435/304 163/324/226
f 156/317/219 256/436/305 164/325/227
f 156/317/219 163/324/226 251/431/300
f 159/320/222 256/436/305 257/437/306
f 258/438/279 259/439/279 245/440/279
f 244/441/279 237/442/279 260/443/279
f 243/421/229 261/444/229 262/445/229
f 227/446/251 263/447/251 259/448/251
f 259/439/279 242/449/279 245/440/279
f 237/442/279 243/450/279 247/451/279
f 249/429/298 264/452/307 265/453/308
f 266/454/309 265/453/308 264/452/307
f 234/455/310 267/456/311 268/457/312
f 269/458/251 270/459/251 263/447/251
f 242/449/279 270/460/279 261/461/279
f 262/462/279 271/463/279 272/464/279
f 273/465/313 274/466/314 198/360/266
f 249/429/298 254/434/303 275/467/315
f 276/468/316 277/469/316 278/470/316
f 279/471/317 280/472/317 281/473/317
f 282/474/318 283/475/318 284/476/318
f 285/477/196 286/478/196 282/479/196
f 287/480/319 288/481/319 289/482/319
f 290/483/319 291/484/319 292/485/319
f 293/486/196 294/487/196 295/488/196
f 296/489/318 297/490/320 298/491/318
f 299/492/317 300/493/317 301/494/317
f 302/495/196 303/496/196 296/497/196
f 304/498/319 305/499/319 306/500/319
f 307/501/319 308/502/319 309/503/319
f 310/504/196 311/505/196 312/506/196
f 308/507/196 284/508/321 309/509/322
f 277/510/196 313/511/321 278/512/322
f 314/513/196 301/514/321 315/515/322
f 316/516/196 281/517/321 317/518/322
f 291/519/196 318/520/321 292/521/322
f 288/522/196 319/523/321 289/524/322
f 320/525/196 321/526/321 322/527/322
f 323/528/196 324/529/321 325/530/322
f 326/531/196 298/532/321 327/533/322
f 328/534/196 329/535/321 330/536/322
f 305/537/196 331/538/321 306/539/322
f 332/540/318 333/541/318 313/542/318
f 334/543/319 328/544/319 330/545/319
f 335/546/196 336/547/196 279/548/196
f 295/549/323 337/550/323 318/551/323
f 338/552/319 339/553/319 194/554/319
f 309/509/322 283/555/324 340/556/325
f 278/512/322 333/557/324 341/558/325
f 315/515/322 300/559/324 342/560/325
f 317/518/322 280/561/324 343/562/325
f 292/521/322 337/563/324 344/564/325
f 289/524/322 345/565/324 346/566/325
f 322/527/322 347/567/324 348/568/325
f 325/530/322 349/569/324 350/570/325
f 327/533/322 297/571/324 351/572/325
f 330/536/322 352/573/324 353/574/325
f 306/539/322 354/575/324 355/576/325
f 356/577/319 320/578/319 322/579/319
f 357/580/196 358/581/196 332/582/196
f 359/583/196 360/584/196 299/585/196
f 361/586/196 362/587/196 363/588/196
f 275/589/326 254/590/327 248/591/328
f 312/592/318 352/593/329 329/594/318
f 363/595/330 349/596/330 324/597/330
f 364/598/319 323/599/319 325/600/319
f 365/601/196 366/602/196 367/603/196
f 246/604/196 368/605/196 275/606/196
f 369/607/319 314/608/319 315/609/319
f 370/610/323 354/611/323 331/612/323
f 371/613/196 372/614/196 373/615/196
f 374/616/319 326/617/319 327/618/319
f 375/619/319 316/620/319 317/621/319
f 376/622/196 199/623/196 370/624/196
f 373/625/317 347/626/317 321/627/317
f 367/628/318 345/629/318 319/630/318
f 377/631/331 275/467/267 368/632/267
f 340/556/325 283/555/324 282/633/315
f 273/465/313 378/634/332 274/466/314
f 199/361/315 196/358/264 197/359/265
f 199/361/267 274/466/314 370/635/267
f 379/636/333 380/637/334 381/638/335
f 382/639/336 266/454/309 383/640/337
f 264/452/307 377/631/331 384/641/338
f 264/452/307 384/641/338 385/642/339
f 385/642/339 386/643/340 264/452/307
f 386/643/340 387/644/341 388/645/342
f 386/643/340 388/645/342 389/646/343
f 386/643/340 390/647/344 391/648/345
f 391/648/345 390/647/344 392/649/346
f 391/648/345 392/649/346 393/650/347
f 391/648/345 393/650/347 394/651/348
f 273/465/313 395/652/349 378/634/332
f 379/636/333 396/653/229 397/654/350
f 382/639/336 380/637/334 398/655/351
f 266/454/309 386/643/340 383/640/337
f 383/640/337 386/643/340 391/648/345
f 286/656/267 384/641/338 282/633/267
f 341/558/325 333/557/324 332/657/315
f 358/658/267 385/642/339 332/657/267
f 342/560/325 300/559/324 299/659/315
f 360/660/267 387/644/341 299/659/267
f 279/661/267 387/644/341 360/660/267
f 336/662/267 388/645/342 279/661/267
f 367/663/315 346/566/325 345/565/324
f 295/664/315 344/564/325 337/563/324
f 373/665/315 348/568/325 347/567/324
f 363/666/315 350/570/325 349/569/324
f 296/667/315 351/572/325 297/571/324
f 312/668/315 353/574/325 352/573/324
f 370/635/315 355/576/325 354/575/324
f 294/669/267 389/646/352 295/664/267
f 274/466/314 311/670/267 370/635/267
f 311/670/267 378/634/332 312/668/267
f 395/652/349 296/667/267 303/671/267
f 378/634/332 303/671/267 312/668/267
f 393/650/347 363/666/267 362/672/267
f 395/652/349 362/672/267 296/667/267
f 390/647/344 294/669/267 367/663/267
f 336/662/267 389/646/352 388/645/342
f 366/673/267 390/647/344 367/663/267
f 392/649/346 366/673/267 373/665/267
f 392/649/346 373/665/267 372/674/267
f 393/650/347 372/674/267 363/666/267
f 249/429/298 275/467/267 377/631/331
f 271/675/296 399/676/296 272/677/296
f 198/360/266 274/466/314 199/361/267
f 194/356/262 400/678/196 401/679/353
f 194/356/262 402/680/196 400/678/196
f 194/356/262 403/681/196 402/680/196
f 194/356/262 404/682/196 403/681/196
f 261/683/354 271/684/355 262/685/356
f 405/686/357 261/683/354 404/687/358
f 261/683/354 270/688/359 404/687/358
f 404/687/358 270/688/359 403/689/360
f 270/688/359 406/690/361 403/689/360
f 234/691/362 407/692/363 408/693/364
f 408/693/364 409/694/365 410/695/366
f 400/696/367 411/697/368 401/698/369
f 412/699/370 410/695/366 411/697/368
f 402/700/371 412/699/370 400/696/367
f 413/701/372 408/693/364 412/699/370
f 414/702/373 415/703/374 383/640/337
f 394/651/313 395/652/349 273/465/313
f 273/704/229 416/705/229 394/706/229
f 391/707/375 416/708/376 417/709/377
f 383/710/378 417/709/377 418/711/379
f 414/712/380 418/711/379 419/713/380
f 414/714/381 420/715/381 415/716/381
f 420/717/382 396/718/383 381/719/384
f 421/720/385 422/721/386 273/722/386
f 423/723/387 421/724/388 424/725/389
f 425/726/390 426/727/391 421/720/385
f 427/728/229 428/729/229 429/730/229
f 430/731/392 425/732/393 423/723/387
f 429/733/394 431/734/395 425/726/390
f 432/735/396 433/736/397 434/737/398
f 435/738/399 436/739/400 433/736/397
f 437/740/401 438/741/402 436/739/400
f 197/742/403 439/743/404 440/744/405
f 440/744/405 441/745/406 437/740/401
f 424/746/407 440/744/405 442/747/408
f 442/747/408 437/740/401 435/738/399
f 423/748/409 442/747/408 443/749/410
f 443/749/410 435/738/399 432/735/396
f 195/750/411 411/697/368 439/743/404
f 444/751/412 434/737/398 445/752/413
f 439/743/404 410/695/366 441/745/406
f 446/753/414 432/735/396 444/751/412
f 443/749/410 430/754/415 423/748/409
f 402/700/371 406/690/361 413/701/372
f 402/700/371 403/689/360 406/690/361
f 447/755/416 233/756/417 228/757/416
f 448/758/418 382/639/336 415/703/419
f 382/639/336 383/640/337 415/703/419
f 252/432/301 266/454/309 255/435/304
f 449/759/420 398/655/351 450/760/421
f 451/761/223 397/654/350 452/762/422
f 252/432/301 249/429/298 265/453/308
f 255/435/304 382/639/336 250/430/299
f 450/760/421 379/636/333 451/761/223
f 250/430/299 453/763/423 251/431/300
f 382/639/336 449/759/420 250/430/299
f 438/741/402 410/695/366 409/694/365
f 454/764/424 455/765/424 456/766/424
f 236/767/279 457/768/279 458/769/279
f 236/767/279 229/404/289 459/770/425
f 229/404/289 460/771/426 459/770/425
f 231/406/291 232/405/427 460/772/428
f 461/773/429 462/774/279 463/775/279
f 464/776/430 465/777/431 466/778/432
f 467/779/433 468/780/434 469/781/435
f 470/782/436 471/783/437 472/784/438
f 466/778/432 473/785/439 474/786/440
f 468/780/434 475/787/441 464/776/430
f 476/788/442 469/781/435 471/783/437
f 165/326/228 472/784/438 166/327/229
f 477/789/443 474/786/440 473/785/439
f 478/790/444 479/791/445 480/792/446
f 481/793/447 478/790/444 480/792/448
f 481/793/447 482/794/449 483/795/450
f 484/796/451 485/797/452 482/794/449
f 486/798/453 487/799/454 485/797/452
f 462/800/455 488/801/456 463/802/457
f 489/803/458 490/804/459 491/805/458
f 492/806/460 493/807/461 494/808/462
f 495/809/463 183/345/251 496/810/464
f 497/811/465 489/803/458 491/805/458
f 498/812/466 494/808/462 490/804/459
f 499/813/467 496/810/464 493/807/461
f 500/814/468 501/815/469 497/811/465
f 502/816/470 500/814/468 503/817/470
f 504/818/471 505/819/472 506/820/473
f 507/821/474 508/822/475 509/823/476
f 510/824/477 506/820/473 508/822/475
f 511/825/478 512/826/479 513/827/480
f 502/816/470 514/828/481 515/829/482
f 513/827/480 516/830/483 479/791/445
f 516/830/483 515/829/482 514/828/481
f 513/827/480 512/826/479 517/831/484
f 518/832/485 519/833/486 511/825/478
f 520/834/487 518/832/485 511/825/478
f 521/835/488 511/825/478 513/827/489
f 522/836/490 523/837/491 524/838/492
f 524/838/492 525/839/493 522/836/490
f 523/840/494 526/841/495 524/842/496
f 527/843/497 518/832/485 528/844/498
f 528/844/498 518/832/485 529/845/499
f 483/795/450 530/846/500 531/847/501
f 532/848/502 533/849/503 534/850/504
f 535/851/505 536/852/506 533/849/503
f 537/853/507 530/846/500 536/852/506
f 482/794/449 536/852/506 530/846/500
f 530/846/500 483/795/450 482/794/449
f 485/797/452 533/849/503 536/852/506
f 487/799/454 534/850/504 533/849/508
f 528/844/498 538/854/509 539/855/510
f 527/843/497 539/855/510 526/841/495
f 518/832/485 527/843/497 523/840/494
f 538/854/509 535/851/505 532/848/502
f 537/853/507 518/832/485 520/834/487
f 529/845/499 535/851/505 538/854/509
f 462/774/279 477/789/443 534/856/279
f 534/856/279 477/789/443 532/857/279
f 538/858/279 532/857/279 477/789/443
f 539/859/279 538/858/279 477/789/443
f 526/860/279 539/859/279 477/789/443
f 526/860/279 477/789/443 524/861/279
f 525/862/279 524/861/279 477/789/443
f 540/863/279 541/864/279 542/865/279
f 543/866/511 544/867/511 545/868/511
f 525/839/493 546/869/512 522/836/490
f 547/870/196 548/871/513 543/872/514
f 549/873/251 550/874/251 551/875/251
f 543/872/514 552/876/515 546/877/515
f 553/878/229 554/879/229 547/880/229
f 546/881/516 552/882/517 522/883/518
f 547/880/229 554/879/229 548/884/519
f 555/885/196 556/886/196 557/887/196
f 558/888/520 554/889/520 559/890/520
f 548/871/513 560/891/521 552/876/515
f 549/873/251 556/892/251 561/893/251
f 558/894/522 559/895/523 562/896/524
f 563/897/229 564/898/229 565/899/229
f 566/900/525 567/901/279 568/902/526
f 569/903/527 566/900/525 568/902/526
f 570/904/528 571/905/529 475/787/441
f 572/906/530 573/907/531 473/785/439
f 476/788/442 574/908/532 467/779/433
f 165/326/228 575/909/533 470/782/436
f 571/905/529 465/777/431 475/787/441
f 574/908/532 570/904/528 467/779/433
f 575/909/533 476/788/442 470/782/436
f 576/910/534 473/785/439 465/777/431
f 573/907/535 577/911/536 544/912/279
f 578/913/229 553/878/229 579/914/229
f 545/868/511 567/915/511 580/916/511
f 555/917/229 563/897/229 581/918/229
f 582/919/251 583/920/251 584/921/251
f 585/922/196 586/923/196 564/924/196
f 580/925/196 563/926/196 565/927/196
f 587/928/537 588/929/538 589/930/539
f 590/931/540 591/932/541 592/933/542
f 593/934/543 594/935/544 590/931/540
f 581/918/229 595/936/229 555/917/229
f 584/921/251 557/937/251 549/873/251
f 555/885/196 583/938/196 585/922/196
f 596/939/196 581/940/196 563/926/196
f 597/941/545 508/822/475 598/942/546
f 599/943/547 600/944/547 601/945/547
f 602/946/317 603/947/317 604/948/317
f 605/949/330 606/950/330 607/951/330
f 608/952/279 609/953/279 605/954/279
f 610/955/319 611/956/319 612/957/319
f 613/958/319 614/959/319 615/960/319
f 616/961/279 617/962/279 618/963/279
f 619/964/330 620/965/330 621/966/548
f 622/967/317 623/968/317 624/969/317
f 625/970/279 626/971/279 619/972/279
f 627/973/319 628/974/319 629/975/319
f 630/976/319 631/977/319 632/978/319
f 633/979/279 634/980/279 635/981/279
f 606/982/549 631/983/279 630/984/550
f 636/985/549 600/986/279 599/987/550
f 623/988/549 637/989/279 638/990/550
f 603/991/549 639/992/279 640/993/550
f 641/994/549 614/995/279 613/996/550
f 642/997/549 611/998/279 610/999/550
f 643/1000/549 644/1001/279 645/1002/550
f 646/1003/549 647/1004/279 648/1005/550
f 620/1006/549 649/1007/279 650/1008/550
f 651/1009/549 652/1010/279 653/1011/550
f 654/1012/549 628/1013/279 627/1014/550
f 655/1015/330 636/1016/330 656/1017/330
f 653/1018/319 652/1019/319 657/1020/319
f 658/1021/279 659/1022/279 602/1023/279
f 618/1024/551 641/1025/551 660/1026/551
f 542/1027/319 541/1028/319 661/1029/319
f 607/1030/552 630/984/550 662/1031/553
f 656/1032/552 599/987/550 663/1033/553
f 624/1034/552 638/990/550 664/1035/553
f 604/1036/552 640/993/550 665/1037/554
f 660/1038/552 613/996/550 666/1039/553
f 667/1040/552 610/999/550 668/1041/553
f 669/1042/552 645/1002/550 670/1043/553
f 671/1044/552 648/1005/550 672/1045/553
f 621/1046/552 650/1008/550 673/1047/553
f 674/1048/552 653/1011/550 675/1049/553
f 676/1050/552 627/1014/550 677/1051/553
f 645/1052/319 644/1053/319 678/1054/319
f 679/1055/279 680/1056/279 655/1057/279
f 681/1058/279 682/1059/279 622/1060/279
f 683/1061/279 684/1062/279 685/1063/279
f 686/1064/555 566/1065/556 687/1066/557
f 635/1067/330 651/1068/330 674/1069/558
f 685/1070/318 646/1071/318 671/1072/318
f 648/1073/319 647/1074/319 688/1075/319
f 689/1076/279 690/1077/279 691/1078/279
f 692/1079/279 693/1080/279 686/1081/279
f 638/1082/319 637/1083/319 694/1084/319
f 695/1085/551 654/1086/551 676/1087/551
f 696/1088/279 697/1089/279 698/1090/279
f 650/1091/319 649/1092/319 699/1093/319
f 640/1094/319 639/1095/319 700/1096/319
f 701/1097/279 702/1098/279 695/1099/279
f 698/1100/317 643/1101/317 669/1102/317
f 691/1103/330 642/1104/330 667/1105/330
f 591/932/559 692/1106/560 686/1107/560
f 605/1108/560 692/1106/560 703/1109/561
f 597/941/545 598/942/546 704/1110/562
f 701/1111/563 508/822/475 705/1112/564
f 701/1111/560 695/1113/560 598/942/546
f 706/1114/565 707/1115/566 708/1116/567
f 587/928/537 709/1117/568 593/934/543
f 594/935/544 703/1109/569 591/932/541
f 594/935/544 710/1118/570 703/1109/569
f 594/935/544 711/1119/571 710/1118/570
f 712/1120/572 713/1121/573 711/1119/571
f 712/1120/572 714/1122/574 713/1121/573
f 712/1120/572 715/1123/575 714/1122/574
f 716/1124/576 717/1125/577 715/1123/575
f 716/1124/576 718/1126/578 717/1125/577
f 716/1124/576 719/1127/579 718/1126/578
f 597/941/545 704/1110/562 720/1128/580
f 396/653/229 706/1114/565 397/654/350
f 707/1115/566 587/928/581 708/1116/567
f 709/1117/568 594/935/544 593/934/543
f 709/1117/568 716/1124/576 712/1120/572
f 608/1129/560 605/1108/560 703/1109/569
f 655/1130/560 608/1129/560 710/1118/570
f 679/1131/560 655/1130/560 710/1118/570
f 622/1132/560 679/1131/560 711/1119/571
f 681/1133/560 622/1132/560 711/1119/571
f 602/1134/563 665/1037/554 681/1133/563
f 658/1135/560 602/1134/560 713/1121/573
f 691/1136/563 668/1041/553 616/1137/563
f 666/1039/553 618/1138/563 660/1038/552
f 698/1139/563 670/1043/553 689/1140/563
f 685/1141/563 672/1045/553 696/1142/563
f 619/1143/563 673/1047/553 683/1144/563
f 635/1145/563 675/1049/553 625/1146/563
f 695/1113/563 677/1051/553 633/1147/563
f 616/1137/560 618/1138/560 714/1122/582
f 598/942/546 633/1147/560 704/1110/562
f 633/1147/560 635/1145/560 704/1110/562
f 720/1128/580 625/1146/560 619/1143/560
f 704/1110/562 625/1146/560 720/1128/580
f 718/1126/578 683/1144/560 685/1141/560
f 720/1128/580 683/1144/560 718/1126/578
f 616/1137/560 715/1123/575 691/1136/560
f 714/1122/582 658/1135/560 713/1121/573
f 689/1140/560 691/1136/560 715/1123/575
f 717/1125/577 689/1140/560 715/1123/575
f 717/1125/577 696/1142/560 698/1139/560
f 718/1126/578 696/1142/560 717/1125/577
f 592/933/542 591/932/559 686/1107/560
f 661/1148/583 541/1149/583 721/1150/583
f 508/822/475 701/1111/560 598/942/546
f 722/1151/584 723/1152/279 505/819/472
f 723/1152/279 724/1153/279 542/865/279
f 542/865/279 724/1153/279 725/1154/279
f 542/865/279 725/1154/279 540/863/279
f 726/1155/585 595/1156/586 581/1157/587
f 721/1158/588 540/1159/589 595/1156/586
f 595/1156/586 540/1159/589 556/1160/590
f 540/1159/589 725/1161/591 556/1160/590
f 556/1160/590 725/1161/591 561/1162/592
f 727/1163/593 728/1164/594 729/1165/595
f 730/1166/596 729/1165/595 731/1167/597
f 732/1168/598 733/1169/599 722/1170/600
f 731/1167/597 734/1171/601 732/1168/598
f 734/1171/601 724/1172/602 733/1169/599
f 729/1165/595 735/1173/603 734/1171/601
f 736/1174/604 709/1117/568 737/1175/605
f 719/1127/545 720/1128/580 718/1126/578
f 738/1176/606 723/1152/279 542/865/279
f 508/822/475 506/820/473 705/1112/564
f 416/705/229 597/1177/229 719/1178/229
f 506/820/473 738/1176/606 705/1112/564
f 597/941/545 509/823/476 508/822/475
f 716/1179/375 416/708/376 719/1180/376
f 709/1181/378 417/709/377 716/1179/375
f 418/711/379 736/1182/380 419/713/380
f 420/715/381 736/1183/381 737/1184/381
f 420/717/382 737/1185/607 739/1186/608
f 422/721/609 509/1187/385 597/1188/609
f 740/1189/610 509/823/476 741/1190/611
f 426/727/391 741/1191/390 509/1187/385
f 742/1192/229 743/1193/229 744/1194/229
f 741/1190/611 745/1195/612 740/1189/610
f 431/734/395 742/1196/394 741/1191/390
f 746/1197/613 747/1198/614 550/1199/614
f 748/1200/615 749/1201/616 750/1202/617
f 750/1202/617 751/1203/618 752/1204/619
f 752/1204/619 753/1205/620 754/1206/621
f 510/1207/622 755/1208/623 504/1209/624
f 756/1210/625 754/1206/621 755/1208/623
f 507/1211/626 756/1210/625 510/1207/622
f 757/1212/627 752/1204/619 756/1210/625
f 740/1213/628 757/1212/627 507/1211/626
f 758/1214/629 750/1202/617 757/1212/627
f 504/1209/624 732/1168/598 722/1170/600
f 759/1215/630 746/1216/631 748/1200/615
f 731/1167/597 755/1208/623 754/1206/621
f 753/1205/620 731/1167/597 754/1206/621
f 748/1200/615 760/1217/632 759/1215/630
f 745/1218/633 758/1214/629 740/1213/628
f 724/1172/602 735/1173/603 561/1162/592
f 724/1172/634 561/1162/592 725/1161/591
f 561/1162/592 761/1219/635 762/1220/636
f 753/1221/637 550/1199/637 730/1222/637
f 730/1222/637 550/1199/637 727/1223/637
f 727/1223/637 550/1199/637 761/1224/637
f 761/1224/637 550/1199/637 762/1225/637
f 550/1199/637 749/1226/637 746/1197/638
f 749/1226/637 550/1199/637 751/1227/637
f 751/1227/637 550/1199/637 753/1221/637
f 728/1164/594 561/1162/592 735/1173/603
f 761/1219/635 561/1162/592 728/1164/594
f 561/893/251 550/874/251 549/873/251
f 739/1228/639 737/1175/640 587/928/537
f 587/928/641 737/1175/640 709/1117/568
f 590/931/540 763/1229/642 764/1230/643
f 708/1116/567 765/1231/644 766/1232/645
f 452/762/422 706/1114/565 767/1233/646
f 768/1234/647 569/903/527 769/1235/648
f 764/1236/649 770/1237/650 771/1238/651
f 706/1114/565 766/1232/645 767/1233/646
f 772/1239/652 773/1240/653 765/1231/644
f 774/1241/654 775/1242/655 776/1243/656
f 774/1244/657 455/765/657 454/764/657
f 777/1245/658 549/1246/659 551/1247/660
f 778/1248/661 779/1249/662 777/1245/663
f 780/1250/664 781/1251/665 778/1248/661
f 782/1252/666 783/1253/667 780/1250/668
f 784/1254/669 785/1255/670 782/1252/671
f 786/1256/672 787/1257/673 784/1254/669
f 776/1243/656 788/1258/674 786/1256/672
f 789/1259/196 790/1260/196 791/1261/196
f 791/1261/196 792/1262/675 562/1263/196
f 562/1263/196 792/1262/675 558/1264/676
f 558/1264/676 793/1265/677 560/891/521
f 560/1266/678 793/1267/679 794/1268/680
f 795/1269/196 789/1259/196 582/1270/196
f 565/899/229 578/913/229 579/914/229
f 251/431/300 796/1271/681 797/1272/682
f 580/925/196 553/1273/196 545/1274/196
f 578/1275/196 798/1276/196 799/1277/196
f 798/1278/251 789/1279/251 791/1280/251
f 769/1235/648 568/902/526 800/1281/683
f 800/1281/683 568/902/526 567/901/684
f 580/925/196 565/927/196 579/1282/196
f 564/924/196 801/1283/196 578/1275/196
f 801/1284/251 582/919/251 789/1279/251
f 800/1285/685 802/1286/686 769/1287/687
f 803/1288/688 256/436/305 251/431/300
f 251/431/300 453/763/423 804/1289/689
f 251/431/300 804/1289/689 796/1271/681
f 797/1272/682 803/1288/688 251/431/300
f 256/436/305 805/1290/690 806/1291/691
f 807/1292/692 257/437/306 256/436/305
f 256/436/305 803/1288/688 805/1290/690
f 806/1291/691 807/1292/692 256/436/305
f 559/895/523 791/1280/251 562/896/524
f 799/1277/196 559/1293/196 554/1294/196
f 545/1274/196 547/870/196 543/872/514
f 573/907/535 525/862/279 477/789/443
f 473/785/439 573/907/535 477/789/443
f 458/1295/251 230/412/295 236/411/294
f 230/1296/279 224/416/279 223/1297/279
f 220/386/279 213/1298/279 218/384/279
f 145/1299/196 253/433/302 808/1300/196
f 162/323/225 151/312/214 253/433/302
f 159/320/222 809/1301/693 810/1302/693
f 811/1303/694 812/1304/695 813/1305/696
f 814/1306/697 815/1307/698 816/1308/699
f 817/1309/700 818/1310/196 819/1311/701
f 820/1312/702 821/1313/703 817/1309/700
f 822/1314/704 823/1315/705 824/1316/706
f 818/1310/196 825/1317/707 819/1311/701
f 826/1318/708 827/1319/709 828/1320/710
f 829/1321/711 822/1314/704 824/1316/706
f 825/1317/707 830/1322/712 831/1323/713
f 832/1324/714 833/1325/715 823/1315/705
f 834/1326/716 835/1327/717 836/1328/718
f 837/1329/719 838/1330/720 815/1307/698
f 839/1331/721 828/1320/710 833/1325/722
f 459/1332/723 816/1308/699 457/1333/724
f 840/1334/725 841/1335/726 834/1326/716
f 812/1304/695 842/1336/727 843/1337/728
f 838/1330/720 844/1338/729 829/1321/711
f 835/1327/717 845/1339/730 836/1328/731
f 843/1337/728 846/1340/732 820/1312/702
f 845/1339/730 811/1303/694 813/1305/696
f 847/1341/733 840/1334/734 827/1319/709
f 457/1333/724 848/1342/735 447/1343/724
f 824/1316/706 849/1344/736 829/1321/711
f 816/1308/699 850/1345/737 848/1342/735
f 838/1330/720 850/1345/737 815/1307/698
f 829/1321/711 851/1346/738 838/1330/720
f 823/1315/705 852/1347/739 824/1316/706
f 853/1348/740 854/1349/741 823/1315/705
f 406/690/361 226/1350/742 413/701/372
f 234/691/362 413/701/372 226/1350/742
f 226/1350/742 235/1351/743 234/691/362
f 855/1352/744 234/455/310 856/1353/745
f 857/1354/746 267/1355/746 233/407/746
f 267/456/747 858/1356/748 268/457/749
f 233/756/750 226/1357/750 228/757/751
f 436/1358/752 438/1359/279 856/1360/279
f 859/1361/657 857/1362/657 848/1363/657
f 858/1364/657 859/1361/657 852/1365/657
f 810/1366/753 834/1367/754 860/1368/755
f 797/1369/756 861/1370/757 803/1371/758
f 257/1372/759 862/1373/760 809/1374/761
f 806/1375/762 863/1376/763 807/1377/764
f 807/1377/764 864/1378/765 257/1372/759
f 804/1379/766 865/1380/767 796/1381/768
f 809/1374/761 866/1382/769 810/1366/753
f 803/1371/758 867/1383/770 805/1384/771
f 796/1381/768 868/1385/772 797/1369/756
f 805/1384/771 869/1386/773 806/1375/762
f 453/1387/774 870/1388/775 804/1379/766
f 453/1387/774 871/1389/776 872/1390/777
f 866/1391/778 862/1392/779 840/1334/725
f 840/1334/725 834/1326/716 866/1391/778
f 862/1392/779 864/1393/780 840/1334/725
f 823/1315/705 833/1325/722 853/1348/740
f 872/1394/781 853/1348/740 870/1395/782
f 870/1395/782 853/1348/740 865/1396/783
f 853/1348/740 833/1325/722 865/1396/783
f 865/1396/783 833/1325/722 868/1397/784
f 868/1397/784 833/1325/722 861/1398/785
f 867/1399/786 861/1398/785 833/1325/722
f 833/1325/722 828/1320/710 867/1399/786
f 867/1399/786 828/1320/710 869/1400/787
f 828/1320/710 827/1319/709 869/1400/787
f 869/1400/787 827/1319/709 863/1401/788
f 864/1393/780 863/1401/788 827/1319/709
f 827/1319/709 840/1334/725 864/1393/780
f 853/1348/740 871/1402/789 873/1403/790
f 575/1404/791 834/1367/754 836/1405/792
f 874/1406/793 836/1405/792 845/1407/794
f 574/1408/795 845/1407/794 813/1409/796
f 875/1410/797 813/1409/796 812/1411/798
f 571/1412/799 812/1411/798 843/1413/800
f 576/1414/801 843/1413/800 820/1415/802
f 572/1416/803 820/1415/802 817/1417/804
f 572/1416/803 817/1417/804 577/1418/805
f 876/1419/806 877/1420/807 878/1421/808
f 879/1422/809 880/1423/726 454/1424/810
f 881/1425/811 877/1426/811 882/1427/811
f 883/1428/812 884/1429/813 876/1419/806
f 885/1430/733 886/1431/814 879/1422/809
f 887/1432/815 888/1433/816 885/1430/733
f 454/1424/810 889/1434/817 883/1428/812
f 876/1435/657 878/1436/657 881/1437/657
f 879/1438/657 454/764/657 890/1439/657
f 883/1440/657 876/1435/657 881/1437/657
f 885/1441/657 879/1438/657 890/1439/657
f 887/1442/657 890/1439/657 268/1443/657
f 877/1444/818 884/1445/819 765/1446/818
f 877/1426/196 773/1447/196 891/1448/196
f 765/1446/820 884/1445/821 766/1449/822
f 766/1449/823 889/1450/823 767/1451/823
f 767/1451/824 880/1452/825 452/1453/825
f 451/1454/826 880/1452/827 886/1455/826
f 450/1456/828 886/1455/828 888/1457/828
f 449/1458/829 888/1457/829 892/1459/829
f 893/1460/830 894/1461/831 800/1285/685
f 592/933/542 895/1462/832 763/1229/642
f 896/1463/833 769/1287/687 802/1286/686
f 896/1463/833 895/1464/834 768/1465/835
f 897/1466/836 590/931/540 764/1230/643
f 588/929/538 593/934/543 898/1467/837
f 593/934/543 897/1466/836 898/1467/837
f 764/1236/649 771/1238/651 897/1468/838
f 898/1469/839 897/1468/840 771/1238/651
f 588/1470/841 898/1469/839 771/1238/651
f 765/1231/644 899/1471/842 772/1239/652
f 899/1471/842 587/928/537 589/930/539
f 771/1238/651 589/1472/843 588/1470/841
f 899/1473/844 771/1238/651 900/1474/845
f 900/1474/845 772/1475/846 899/1473/844
f 687/1476/847 592/933/542 686/1107/563
f 901/1477/251 902/1478/251 551/875/251
f 903/1479/251 904/1480/251 905/1481/251
f 906/1482/251 907/1483/251 908/1484/251
f 909/1485/251 904/1480/251 910/1486/251
f 905/1487/848 911/1488/849 901/1489/848
f 912/1490/850 913/1491/851 911/1488/849
f 914/1492/852 915/1493/853 913/1491/851
f 916/1494/854 917/1495/855 915/1493/853
f 918/1496/856 919/1497/857 917/1495/855
f 920/1498/858 921/1499/859 919/1497/857
f 922/1500/860 923/1501/861 921/1499/859
f 924/1502/862 925/1503/863 923/1501/861
f 926/1504/864 927/1505/865 925/1503/863
f 550/1506/866 928/1507/866 903/1508/866
f 929/1509/251 908/1484/251 907/1483/251
f 930/1510/867 931/1511/868 927/1505/865
f 931/1511/868 932/1512/869 907/1513/869
f 903/1479/251 551/875/251 550/874/251
f 932/1514/251 909/1485/251 910/1486/251
f 932/1515/279 933/1516/279 909/1517/279
f 906/1482/251 902/1478/251 901/1477/251
f 907/1518/196 906/1519/196 931/1520/196
f 911/1521/196 917/1522/196 906/1519/196
f 912/1523/279 909/1517/279 918/1524/279
f 587/928/537 593/934/543 588/929/538
f 770/1237/650 763/1525/870 895/1464/834
f 896/1463/833 770/1237/650 895/1464/834
f 893/1526/871 934/1527/872 894/1528/873
f 858/1529/874 892/1530/874 887/1531/875
f 503/1532/657 500/1533/657 935/1534/657
f 936/1535/657 516/1536/657 514/1537/657
f 935/1534/657 936/1535/657 514/1537/657
f 514/1537/657 503/1532/657 935/1534/657
f 500/1533/657 497/1538/657 935/1534/657
f 479/1539/657 516/1536/657 936/1535/657
f 937/1540/657 461/1541/657 463/1542/657
f 893/1526/871 938/1543/876 934/1527/872
f 939/1544/877 940/1545/878 938/1543/876
f 940/1545/878 941/1546/879 942/1547/880
f 942/1547/880 943/1548/881 944/1549/882
f 944/1549/882 945/1550/883 946/1551/884
f 946/1551/229 947/1552/885 948/1553/886
f 948/1553/886 949/1554/887 950/1555/888
f 950/1555/888 951/1556/889 952/1557/890
f 952/1557/890 953/1558/891 817/1417/804
f 954/1559/892 802/1560/893 894/1528/873
f 954/1559/892 894/1528/873 934/1527/894
f 830/1322/712 790/1561/895 955/1562/896
f 831/1323/713 956/1563/897 825/1317/707
f 825/1317/707 957/1564/898 819/1311/701
f 819/1311/701 952/1565/899 817/1309/700
f 952/1565/899 819/1311/701 950/1566/900
f 938/1567/901 958/1568/902 959/1569/903
f 948/1570/904 960/1571/905 946/1572/906
f 960/1571/905 825/1317/707 956/1563/897
f 950/1566/900 957/1564/898 948/1570/904
f 944/1573/907 960/1571/905 961/1574/908
f 956/1563/897 961/1574/908 960/1571/905
f 942/1575/909 961/1574/908 962/1576/910
f 961/1574/908 956/1563/897 962/1576/910
f 962/1576/910 956/1563/911 963/1577/912
f 940/1578/913 942/1575/909 962/1576/910
f 940/1578/913 963/1577/912 958/1568/902
f 954/1579/914 964/1580/915 965/1581/916
f 966/1582/917 965/1581/916 967/1583/918
f 934/1584/919 959/1569/903 964/1580/915
f 955/1562/896 790/1561/895 968/1585/920
f 896/1586/921 802/1560/893 966/1587/922
f 896/1588/923 967/1583/918 969/1589/924
f 896/1588/923 969/1589/924 770/1590/925
f 967/1583/918 965/1581/916 970/1591/926
f 891/1592/927 773/1593/928 900/1594/929
f 773/1593/930 772/1595/931 900/1594/932
f 971/1596/933 882/1597/934 891/1592/927
f 972/1598/935 971/1596/933 969/1589/924
f 971/1596/933 891/1592/927 969/1589/924
f 891/1592/927 900/1594/932 771/1599/936
f 771/1599/936 770/1590/925 891/1592/927
f 770/1590/925 969/1589/924 891/1592/927
f 970/1591/926 972/1598/935 967/1583/918
f 967/1583/918 972/1598/935 969/1589/924
f 965/1581/916 964/1580/915 970/1591/926
f 883/1440/657 973/1600/657 454/764/657
f 883/1440/657 881/1437/657 973/1600/657
f 774/1244/937 974/1601/937 975/1602/938
f 976/1603/939 977/1604/940 795/1605/941
f 774/1244/942 978/1606/943 979/1607/944
f 774/1244/945 979/1607/945 980/1608/945
f 976/1603/939 795/1605/946 975/1602/938
f 795/1605/946 774/1244/947 975/1602/948
f 774/1244/949 980/1608/949 974/1601/949
f 882/1609/950 971/1610/951 981/1611/952
f 882/1609/950 981/1611/953 881/1612/954
f 982/1613/955 983/1614/956 968/1615/957
f 984/1616/958 795/1269/959 977/1617/960
f 985/1618/961 958/1619/962 963/1620/963
f 986/1621/964 968/1622/965 983/1623/966
f 983/1623/966 987/1624/967 986/1621/964
f 987/1624/967 988/1625/968 956/1626/969
f 986/1621/964 987/1624/967 956/1626/969
f 988/1625/968 989/1627/968 956/1626/969
f 989/1627/968 990/1628/970 956/1626/969
f 990/1628/970 991/1629/971 963/1620/963
f 991/1629/972 985/1618/973 963/1620/963
f 985/1618/974 992/1630/975 958/1619/962
f 992/1630/975 959/1631/976 958/1619/962
f 990/1628/977 963/1620/963 956/1626/969
f 881/1612/954 993/1632/978 973/1633/979
f 988/1634/980 994/1635/981 995/1636/982
f 991/1637/983 996/1638/984 997/1639/983
f 979/1640/985 998/1641/986 980/1642/987
f 988/1634/980 999/1643/988 989/1644/989
f 991/1637/983 1000/1645/990 985/1646/991
f 980/1642/987 1001/1647/992 974/1648/993
f 985/1646/991 1002/1649/994 992/1650/995
f 974/1648/993 1003/1651/996 975/1652/997
f 973/1633/979 1004/1653/998 1005/1654/999
f 972/1655/1000 1006/1656/1001 971/1610/951
f 975/1652/997 1007/1657/1002 976/1658/1003
f 1005/1654/999 1008/1659/1004 1009/1660/1004
f 970/1661/1005 1010/1662/1006 972/1655/1007
f 981/1611/953 1011/1663/1008 881/1612/954
f 977/1664/1009 1007/1657/1002 1012/1665/1010
f 981/1611/953 1006/1656/1001 1013/1666/1011
f 1012/1667/1010 982/1613/1012 977/1668/1009
f 982/1613/1013 1014/1669/1014 983/1614/956
f 1008/1659/1004 978/1670/1015 1009/1660/1004
f 964/1671/1016 1015/1672/1017 970/1661/1005
f 983/1614/1018 994/1635/981 987/1673/1019
f 989/1644/989 996/1638/984 990/1674/984
f 978/1670/1020 1016/1675/1021 979/1640/985
f 982/1613/1013 984/1676/1022 977/1668/1009
f 454/764/1023 456/766/424 890/1439/1024
f 454/764/1025 978/1606/1025 774/1244/947
f 775/1677/196 795/1269/196 584/1678/196
f 902/1679/279 908/1680/1026 776/1681/279
f 454/764/657 973/1600/657 1005/1682/657
f 1005/1682/657 1009/1683/657 454/764/657
f 893/1684/1027 800/1281/683 567/901/1028
f 567/901/279 941/1685/279 1017/1686/279
f 939/1687/1029 893/1684/1030 567/901/684
f 567/901/279 943/1688/279 941/1685/279
f 1017/1686/279 939/1687/1029 567/901/279
f 945/1689/279 943/1688/279 567/901/279
f 567/915/583 1018/1690/583 693/1691/583
f 544/912/279 951/1692/279 949/1693/279
f 949/1693/279 947/1694/279 544/912/279
f 544/912/279 953/1695/279 951/1692/279
f 577/911/536 953/1695/279 544/912/279
f 817/1417/804 953/1558/891 577/1418/805
f 945/1689/279 544/912/279 947/1694/279
f 530/846/500 520/834/487 531/847/501
f 531/847/501 478/790/444 483/795/450
f 478/790/444 521/835/488 513/827/480
f 531/847/501 511/825/478 521/835/488
f 1019/1696/866 186/1697/866 1020/1698/866
f 1021/1699/866 186/1697/866 178/1700/866
f 1022/1701/866 178/1700/866 188/1702/866
f 1023/1703/866 188/1702/866 181/1704/866
f 1024/1705/866 181/1704/866 189/1706/866
f 1025/1707/866 189/1706/866 184/1708/866
f 1026/1709/866 184/1708/866 1027/1710/866
f 1026/1709/866 1027/1710/866 1028/1711/866
f 1028/1711/866 1027/1710/866 1029/1712/866
f 1029/1712/866 495/1713/866 1030/1714/866
f 1030/1714/866 499/1715/866 1031/1716/866
f 1031/1716/866 492/1717/866 1032/1718/866
f 1032/1718/866 498/1719/866 1033/1720/866
f 1033/1720/866 489/1721/866 1034/1722/866
f 1034/1722/866 501/1723/866 1035/1724/866
f 1036/1725/866 501/1723/866 1037/1726/866
f 192/1727/866 1038/1728/866 201/1729/866
f 201/1729/866 1039/1730/866 1040/1731/866
f 1040/1731/866 1041/1732/866 1042/1733/866
f 1043/1734/866 190/1735/866 1019/1696/866
f 1044/1736/866 1042/1733/866 1041/1732/866
f 1045/1737/866 1046/1738/866 1044/1736/866
f 225/393/284 204/1739/1031 1045/1737/866
f 232/405/427 225/393/284 1045/1737/866
f 232/405/427 1047/1740/1032 460/772/428
f 1048/1741/866 1037/1726/866 502/1742/866
f 1049/1743/866 502/1742/866 515/1744/866
f 1050/1745/866 515/1744/866 517/1746/866
f 1051/1747/866 517/1746/866 512/1748/866
f 1052/1749/866 512/1748/866 519/1750/866
f 1053/1751/1033 519/1750/866 522/883/518
f 552/882/517 1053/1751/1033 522/883/518
f 560/1266/678 1053/1751/1033 552/882/517
f 794/1268/680 1053/1751/1033 560/1266/678
f 792/1752/1034 830/1322/712 793/1753/1035
f 460/1754/1036 814/1306/1037 459/1332/723
f 1036/1755/1038 1054/1756/1039 1035/1757/1040
f 1019/1758/1041 1055/1759/1042 1043/1760/1043
f 793/1753/1035 1056/1761/1044 1057/1762/1045
f 460/1754/1036 1058/1763/1046 814/1306/1037
f 1045/1764/1047 1059/1765/1048 1047/1766/1048
f 837/1329/719 814/1306/697 1058/1763/1046
f 1047/1767/1049 1060/1768/1050 460/1754/1036
f 1051/1769/1051 1061/1770/1052 1050/1771/1053
f 1038/1772/1054 1062/1773/1055 1039/1774/536
f 1050/1771/1053 1063/1775/1056 1049/1776/1057
f 1043/1760/1043 1064/1777/1058 1038/1772/1054
f 1049/1776/1057 1065/1778/1059 1048/1779/1060
f 1048/1779/1060 1066/1780/1061 1036/1755/1038
f 1052/1781/1062 1067/1782/1063 1051/1769/1051
f 1023/1783/1064 1068/1784/1065 1022/1785/1066
f 1041/1786/1048 1069/1787/1067 1044/1788/1068
f 1053/1789/1069 1070/1790/1070 1052/1781/1062
f 1020/1791/1071 1071/1792/1072 1019/1758/1041
f 1044/1788/1068 1072/1793/1073 1045/1764/1047
f 794/1794/1063 1073/1795/1074 1053/1789/1069
f 1029/1796/1075 1074/1797/1076 1028/1798/1077
f 1021/1799/1078 1075/1800/1079 1020/1791/1071
f 1022/1785/1066 1076/1801/1080 1021/1799/1078
f 1026/1802/1081 1077/1803/1082 1025/1804/1083
f 1024/1805/1084 1078/1806/1085 1023/1783/1064
f 1025/1804/1083 1079/1807/1086 1024/1805/1084
f 1028/1798/1077 1080/1808/1087 1026/1802/1081
f 830/1322/712 1081/1809/1088 1056/1761/1044
f 1035/1757/1040 1082/1810/1089 1034/1811/1090
f 1033/1812/1091 1083/1813/1092 1032/1814/1093
f 1034/1811/1090 1084/1815/1094 1033/1812/1091
f 1039/1774/536 1085/1816/1047 1041/1786/1048
f 794/1817/1095 1057/1762/1096 1086/1818/1095
f 1030/1819/1097 1087/1820/1098 1029/1796/1075
f 1032/1814/1093 1088/1821/1099 1031/1822/1100
f 1031/1822/1100 1089/1823/1101 1030/1819/1102
f 147/308/211 1090/1824/1103 1091/1825/1104
f 1092/1826/196 215/1827/196 1093/1828/196
f 1092/1829/1105 1094/1830/1106 1095/1831/1107
f 1092/1829/1105 1096/1832/1108 215/1833/1108
f 1093/1834/1109 145/306/210 808/1835/1110
f 1097/1836/1111 808/1835/1110 1094/1830/1106
f 215/380/296 1096/1837/296 218/383/296
f 142/1838/1112 140/300/208 1098/1839/1113
f 1099/1840/196 137/295/196 136/294/196
f 1100/1841/1114 143/1842/1115 1101/1843/1116
f 137/297/205 1102/1844/1117 139/298/206
f 1103/1845/196 143/303/196 1104/1846/196
f 1105/1847/1118 1106/1848/1119 1107/1849/1120
f 130/288/199 1108/1850/1121 1109/1851/1122
f 1110/1852/1123 212/1853/1124 1111/1854/1125
f 1112/1855/1126 1113/1856/1127 1105/1847/1118
f 1114/1857/1128 133/291/202 212/1853/1124
f 132/290/201 1115/1858/1129 1116/1859/201
f 1111/1854/1125 1106/1848/1119 1110/1852/1123
f 399/1860/196 130/286/196 128/284/196
f 126/1861/196 134/1862/196 1106/1863/196
f 128/284/196 127/283/196 1113/1864/196
f 127/283/196 126/1861/196 1113/1864/196
f 126/1861/196 132/1865/196 134/1862/196
f 134/1862/196 1114/1866/196 1106/1863/196
f 1114/1866/196 1110/1867/196 1106/1863/196
f 1106/1863/196 1113/1864/196 126/1861/196
f 364/1868/296 371/1869/296 272/677/296
f 427/1870/1130 1117/1871/1131 428/1872/1132
f 743/1873/1133 1118/1874/1134 744/1875/1134
f 428/1872/1132 1119/1876/866 1120/1877/866
f 1120/1877/866 1121/1878/1135 743/1873/1136
f 746/1197/613 1122/1879/1137 1123/1880/1138
f 1118/1881/1134 1123/1880/1139 744/1882/1134
f 409/1883/279 407/1884/279 856/1360/279
f 407/1884/279 855/1885/279 856/1360/279
f 436/1358/752 1124/1886/1140 1125/1887/1141
f 409/1883/279 856/1360/279 438/1359/279
f 1126/1888/1142 445/1889/1143 434/1890/1144
f 434/1890/1145 433/1891/1146 1126/1888/1142
f 433/1891/1147 436/1358/752 1126/1888/1142
f 1126/1888/1142 1125/1887/1141 427/1892/1130
f 928/1507/1148 1124/1893/1148 856/1894/1149
f 890/1895/1150 928/1896/1151 856/1353/745
f 746/1197/1152 1123/1880/1138 1127/1897/1153
f 928/1898/1154 890/1899/1154 910/1900/1155
f 143/1842/1115 1098/1839/1113 1101/1843/1116
f 887/1901/1156 268/1902/1156 858/1903/1156
f 449/1904/1157 892/1905/1158 871/1389/776
f 964/1671/1159 959/1906/1160 1128/1907/1161
f 959/1906/1160 992/1650/995 1128/1907/1161
f 1129/1908/1162 1128/1907/1161 1130/1909/1163
f 1002/1649/994 1128/1907/1161 992/1650/995
f 1125/1887/1141 1126/1888/1142 436/1358/752
f 456/1910/1164 455/1911/1164 910/1900/1165
f 904/1912/196 903/1913/196 928/1898/1166
f 456/1910/1164 910/1900/1167 890/1899/1168
f 910/1900/1169 904/1912/1170 928/1898/1171
f 702/1914/511 661/1148/511 596/1915/511
f 697/1916/511 688/1917/511 596/1915/511
f 596/1915/511 1131/1918/511 690/1919/511
f 1131/1918/511 693/1691/511 632/1920/511
f 632/1920/583 631/1921/583 1132/1922/583
f 1131/1918/511 632/1920/511 609/1923/511
f 628/1924/583 1133/1925/583 629/1926/583
f 1133/1925/583 702/1914/583 629/1926/583
f 632/1920/583 1132/1922/583 609/1923/583
f 601/1927/583 600/1928/583 1134/1929/583
f 1131/1918/511 609/1923/511 601/1927/511
f 601/1927/583 1134/1929/583 680/1930/583
f 1131/1918/511 601/1927/511 680/1930/511
f 702/1914/511 596/1915/511 629/1926/511
f 1131/1918/511 680/1930/511 694/1931/511
f 694/1931/583 637/1932/583 1135/1933/583
f 1131/1918/511 694/1931/511 682/1934/511
f 634/1935/511 629/1926/511 596/1915/511
f 652/1936/583 1136/1937/583 657/1938/583
f 1136/1937/583 634/1935/583 657/1938/583
f 694/1931/583 1135/1933/583 682/1934/583
f 700/1939/583 639/1940/583 1137/1941/583
f 682/1934/511 700/1939/511 1131/1918/511
f 1131/1918/511 700/1939/511 659/1942/511
f 657/1938/511 634/1935/511 596/1915/511
f 649/1943/583 1138/1944/583 699/1945/583
f 1138/1944/583 626/1946/583 699/1945/583
f 626/1946/511 657/1938/511 596/1915/511
f 700/1939/583 1137/1941/583 659/1942/583
f 615/1947/583 614/1948/583 1139/1949/583
f 1131/1918/511 659/1942/511 615/1947/511
f 615/1947/583 1139/1949/583 617/1950/583
f 1131/1918/511 615/1947/511 617/1950/511
f 1131/1918/511 617/1950/511 612/1951/511
f 612/1951/583 611/1952/583 1140/1953/583
f 1131/1918/511 612/1951/511 690/1919/511
f 699/1945/511 626/1946/511 596/1915/511
f 647/1954/583 1141/1955/583 688/1917/583
f 1141/1955/583 684/1956/583 688/1917/583
f 684/1956/511 699/1945/511 596/1915/511
f 612/1951/583 1140/1953/583 690/1919/583
f 678/1957/583 644/1958/583 1142/1959/583
f 690/1919/511 678/1957/511 596/1915/511
f 678/1957/583 1142/1959/583 697/1916/583
f 688/1917/511 684/1956/511 596/1915/511
f 678/1957/511 697/1916/511 596/1915/511
f 247/425/296 272/677/296 287/1960/296
f 272/677/296 128/1961/296 338/1962/296
f 247/425/296 357/1963/296 276/1964/296
f 128/1961/296 1112/1965/296 338/1962/296
f 1112/1965/1172 339/1966/1172 338/1962/1172
f 246/424/296 247/425/296 307/1967/296
f 357/1963/296 247/425/296 369/1968/296
f 307/1967/296 247/425/296 285/1969/296
f 1143/1970/1172 308/1971/1172 307/1967/1172
f 285/1969/296 247/425/296 276/1964/296
f 338/1962/296 376/1972/296 272/677/296
f 376/1972/1172 1144/1973/1172 304/1974/1172
f 1144/1973/1172 305/1975/1172 304/1974/1172
f 285/1969/1172 1143/1970/1172 307/1967/1172
f 1145/1976/1172 277/1977/1172 276/1964/1172
f 376/1972/296 304/1974/296 272/677/296
f 310/1978/1172 1146/1979/1172 334/1980/1172
f 1146/1979/1172 328/1981/1172 334/1980/1172
f 304/1974/296 310/1978/296 272/677/296
f 357/1963/1172 1145/1976/1172 276/1964/1172
f 1147/1982/1172 314/1983/1172 369/1968/1172
f 369/1968/296 247/425/296 359/1984/296
f 359/1984/1172 1147/1982/1172 369/1968/1172
f 359/1984/296 247/425/296 375/1985/296
f 375/1985/296 247/425/296 335/1986/296
f 1148/1987/1172 316/1988/1172 375/1985/1172
f 335/1986/296 247/425/296 290/1989/296
f 310/1978/296 334/1980/296 272/677/296
f 302/1990/1172 1149/1991/1172 374/1992/1172
f 1149/1991/1172 326/1993/1172 374/1992/1172
f 334/1980/296 302/1990/296 272/677/296
f 335/1986/1172 1148/1987/1172 375/1985/1172
f 1150/1994/1172 291/1995/1172 290/1989/1172
f 290/1989/296 247/425/296 293/1996/296
f 293/1996/1172 1150/1994/1172 290/1989/1172
f 293/1996/296 247/425/296 287/1960/296
f 287/1960/296 272/677/296 365/1997/296
f 1151/1998/1172 288/1999/1172 287/1960/1172
f 356/2000/296 272/677/296 371/1869/296
f 302/1990/296 374/1992/296 272/677/296
f 361/2001/1172 1152/2002/1172 364/1868/1172
f 1152/2002/1172 323/2003/1172 364/1868/1172
f 374/1992/296 361/2001/296 272/677/296
f 365/1997/1172 1151/1998/1172 287/1960/1172
f 1153/2004/1172 320/2005/1172 356/2000/1172
f 356/2000/296 365/1997/296 272/677/296
f 371/1869/1172 1153/2004/1172 356/2000/1172
f 361/2001/296 364/1868/296 272/677/296
f 1154/2006/1173 1155/2007/1174 1156/2008/1175
f 1157/2009/1176 1158/2010/1177 1155/2007/1174
f 1159/2011/1178 1160/2012/1179 1161/2013/1180
f 1162/2014/1181 1163/2015/1182 1158/2010/1177
f 1164/2016/1183 1156/2008/1175 1165/2017/1184
f 1166/2018/1185 1161/2013/1180 1167/2019/1186
f 1168/2020/1187 1165/2017/1184 1160/2012/1179
f 1169/2021/1188 1170/2022/229 1163/2015/1182
f 1167/2019/1186 1171/2023/1189 1166/2018/1185
f 1172/2024/1190 1173/2025/1191 1174/2026/1191
f 1175/2027/251 1176/2028/251 1172/2029/251
f 1177/2030/1192 1173/2025/1193 1178/2031/1194
f 1179/2032/1195 1178/2031/1194 1180/2033/1195
f 1179/2032/1195 1171/2023/1189 1181/2034/1189
f 1182/2035/251 1183/2036/1196 1184/2037/1197
f 1185/2038/1198 1186/2039/1199 1175/2040/1199
f 1187/2041/1200 1188/2042/1201 1185/2038/1198
f 1184/2037/1197 1189/2043/1202 1187/2041/1200
f 1190/2044/816 1191/2045/708 1192/2046/1203
f 1193/2047/1204 1194/2048/1205 1195/2049/1206
f 1196/2050/1207 1197/2051/1208 1198/2052/1209
f 1199/2053/1210 1200/2054/1211 1201/2055/1212
f 1202/2056/1213 1203/2057/1214 1199/2053/1210
f 1198/2052/1209 1204/2058/739 1205/2059/1215
f 1206/2060/251 1207/2061/809 1208/2062/1216
f 1192/2046/1203 1209/2063/721 1196/2050/1207
f 1205/2059/1215 1210/2064/1217 1211/2065/729
f 1195/2049/1206 1212/2066/1218 1213/2067/1219
f 1201/2055/1212 1214/2068/1220 1215/2069/1221
f 1211/2065/729 1216/2070/738 1202/2056/1213
f 1213/2067/1219 1217/2071/1222 1218/2072/1223
f 1218/2072/1223 1219/2073/229 1220/2074/229
f 1208/2062/1216 1221/2075/733 1190/2044/816
f 1215/2069/1221 1222/2076/1224 1193/2047/1204
f 1213/2077/657 1184/2078/657 1187/2079/657
f 1175/2080/657 1172/2081/657 1185/2082/657
f 1172/2081/657 1174/2083/657 1185/2082/657
f 1174/2083/657 1177/2084/657 1195/2085/657
f 1177/2084/657 1179/2086/657 1215/2087/657
f 1174/2083/657 1195/2085/657 1213/2077/657
f 1215/2087/657 1193/2088/657 1177/2084/657
f 1193/2088/657 1195/2085/657 1177/2084/657
f 1185/2082/657 1174/2083/657 1187/2079/657
f 1218/2089/657 1220/2090/657 1182/2091/657
f 1174/2083/657 1213/2077/657 1187/2079/657
f 1213/2077/657 1218/2089/657 1184/2078/657
f 1218/2089/657 1182/2091/657 1184/2078/657
f 1205/2092/657 1160/2093/657 1198/2094/657
f 1160/2093/657 1165/2095/657 1198/2094/657
f 1165/2095/657 1156/2096/657 1196/2097/657
f 1198/2094/657 1165/2095/657 1196/2097/657
f 1156/2096/657 1155/2098/657 1192/2099/657
f 1155/2098/657 1158/2100/657 1190/2101/657
f 1158/2100/657 1163/2102/657 1208/2103/657
f 1163/2102/657 1170/2104/657 1206/2105/657
f 1158/2100/657 1208/2103/657 1190/2101/657
f 1206/2105/657 1208/2103/657 1163/2102/657
f 1155/2098/657 1190/2101/657 1192/2099/657
f 1161/2106/657 1160/2093/657 1205/2092/657
f 1161/2106/657 1205/2092/657 1211/2107/657
f 1181/2108/657 1167/2109/657 1199/2110/657
f 1167/2109/657 1161/2106/657 1211/2107/657
f 1202/2111/657 1167/2109/657 1211/2107/657
f 1215/2087/657 1179/2086/657 1201/2112/657
f 1179/2086/657 1181/2108/657 1201/2112/657
f 1167/2109/657 1202/2111/657 1199/2110/657
f 1199/2110/657 1201/2112/657 1181/2108/657
f 1156/2096/657 1192/2099/657 1196/2097/657
f 1223/2113/1225 1224/2114/1226 1225/2115/1227
f 1226/2116/1228 1227/2117/1229 1223/2113/1225
f 1228/2118/1230 1229/2119/1231 1230/2120/1232
f 1231/2121/1233 1232/2122/1234 1226/2116/1228
f 1225/2115/1227 1233/2123/1235 1234/2124/1236
f 1230/2120/1232 937/2125/1237 1235/2126/1237
f 1234/2124/1236 1236/2127/1238 1228/2118/1230
f 1170/2022/229 1237/2128/1239 1231/2121/1233
f 937/2125/1237 1238/2129/1240 1235/2126/1237
f 1239/2130/1241 1240/2131/1242 1241/2132/1241
f 936/2133/251 1242/2134/251 1240/2135/251
f 1243/2136/1243 1239/2130/1241 1241/2132/1241
f 1244/2137/1244 1245/2138/1245 1243/2136/1243
f 1246/2139/1246 1244/2137/1244 1238/2129/1240
f 1247/2140/1247 1182/2035/251 1248/2141/1248
f 935/2142/1249 1249/2143/1250 1242/2144/1249
f 1250/2145/1251 1251/2146/1252 1249/2143/1250
f 1252/2147/1253 1248/2141/1248 1251/2146/1252
f 1253/2148/1254 1254/2149/1255 1255/2150/1256
f 1256/2151/1257 1257/2152/1258 1258/2153/1259
f 1259/2154/1260 1260/2155/1261 1261/2156/1262
f 1262/2157/1263 1263/2158/1264 1264/2159/1265
f 1263/2158/1264 1265/2160/196 1266/2161/196
f 1267/2162/1266 1261/2156/1262 1268/2163/1267
f 1269/2164/817 1206/2060/251 1270/2165/1268
f 1271/2166/1269 1255/2150/1256 1260/2155/1261
f 1272/2167/1270 1268/2168/1267 1273/2169/1271
f 1274/2170/1272 1258/2153/1259 1275/2171/1273
f 1276/2172/1274 1264/2159/1265 1277/2173/1275
f 1265/2160/196 1273/2169/1271 1266/2161/196
f 1278/2174/1276 1275/2171/1273 1279/2175/1277
f 1219/2073/229 1279/2175/1277 1220/2074/229
f 1280/2176/1278 1270/2165/1268 1254/2149/1255
f 1281/2177/1279 1277/2173/1275 1257/2152/1258
f 1275/2178/657 1251/2179/657 1248/2180/657
f 1242/2181/657 1249/2182/657 1240/2183/657
f 1240/2183/657 1249/2182/657 1241/2184/657
f 1241/2184/657 1258/2185/657 1243/2186/657
f 1243/2186/657 1277/2187/657 1244/2188/657
f 1241/2184/657 1275/2178/657 1258/2185/657
f 1277/2187/657 1243/2186/657 1257/2189/657
f 1257/2189/657 1243/2186/657 1258/2185/657
f 1249/2182/657 1251/2179/657 1241/2184/657
f 1279/2190/657 1182/2091/657 1220/2090/657
f 1241/2184/657 1251/2179/657 1275/2178/657
f 1275/2178/657 1248/2180/657 1279/2190/657
f 1279/2190/657 1248/2180/657 1182/2091/657
f 1268/2191/657 1261/2192/657 1228/2193/657
f 1228/2193/657 1261/2192/657 1234/2194/657
f 1234/2194/657 1260/2195/657 1225/2196/657
f 1261/2192/657 1260/2195/657 1234/2194/657
f 1225/2196/657 1255/2197/657 1223/2198/657
f 1223/2198/657 1254/2199/657 1226/2200/657
f 1226/2200/657 1270/2201/657 1231/2202/657
f 1231/2202/657 1206/2105/657 1170/2104/657
f 1226/2200/657 1254/2199/657 1270/2201/657
f 1206/2105/657 1231/2202/657 1270/2201/657
f 1223/2198/657 1255/2197/657 1254/2199/657
f 1230/2203/657 1268/2191/657 1228/2193/657
f 1230/2203/657 1273/2204/657 1268/2191/657
f 1238/2205/657 1263/2206/657 1235/2207/657
f 1235/2207/657 1273/2204/657 1230/2203/657
f 1266/2208/657 1273/2204/657 1235/2207/657
f 1277/2187/657 1264/2209/657 1244/2188/657
f 1244/2188/657 1264/2209/657 1238/2205/657
f 1235/2207/657 1263/2206/657 1266/2208/657
f 1263/2206/657 1238/2205/657 1264/2209/657
f 1225/2196/657 1260/2195/657 1255/2197/657
f 1246/2210/657 463/1542/657 1282/2211/657
f 493/2212/657 496/2213/657 935/1534/657
f 1239/2214/657 1245/2215/657 484/2216/657
f 481/2217/657 480/2218/657 1239/2214/657
f 1245/2215/657 486/2219/657 484/2216/657
f 484/2216/1025 481/2217/1025 1239/2214/1025
f 1283/2220/657 1188/2221/657 1183/2222/657
f 191/2223/657 1186/2224/657 187/2225/657
f 193/2226/657 200/2227/657 1186/2224/657
f 191/2223/657 193/2226/657 1186/2224/657
f 1186/2224/657 200/2227/657 1176/2228/657
f 200/2227/657 202/2229/657 1176/2228/657
f 1176/2228/657 1284/2230/657 170/2231/657
f 169/2232/657 1173/2233/657 170/2231/657
f 169/2232/1280 172/2234/1280 1173/2233/1280
f 149/2235/657 1159/2236/657 1166/2237/657
f 1180/2238/657 1285/2239/657 1171/2240/657
f 1285/2239/657 149/2235/657 1166/2237/657
f 1171/2240/657 1285/2239/657 1166/2237/657
f 488/2241/657 486/2219/657 1245/2215/657
f 488/2241/657 1245/2215/657 1282/2211/657
f 937/1540/657 463/1542/657 1246/2210/657
f 463/1542/657 488/2241/657 1282/2211/657
f 937/1540/657 1229/2242/657 461/1541/657
f 174/2243/657 176/2244/657 1178/2245/657
f 176/2244/657 1285/2239/657 1180/2238/657
f 1178/2245/657 1173/2233/657 172/2234/657
f 176/2244/657 1180/2238/657 1178/2245/657
f 1178/2245/657 172/2234/657 174/2243/657
f 157/2246/657 1157/2247/657 1154/2248/657
f 157/2246/657 158/2249/657 1157/2247/657
f 158/2249/657 160/2250/657 1162/2251/657
f 160/2250/657 166/2252/657 1169/2253/657
f 166/2252/657 1286/2254/657 1169/2253/657
f 155/2255/657 157/2246/657 1154/2248/657
f 158/2249/657 1162/2251/657 1157/2247/657
f 161/2256/657 152/2257/657 1168/2258/657
f 152/2257/657 155/2255/657 1164/2259/657
f 149/2235/657 167/2260/657 1159/2236/657
f 167/2260/657 161/2256/657 1168/2258/657
f 1168/2258/657 1159/2236/657 167/2260/657
f 1164/2259/657 1168/2258/657 152/2257/657
f 160/2250/657 1169/2253/657 1162/2251/657
f 1154/2248/657 1164/2259/657 155/2255/657
f 1227/2261/657 469/2262/657 1224/2263/657
f 472/2264/657 471/2265/657 1232/2266/657
f 471/2265/657 469/2262/657 1227/2261/657
f 1232/2266/657 471/2265/657 1227/2261/657
f 469/2262/657 468/2267/657 1224/2263/657
f 468/2267/657 464/2268/657 1233/2269/657
f 1224/2263/657 468/2267/657 1233/2269/657
f 464/2268/657 466/2270/657 1236/2271/657
f 466/2270/657 474/2272/657 1236/2271/657
f 464/2268/657 1236/2271/657 1233/2269/657
f 474/2272/657 461/1541/657 1229/2242/657
f 474/2272/657 1229/2242/657 1236/2271/657
f 166/2252/657 472/2264/657 1237/2273/657
f 1237/2273/657 1286/2254/657 166/2252/657
f 1232/2266/657 1237/2273/657 472/2264/657
f 222/389/229 240/2274/229 1287/2275/229
f 1104/2276/1281 1100/2277/1114 1288/2278/296
f 260/2279/296 237/413/296 139/415/206
f 458/769/279 457/768/279 447/2280/279
f 240/2274/229 244/422/229 1287/2275/229
f 260/443/279 1287/2281/279 244/441/279
f 259/439/279 240/418/279 239/417/279
f 259/448/251 458/1295/251 227/446/251
f 222/2282/279 1288/2283/279 213/1298/279
f 260/2279/296 1102/2284/1117 1099/2285/1282
f 139/415/206 1102/2284/1117 260/2279/296
f 1288/2278/296 260/2279/296 136/2286/296
f 214/379/275 213/378/275 1288/2278/275
f 1101/2287/1116 1090/2288/296 1100/2277/1114
f 1090/2288/296 214/379/296 1288/2278/296
f 1100/2277/1114 1090/2288/296 1288/2278/296
f 260/2279/296 1099/2285/1282 136/2286/296
f 136/2286/296 1103/2289/296 1288/2278/296
f 1103/2289/296 1104/2276/1281 1288/2278/296
f 206/368/1283 218/383/296 1096/1837/296
f 218/383/275 213/378/275 215/380/275
f 1289/2290/1284 1290/2291/1284 1291/2292/1284
f 1292/2293/1285 1293/2294/1286 1294/2295/1287
f 1294/2295/1287 1295/2296/1288 1296/2297/1289
f 1296/2297/1289 1297/2298/1290 1298/2299/1291
f 1298/2299/1291 1299/2300/1292 1300/2301/1293
f 1300/2301/1293 1301/2302/1294 1302/2303/1295
f 1302/2303/1295 1303/2304/1296 1304/2305/1297
f 1304/2305/1297 1305/2306/1298 1306/2307/1299
f 1306/2307/1299 1307/2308/657 1308/2309/657
f 1299/2310/279 1297/2311/279 1295/2312/279
f 1306/2313/196 1308/2314/196 1296/2315/196
f 168/329/231 1284/2316/1300 1309/2317/1301
f 1310/2318/1302 1042/2319/1303 1046/2320/1304
f 1309/2317/1301 202/364/270 1040/2321/1305
f 1309/2317/1301 1040/2321/1305 1042/2319/1303
f 1311/2322/1306 1046/2320/1304 204/2323/1307
f 1312/2324/1308 1310/2318/1302 1311/2322/1306
f 1313/2325/1309 1309/2317/1301 1310/2318/1302
f 203/2326/1310 211/2327/1311 1314/2328/1312
f 1314/2328/1312 1315/2329/1313 1311/2322/1306
f 1315/2329/1313 1316/2330/1314 1311/2322/1306
f 1317/2331/1315 1318/2332/1316 1319/2333/1317
f 1320/2334/1318 208/2335/1319 207/2336/1320
f 1321/2337/1321 1322/2338/1322 1320/2334/1318
f 1319/2333/1317 1323/2339/1323 1321/2337/1321
f 1321/2337/1321 171/332/235 1319/2333/1317
f 1319/2333/1317 171/332/235 1317/2331/1315
f 1320/2334/1318 173/334/238 1321/2337/1321
f 207/2336/1320 175/336/241 1320/2334/1318
f 209/2340/1324 1315/2329/1313 210/2341/1325
f 210/2341/1325 1314/2328/1312 211/2327/1311
f 1311/2322/1306 203/2326/1310 1314/2328/1312
f 209/2340/1324 208/2335/1319 1322/2338/1322
f 1323/2339/1323 1311/2322/1306 1316/2330/1314
f 1316/2330/1314 1322/2338/1322 1323/2339/1323
f 1319/2333/1317 1318/2332/1316 1312/2324/1308
f 168/329/231 1318/2332/1316 1317/2331/1326
f 168/329/231 1309/2317/1301 1313/2325/1309
f 1318/2332/1316 1310/2318/1302 1312/2324/1308
f 421/724/388 273/465/313 198/360/266
f 424/725/389 198/360/266 197/2342/265
f 125/280/194 1115/1858/1129 126/281/195
f 129/287/197 131/289/200 125/280/194
f 130/288/199 1109/1851/1122 131/289/200
f 132/290/201 1116/1859/201 133/291/202
f 135/293/196 1103/1845/196 136/294/196
f 138/296/1327 135/299/207 137/297/205
f 135/299/207 138/296/1328 140/300/208
f 144/305/209 148/309/212 145/306/210
f 147/308/211 1091/1825/1104 148/309/212
f 149/310/213 1285/2343/196 150/311/196
f 152/313/1329 161/322/224 153/314/216
f 155/316/218 163/324/226 156/317/219
f 158/319/221 164/325/227 159/320/222
f 161/322/224 167/328/230 162/323/225
f 155/316/218 152/313/1329 154/315/217
f 157/318/220 156/317/219 164/325/227
f 160/321/223 159/320/222 165/326/228
f 151/312/214 162/323/225 167/328/230
f 168/329/231 1317/2331/1315 169/330/234
f 169/330/234 1317/2331/1315 171/332/235
f 172/333/1330 171/332/235 173/334/238
f 174/335/240 173/334/238 175/336/241
f 150/338/243 1285/2344/1331 176/337/242
f 177/339/245 188/350/256 178/340/246
f 180/342/248 189/351/257 181/343/249
f 183/345/251 1027/2345/251 184/346/252
f 179/341/247 178/340/246 186/348/254
f 182/344/250 181/343/249 188/350/256
f 185/347/253 184/346/252 189/351/257
f 187/349/258 186/348/254 190/352/259
f 191/353/260 190/352/259 192/354/261
f 194/356/262 401/679/353 195/357/263
f 200/362/268 193/355/261 192/354/261
f 201/363/269 1040/2321/1305 202/364/270
f 203/365/271 1311/2346/1332 204/366/272
f 194/356/262 339/2347/196 1107/2348/196
f 339/2347/196 1112/2349/196 1105/2350/196
f 339/2347/196 1105/2350/196 1107/2348/196
f 405/2351/196 404/682/196 1108/2352/196
f 404/682/196 194/356/262 1116/2353/196
f 1109/2354/196 404/682/196 131/2355/196
f 1109/2354/196 1108/2352/196 404/682/196
f 125/2356/196 131/2355/196 404/682/196
f 1115/2357/196 125/2356/196 404/682/196
f 1115/2357/196 404/682/196 1116/2353/196
f 194/356/262 1107/2348/196 1111/2358/196
f 194/356/262 1111/2358/196 212/376/196
f 133/377/196 1116/2353/196 194/356/262
f 206/368/274 204/366/272 216/381/276
f 218/384/279 217/387/281 219/385/280
f 217/387/281 216/2359/282 221/388/282
f 222/389/229 220/395/229 223/390/229
f 216/392/1333 204/1739/1031 225/393/284
f 226/397/1334 406/2360/1334 227/398/1334
f 223/400/287 219/2361/287 229/401/287
f 219/385/280 221/388/282 231/403/288
f 221/394/1333 225/393/284 232/405/427
f 233/407/746 267/1355/746 234/408/746
f 241/419/229 245/423/229 242/420/229
f 244/422/229 258/2362/229 245/423/229
f 246/424/1172 238/414/1172 237/413/1172
f 248/428/297 253/433/302 140/426/196
f 253/433/302 145/1299/196 148/2363/196
f 253/433/302 148/2363/196 1091/2364/196
f 139/2365/196 238/2366/196 248/428/297
f 138/427/196 139/2365/196 248/428/297
f 253/433/302 1091/2364/196 1101/2367/196
f 140/426/196 253/433/302 1098/2368/196
f 1091/2364/196 1090/2369/196 1101/2367/196
f 1101/2367/196 1098/2368/196 253/433/302
f 162/323/225 254/434/303 249/429/298
f 163/324/226 255/435/304 250/430/299
f 153/314/216 249/429/298 252/432/301
f 253/433/302 248/428/297 254/434/303
f 154/315/217 252/432/301 255/435/304
f 156/317/219 251/431/300 256/436/305
f 159/320/222 164/325/227 256/436/305
f 244/441/279 241/2370/279 237/442/279
f 243/421/229 242/420/229 261/444/229
f 227/446/251 269/458/251 263/447/251
f 259/439/279 263/2371/279 242/449/279
f 237/442/279 241/2370/279 243/450/279
f 249/429/298 377/631/331 264/452/307
f 269/458/251 406/2372/251 270/459/251
f 242/449/279 263/2371/279 270/460/279
f 272/464/279 247/451/279 243/450/279
f 243/450/279 262/462/279 272/464/279
f 341/2373/319 286/2374/319 278/470/319
f 286/2374/319 276/468/319 278/470/319
f 1148/2375/317 335/2376/317 281/473/317
f 335/2376/317 279/471/317 281/473/317
f 1143/2377/318 285/2378/318 284/476/318
f 285/2378/317 282/474/317 284/476/317
f 285/477/196 276/2379/196 286/478/196
f 346/2380/1335 294/2381/1336 289/482/1337
f 294/2381/1338 287/480/316 289/482/316
f 344/2382/1339 336/2383/1340 292/485/1340
f 336/2383/316 290/483/316 292/485/316
f 293/486/196 287/2384/196 294/487/196
f 1149/2385/317 302/2386/317 298/491/317
f 302/2386/317 296/489/317 298/491/317
f 1147/2387/318 359/2388/318 301/494/318
f 359/2388/317 299/492/317 301/494/317
f 302/495/196 334/2389/196 303/496/196
f 355/2390/319 311/2391/319 306/500/319
f 311/2391/319 304/498/319 306/500/319
f 340/2392/1340 368/2393/1340 309/503/1340
f 368/2393/319 307/501/319 309/503/319
f 310/504/196 304/2394/196 311/505/196
f 308/507/196 1143/2395/196 284/508/321
f 277/510/196 1145/2396/196 313/511/321
f 314/513/196 1147/2397/196 301/514/321
f 316/516/196 1148/2398/196 281/517/321
f 291/519/196 1150/2399/196 318/520/321
f 288/522/196 1151/2400/196 319/523/321
f 320/525/196 1153/2401/196 321/526/321
f 323/528/196 1152/2402/196 324/529/321
f 326/531/196 1149/2403/196 298/532/321
f 328/534/196 1146/2404/196 329/535/321
f 305/537/196 1144/2405/196 331/538/321
f 1145/2406/318 357/2407/318 313/542/318
f 357/2407/317 332/540/317 313/542/317
f 353/2408/1339 303/2409/1339 330/545/1339
f 303/2409/319 334/543/319 330/545/319
f 335/546/196 290/2410/196 336/547/196
f 1150/2411/317 293/2412/317 318/551/317
f 293/2412/317 295/549/317 318/551/317
f 196/2413/1341 199/2414/319 194/554/319
f 199/2414/316 338/552/316 194/554/316
f 309/509/322 284/508/321 283/555/324
f 278/512/322 313/511/321 333/557/324
f 315/515/322 301/514/321 300/559/324
f 317/518/322 281/517/321 280/561/324
f 292/521/322 318/520/321 337/563/324
f 289/524/322 319/523/321 345/565/324
f 322/527/322 321/526/321 347/567/324
f 325/530/322 324/529/321 349/569/324
f 327/533/322 298/532/321 297/571/324
f 330/536/322 329/535/321 352/573/324
f 306/539/322 331/538/321 354/575/324
f 348/2415/1342 366/2416/319 322/579/319
f 366/2416/316 356/577/316 322/579/316
f 357/580/196 369/2417/196 358/581/196
f 359/583/196 375/2418/196 360/584/196
f 361/586/196 374/2419/196 362/587/196
f 238/2420/1343 246/2421/1343 248/591/1344
f 246/2421/1343 275/589/1345 248/591/1346
f 1146/2422/317 310/2423/317 329/594/317
f 310/2423/317 312/592/317 329/594/317
f 1152/2424/317 361/2425/317 324/597/317
f 361/2425/317 363/595/317 324/597/317
f 350/2426/547 372/2427/547 325/600/547
f 372/2427/319 364/598/319 325/600/319
f 365/601/196 356/2428/196 366/602/196
f 246/604/196 307/2429/196 368/605/196
f 342/2430/319 358/2431/319 315/609/319
f 358/2431/319 369/607/319 315/609/319
f 1144/2432/317 376/2433/317 331/612/317
f 376/2433/317 370/610/317 331/612/317
f 371/613/196 364/2434/196 372/614/196
f 351/2435/319 362/2436/319 327/618/319
f 362/2436/319 374/616/319 327/618/319
f 343/2437/319 360/2438/319 317/621/319
f 360/2438/319 375/619/319 317/621/319
f 376/622/196 338/2439/196 199/623/196
f 1153/2440/317 371/2441/317 321/627/317
f 371/2441/317 373/625/317 321/627/317
f 1151/2442/317 365/2443/317 319/630/317
f 365/2443/317 367/628/317 319/630/317
f 282/633/267 384/641/1347 368/632/267
f 384/641/1347 377/631/331 368/632/267
f 368/632/315 340/556/325 282/633/315
f 379/636/333 398/655/351 380/637/334
f 385/642/339 387/644/341 386/643/340
f 386/643/340 389/646/343 390/647/344
f 379/636/333 381/638/335 396/653/229
f 382/639/336 448/758/1348 380/637/334
f 266/454/309 264/452/307 386/643/340
f 332/657/267 385/642/339 286/656/267
f 385/642/339 384/641/1347 286/656/267
f 286/656/315 341/558/325 332/657/315
f 299/659/267 387/644/341 358/658/267
f 387/644/341 385/642/339 358/658/267
f 358/658/315 342/560/325 299/659/315
f 279/661/267 388/645/342 387/644/341
f 360/660/315 343/562/325 279/661/315
f 343/562/325 280/561/324 279/661/315
f 367/663/315 294/669/315 346/566/325
f 295/664/315 336/662/315 344/564/325
f 373/665/315 366/673/315 348/568/325
f 363/666/315 372/674/315 350/570/325
f 296/667/315 362/672/315 351/572/325
f 312/668/315 303/671/315 353/574/325
f 370/635/315 311/670/315 355/576/325
f 274/466/314 378/634/332 311/670/267
f 378/634/332 395/652/349 303/671/267
f 395/652/349 393/650/347 362/672/267
f 390/647/344 389/646/352 294/669/267
f 336/662/267 295/664/267 389/646/352
f 392/649/346 390/647/344 366/673/267
f 393/650/347 392/649/346 372/674/267
f 271/675/296 405/2444/296 399/676/296
f 405/2444/296 1108/2445/296 399/676/296
f 399/676/296 128/1961/296 272/677/296
f 261/683/354 405/686/357 271/684/355
f 234/691/362 855/2446/1349 407/692/363
f 408/693/364 407/692/363 409/694/365
f 400/696/367 412/699/370 411/697/368
f 412/699/370 408/693/364 410/695/366
f 402/700/371 413/701/1350 412/699/370
f 413/701/372 234/691/362 408/693/364
f 394/651/313 393/650/347 395/652/349
f 273/704/229 1324/2447/229 416/705/229
f 391/707/375 394/2448/376 416/708/376
f 383/710/378 391/707/375 417/709/377
f 414/712/380 383/710/378 418/711/379
f 414/714/381 419/2449/381 420/715/381
f 381/719/1351 380/2450/1352 420/717/382
f 380/2450/1352 448/2451/1353 420/717/382
f 448/2451/1353 415/2452/607 420/717/382
f 421/720/385 426/727/391 422/721/386
f 423/723/387 425/732/393 421/724/388
f 425/726/390 431/734/395 426/727/391
f 429/730/229 430/2453/229 427/728/229
f 430/2453/229 446/2454/229 1126/2455/229
f 427/728/229 430/2453/229 1126/2455/229
f 446/2454/229 444/2456/229 1126/2455/229
f 444/2456/229 445/2457/229 1126/2455/229
f 1325/2458/229 429/730/229 428/729/229
f 428/729/229 1120/2459/229 1325/2458/229
f 430/731/392 429/2460/392 425/732/393
f 429/733/394 1325/2461/394 431/734/395
f 432/735/396 435/738/399 433/736/397
f 435/738/399 437/740/401 436/739/400
f 437/740/401 441/745/406 438/741/402
f 197/742/403 195/750/411 439/743/404
f 440/744/405 439/743/404 441/745/406
f 424/746/407 197/742/403 440/744/405
f 442/747/408 440/744/405 437/740/401
f 423/748/409 424/746/407 442/747/408
f 443/749/410 442/747/408 435/738/399
f 195/750/411 401/698/369 411/697/368
f 444/751/412 432/735/396 434/737/398
f 439/743/404 411/697/368 410/695/366
f 446/753/414 443/749/410 432/735/396
f 443/749/410 446/753/414 430/754/415
f 447/755/416 857/2462/416 233/756/1354
f 252/432/301 265/453/308 266/454/309
f 449/759/420 382/639/336 398/655/351
f 451/761/223 379/636/333 397/654/350
f 255/435/304 266/454/309 382/639/336
f 450/760/421 398/655/351 379/636/333
f 250/430/299 449/759/420 453/763/423
f 438/741/402 441/745/406 410/695/366
f 236/767/279 459/770/425 457/768/279
f 229/404/289 231/403/288 460/771/426
f 461/773/429 477/789/443 462/774/279
f 464/776/1355 475/787/441 465/777/431
f 467/779/433 570/904/528 468/780/434
f 470/782/436 476/788/442 471/783/437
f 466/778/432 465/777/431 473/785/439
f 468/780/434 570/904/528 475/787/441
f 476/788/442 467/779/433 469/781/435
f 165/326/228 470/782/436 472/784/438
f 477/789/443 461/773/429 474/786/440
f 478/790/444 513/827/480 479/791/445
f 481/793/447 483/795/450 478/790/444
f 481/793/1356 484/796/1357 482/794/449
f 484/796/1357 486/798/453 485/797/452
f 486/798/1358 488/801/456 487/799/454
f 462/800/455 487/799/1359 488/801/456
f 489/803/458 498/812/466 490/804/459
f 492/806/460 499/813/467 493/807/461
f 495/809/463 1027/2345/251 183/345/251
f 497/811/465 501/815/1360 489/803/458
f 498/812/466 492/806/460 494/808/462
f 499/813/467 495/809/463 496/810/464
f 500/814/468 1037/2463/1361 501/815/469
f 502/816/470 1037/2463/1361 500/814/468
f 504/818/471 722/1151/584 505/819/472
f 507/821/474 510/824/477 508/822/475
f 510/824/477 504/818/471 506/820/473
f 511/825/478 519/833/486 512/826/479
f 502/816/470 503/817/470 514/828/481
f 513/827/480 517/831/484 516/830/483
f 516/830/483 517/831/484 515/829/482
f 518/832/485 522/2464/1362 519/833/486
f 522/836/490 518/2465/1363 523/837/491
f 523/840/494 527/843/497 526/841/495
f 532/848/502 535/851/505 533/849/503
f 535/851/505 537/853/507 536/852/1364
f 537/853/507 520/834/487 530/846/500
f 482/794/449 485/797/452 536/852/1364
f 485/797/452 487/799/454 533/849/503
f 487/799/454 462/800/455 534/850/504
f 528/844/498 529/845/499 538/854/509
f 527/843/497 528/844/498 539/855/510
f 537/853/507 529/845/499 518/832/485
f 529/845/499 537/853/507 535/851/505
f 540/863/279 721/2466/279 541/864/279
f 543/866/583 525/839/1365 544/867/583
f 525/839/493 543/866/511 546/869/512
f 543/872/514 548/871/513 552/876/515
f 553/878/229 799/2467/229 554/879/229
f 555/885/196 595/2468/196 556/886/196
f 558/888/520 548/2469/520 554/889/520
f 548/871/513 558/1264/676 560/891/521
f 549/873/251 557/937/251 556/892/251
f 563/897/229 585/2470/229 564/898/229
f 566/900/525 1018/2471/279 567/901/279
f 569/903/527 687/1476/847 566/900/525
f 570/904/528 875/2472/528 571/905/529
f 572/906/530 577/911/536 573/907/535
f 476/788/442 874/2473/1366 574/908/532
f 165/326/228 860/2474/1367 575/909/533
f 571/905/529 576/910/534 465/777/431
f 574/908/532 875/2472/528 570/904/528
f 575/909/533 874/2473/1366 476/788/442
f 576/910/534 572/906/530 473/785/439
f 578/913/229 799/2467/229 553/878/229
f 545/868/511 544/867/511 567/915/511
f 555/917/229 585/2470/229 563/897/229
f 582/919/251 586/2475/251 583/920/251
f 585/922/196 583/938/196 586/923/196
f 580/925/196 1131/2476/196 563/926/196
f 590/931/540 594/935/544 591/932/541
f 584/921/251 583/920/251 557/937/251
f 555/885/196 557/887/196 583/938/196
f 563/926/196 1131/2476/196 596/939/196
f 596/939/196 726/2477/196 581/940/196
f 601/945/319 608/2478/319 599/943/319
f 608/2478/547 663/2479/547 599/943/547
f 602/946/317 659/2480/317 603/947/317
f 659/2480/317 1137/2481/317 603/947/317
f 605/949/317 609/2482/317 606/950/317
f 609/2482/330 1132/2483/330 606/950/330
f 608/952/279 601/2484/279 609/953/279
f 612/957/547 616/2485/547 610/955/547
f 616/2485/1368 668/2486/1369 610/955/1370
f 615/960/547 658/2487/547 613/958/547
f 658/2487/316 666/2488/1369 613/958/316
f 616/961/279 612/2489/279 617/962/279
f 619/964/317 626/2490/317 620/965/317
f 626/2490/317 1138/2491/317 620/965/317
f 622/967/317 682/2492/317 623/968/317
f 682/2492/330 1135/2493/330 623/968/330
f 625/970/279 657/2494/279 626/971/279
f 629/975/319 633/2495/319 627/973/319
f 633/2495/319 677/2496/319 627/973/319
f 632/978/319 692/2497/319 630/976/319
f 692/2497/316 662/2498/316 630/976/316
f 633/979/279 629/2499/279 634/980/279
f 606/982/549 1132/2500/279 631/983/279
f 636/985/549 1134/2501/279 600/986/279
f 623/988/549 1135/2502/279 637/989/279
f 603/991/549 1137/2503/279 639/992/279
f 641/994/549 1139/2504/279 614/995/279
f 642/997/549 1140/2505/279 611/998/279
f 643/1000/549 1142/2506/279 644/1001/279
f 646/1003/549 1141/2507/279 647/1004/279
f 620/1006/549 1138/2508/279 649/1007/279
f 651/1009/549 1136/2509/279 652/1010/279
f 654/1012/549 1133/2510/279 628/1013/279
f 655/1015/317 680/2511/317 636/1016/317
f 680/2511/330 1134/2512/330 636/1016/330
f 657/1020/319 625/2513/319 653/1018/319
f 625/2513/319 675/2514/1371 653/1018/319
f 658/1021/279 615/2515/279 659/1022/279
f 618/1024/317 617/2516/317 641/1025/317
f 617/2516/317 1139/2517/317 641/1025/317
f 661/1029/547 701/2518/547 542/1027/547
f 701/2518/1371 705/2519/1371 542/1027/1371
f 705/2519/316 738/2520/316 542/1027/316
f 607/1030/552 606/982/549 630/984/550
f 656/1032/552 636/985/549 599/987/550
f 624/1034/552 623/988/549 638/990/550
f 604/1036/552 603/991/549 640/993/550
f 660/1038/552 641/994/549 613/996/550
f 667/1040/552 642/997/549 610/999/550
f 669/1042/552 643/1000/549 645/1002/550
f 671/1044/552 646/1003/549 648/1005/550
f 621/1046/552 620/1006/549 650/1008/550
f 674/1048/552 651/1009/549 653/1011/550
f 676/1050/552 654/1012/549 627/1014/550
f 678/1054/547 689/2521/547 645/1052/547
f 689/2521/319 670/2522/1337 645/1052/319
f 679/1055/279 694/2523/279 680/1056/279
f 681/1058/279 700/2524/279 682/1059/279
f 683/1061/279 699/2525/279 684/1062/279
f 686/1064/1372 693/2526/1373 566/1065/1374
f 693/2526/1373 1018/2527/1373 566/1065/1375
f 635/1067/317 634/2528/317 651/1068/317
f 634/2528/317 1136/2529/317 651/1068/317
f 685/1070/317 684/2530/317 646/1071/317
f 684/2530/317 1141/2531/317 646/1071/317
f 688/1075/319 696/2532/319 648/1073/319
f 696/2532/316 672/2533/316 648/1073/316
f 689/1076/279 678/2534/279 690/1077/279
f 692/1079/279 632/2535/279 693/1080/279
f 694/1084/319 679/2536/319 638/1082/319
f 679/2536/319 664/2537/319 638/1082/319
f 695/1085/317 702/2538/317 654/1086/317
f 702/2538/317 1133/2539/317 654/1086/317
f 696/1088/279 688/2540/279 697/1089/279
f 699/1093/319 683/2541/319 650/1091/319
f 683/2541/319 673/2542/319 650/1091/319
f 700/1096/319 681/2543/319 640/1094/319
f 681/2543/547 665/2544/1368 640/1094/547
f 701/1097/279 661/2545/279 702/1098/279
f 698/1100/317 697/2546/317 643/1101/317
f 697/2546/317 1142/2547/317 643/1101/317
f 691/1103/317 690/2548/317 642/1104/317
f 690/2548/317 1140/2549/317 642/1104/317
f 605/1108/563 607/1030/552 662/1031/553
f 692/1106/560 591/932/541 703/1109/561
f 605/1108/563 662/1031/553 692/1106/563
f 706/1114/565 1326/2550/533 707/1115/566
f 594/935/544 712/1120/572 711/1119/571
f 712/1120/572 716/1124/576 715/1123/575
f 396/653/229 1326/2550/533 706/1114/565
f 707/1115/566 739/1228/1376 587/928/581
f 709/1117/568 712/1120/572 594/935/544
f 655/1130/563 656/1032/552 663/1033/553
f 608/1129/560 703/1109/561 710/1118/570
f 655/1130/563 663/1033/553 608/1129/563
f 622/1132/563 624/1034/552 664/1035/553
f 679/1131/560 710/1118/570 711/1119/571
f 622/1132/563 664/1035/553 679/1131/563
f 602/1134/563 604/1036/552 665/1037/554
f 681/1133/560 711/1119/571 602/1134/560
f 711/1119/571 713/1121/573 602/1134/560
f 691/1136/563 667/1040/552 668/1041/553
f 666/1039/553 658/1135/563 618/1138/563
f 698/1139/563 669/1042/552 670/1043/553
f 685/1141/563 671/1044/552 672/1045/553
f 619/1143/563 621/1046/552 673/1047/553
f 635/1145/563 674/1048/552 675/1049/553
f 695/1113/563 676/1050/552 677/1051/553
f 598/942/546 695/1113/560 633/1147/560
f 704/1110/562 635/1145/560 625/1146/560
f 720/1128/580 619/1143/560 683/1144/560
f 616/1137/560 714/1122/582 715/1123/575
f 714/1122/582 618/1138/560 658/1135/560
f 717/1125/577 698/1139/560 689/1140/560
f 718/1126/578 685/1141/560 696/1142/560
f 721/1150/511 726/2551/511 596/1915/511
f 596/1915/511 661/1148/511 721/1150/511
f 722/1151/584 733/2552/279 723/1152/279
f 723/1152/279 733/2552/279 724/1153/279
f 726/1155/585 721/1158/588 595/1156/586
f 727/1163/593 761/1219/635 728/1164/594
f 730/1166/596 727/1163/593 729/1165/595
f 732/1168/598 734/1171/601 733/1169/599
f 731/1167/597 729/1165/595 734/1171/601
f 734/1171/601 735/1173/603 724/1172/634
f 729/1165/595 728/1164/594 735/1173/603
f 719/1127/545 597/941/545 720/1128/580
f 738/1176/606 505/819/472 723/1152/279
f 416/705/229 1324/2447/229 597/1177/229
f 506/820/473 505/819/472 738/1176/606
f 716/1179/375 417/709/377 416/708/376
f 709/1181/378 418/711/379 417/709/377
f 418/711/379 709/1181/378 736/1182/380
f 420/715/381 419/2449/381 736/1183/381
f 739/1186/608 707/2553/1377 420/717/382
f 707/2553/1377 1326/2554/1378 420/717/382
f 1326/2554/1379 396/718/383 420/717/382
f 422/721/386 426/727/391 509/1187/385
f 740/1189/610 507/821/1380 509/823/476
f 426/727/391 431/734/395 741/1191/390
f 760/2555/229 745/2556/229 1123/2557/229
f 745/2556/229 742/1192/229 744/1194/229
f 742/1192/229 1325/2458/229 743/1193/229
f 1325/2458/229 1120/2459/229 743/1193/229
f 759/2558/229 760/2555/229 1123/2557/229
f 745/2556/229 744/1194/229 1123/2557/229
f 1123/2557/229 1122/2559/229 759/2558/229
f 741/1190/611 742/2560/612 745/1195/612
f 431/734/395 1325/2461/394 742/1196/394
f 746/1197/1381 1127/1897/1153 747/1198/1381
f 748/1200/615 746/1216/631 749/1201/616
f 750/1202/617 749/1201/616 751/1203/618
f 752/1204/619 751/1203/618 753/1205/620
f 510/1207/622 756/1210/625 755/1208/623
f 756/1210/625 752/1204/619 754/1206/621
f 507/1211/626 757/1212/627 756/1210/625
f 757/1212/627 750/1202/617 752/1204/619
f 740/1213/628 758/1214/629 757/1212/627
f 758/1214/629 748/1200/615 750/1202/617
f 504/1209/624 755/1208/623 732/1168/598
f 759/1215/630 1122/2561/1382 746/1216/631
f 731/1167/597 732/1168/598 755/1208/623
f 753/1205/620 730/1166/1383 731/1167/597
f 748/1200/615 758/1214/629 760/1217/632
f 745/1218/633 760/1217/632 758/1214/629
f 561/893/251 762/2562/251 550/874/251
f 590/931/540 592/933/542 763/1229/642
f 708/1116/567 587/928/641 765/1231/644
f 452/762/422 397/654/350 706/1114/565
f 768/1234/647 592/933/542 569/903/527
f 764/1236/649 763/1525/870 770/1237/650
f 706/1114/565 708/1116/567 766/1232/645
f 774/1241/654 795/2563/654 775/1242/655
f 774/1244/657 929/2564/657 455/765/657
f 777/1245/658 779/1249/1384 549/1246/659
f 778/1248/661 781/1251/1385 779/1249/662
f 780/1250/664 783/1253/667 781/1251/665
f 782/1252/666 785/1255/1386 783/1253/667
f 784/1254/669 787/1257/673 785/1255/670
f 786/1256/672 788/1258/1387 787/1257/673
f 776/1243/656 775/1242/1388 788/1258/674
f 789/1259/196 984/1616/1389 790/1260/196
f 791/1261/196 790/1260/196 792/1262/675
f 558/1264/676 792/1262/675 793/1265/677
f 795/1269/1390 984/1616/958 789/1259/196
f 565/899/229 564/898/229 578/913/229
f 580/925/196 579/1282/196 553/1273/196
f 578/1275/196 801/1283/196 798/1276/196
f 798/1278/251 801/1284/251 789/1279/251
f 769/1235/648 569/903/527 568/902/526
f 564/924/196 586/923/196 801/1283/196
f 801/1284/251 586/2475/251 582/919/251
f 800/1285/685 894/1461/1391 802/1286/686
f 559/895/523 798/1278/251 791/1280/251
f 799/1277/196 798/1276/196 559/1293/196
f 545/1274/196 553/1273/196 547/870/196
f 573/907/535 544/912/279 525/862/279
f 458/1295/251 239/2565/251 230/412/295
f 230/1296/279 239/417/279 224/416/279
f 220/386/279 222/2282/279 213/1298/279
f 253/433/302 151/312/214 1095/2566/196
f 151/312/214 206/375/196 1096/2567/196
f 253/433/302 1094/2568/196 808/1300/196
f 1096/2567/196 1095/2566/196 151/312/214
f 1095/2566/196 1094/2568/196 253/433/302
f 860/2474/1367 165/326/228 810/1302/693
f 165/326/228 159/320/222 810/1302/693
f 159/320/222 257/437/306 809/1301/693
f 811/1303/694 1327/2569/695 812/1304/695
f 814/1306/697 837/1329/719 815/1307/698
f 817/1309/700 821/1313/703 818/1310/196
f 820/1312/702 846/1340/732 821/1313/703
f 822/1314/704 832/1324/714 823/1315/705
f 818/1310/196 1081/1809/1088 825/1317/707
f 826/1318/708 847/1341/733 827/1319/709
f 829/1321/711 844/1338/729 822/1314/704
f 825/1317/707 1081/1809/1088 830/1322/712
f 832/1324/714 839/1331/721 833/1325/722
f 834/1326/716 841/1335/726 835/1327/717
f 837/1329/719 1328/2570/279 838/1330/720
f 839/1331/721 826/1318/708 828/1320/710
f 459/1332/723 814/1306/697 816/1308/699
f 840/1334/725 1329/2571/734 841/1335/726
f 812/1304/695 1327/2569/695 842/1336/727
f 838/1330/720 1328/2570/279 844/1338/729
f 835/1327/717 1330/2572/1392 845/1339/730
f 843/1337/728 842/1336/727 846/1340/732
f 845/1339/730 1330/2572/1392 811/1303/694
f 847/1341/733 1329/2571/734 840/1334/725
f 457/1333/724 816/1308/699 848/1342/735
f 824/1316/706 852/1347/739 849/1344/736
f 816/1308/699 815/1307/698 850/1345/737
f 838/1330/720 851/1346/738 850/1345/737
f 829/1321/711 849/1344/736 851/1346/738
f 823/1315/705 854/1349/741 852/1347/739
f 853/1348/740 873/1403/790 854/1349/741
f 857/1354/746 859/2573/746 267/1355/746
f 267/456/1393 859/2574/1394 858/1356/1395
f 233/756/1396 235/2575/750 226/1357/1396
f 447/2576/1397 848/1363/1397 857/1362/1397
f 848/1363/657 850/2577/657 859/1361/657
f 850/2577/657 851/2578/657 859/1361/657
f 851/2578/657 849/2579/657 859/1361/657
f 849/2579/657 852/1365/657 859/1361/657
f 852/1365/657 854/2580/657 858/1364/657
f 854/2580/657 873/2581/657 858/1364/657
f 873/2581/657 871/2582/657 858/1364/657
f 810/1366/753 866/1382/769 834/1367/754
f 797/1369/756 868/1385/772 861/1370/757
f 257/1372/759 864/1378/765 862/1373/760
f 806/1375/762 869/1386/773 863/1376/763
f 807/1377/764 863/1376/763 864/1378/765
f 804/1379/766 870/1388/775 865/1380/767
f 809/1374/761 862/1373/760 866/1382/769
f 803/1371/758 861/1370/757 867/1383/770
f 796/1381/768 865/1380/767 868/1385/772
f 805/1384/771 867/1383/770 869/1386/773
f 453/1387/774 872/1390/777 870/1388/775
f 453/1387/774 449/1904/1157 871/1389/776
f 853/1348/740 872/1394/1398 871/1402/789
f 575/1404/791 860/1368/755 834/1367/754
f 874/1406/793 575/1404/791 836/1405/792
f 574/1408/795 874/1406/793 845/1407/794
f 875/1410/797 574/1408/795 813/1409/796
f 571/1412/799 875/1410/797 812/1411/798
f 576/1414/801 571/1412/799 843/1413/800
f 572/1416/803 576/1414/801 820/1415/802
f 876/1419/806 884/1429/1399 877/1420/807
f 879/1422/809 886/1431/814 880/1423/726
f 878/2583/1400 877/1426/1401 881/1425/1402
f 877/1426/196 891/1448/196 882/1427/196
f 883/1428/812 889/1434/817 884/1429/813
f 885/1430/733 888/1433/816 886/1431/814
f 887/1432/815 892/2584/815 888/1433/816
f 454/1424/810 880/1423/726 889/1434/817
f 887/1442/657 885/1441/657 890/1439/657
f 877/1426/196 765/2585/196 773/1447/196
f 766/1449/1403 884/1445/1404 889/1450/1403
f 767/1451/824 889/1450/824 880/1452/825
f 451/1454/826 452/1453/827 880/1452/827
f 450/1456/1405 451/1454/1405 886/1455/1405
f 449/1458/1406 450/1456/1406 888/1457/1406
f 592/933/542 768/1234/647 895/1462/832
f 896/1463/833 768/1465/835 769/1287/687
f 593/934/543 590/931/540 897/1466/836
f 765/1231/644 587/928/537 899/1471/842
f 899/1473/844 589/1472/843 771/1238/651
f 687/1476/847 569/903/527 592/933/542
f 551/875/251 903/1479/251 905/1481/251
f 905/1481/251 901/1477/251 551/875/251
f 909/1485/251 905/1481/251 904/1480/251
f 905/1487/848 912/1490/850 911/1488/849
f 912/1490/850 914/1492/852 913/1491/851
f 914/1492/852 916/1494/854 915/1493/853
f 916/1494/854 918/1496/856 917/1495/855
f 918/1496/856 920/1498/858 919/1497/857
f 920/1498/858 922/1500/860 921/1499/859
f 922/1500/860 924/1502/862 923/1501/861
f 924/1502/862 926/1504/864 925/1503/863
f 926/1504/864 930/1510/867 927/1505/865
f 550/1506/866 747/2586/866 928/1507/866
f 910/1486/251 455/2587/251 932/1514/251
f 455/2587/251 929/1509/251 907/1483/251
f 932/1514/251 455/2587/251 907/1483/251
f 930/1510/867 933/2588/868 931/1511/868
f 931/1511/868 933/2588/868 932/1512/869
f 906/1482/251 908/1484/251 902/1478/251
f 901/2589/196 911/1521/196 906/1519/196
f 911/1521/196 913/2590/196 915/2591/196
f 917/1522/196 911/1521/196 915/2591/196
f 917/1522/196 919/2592/196 906/1519/196
f 919/2592/196 921/2593/196 906/1519/196
f 921/2593/196 923/2594/196 906/1519/196
f 923/2594/196 925/2595/196 906/1519/196
f 925/2595/196 927/2596/196 906/1519/196
f 927/2596/196 931/1520/196 906/1519/196
f 912/1523/279 905/2597/279 909/1517/279
f 909/1517/279 933/1516/279 930/2598/279
f 930/2598/279 926/2599/279 909/1517/279
f 926/2599/279 924/2600/279 909/1517/279
f 924/2600/279 922/2601/279 909/1517/279
f 922/2601/279 920/2602/279 909/1517/279
f 920/2602/279 918/1524/279 909/1517/279
f 918/1524/279 916/2603/279 912/1523/279
f 916/2603/279 914/2604/279 912/1523/279
f 858/1529/874 871/2605/1407 892/1530/874
f 1239/2214/657 480/2218/657 936/1535/657
f 480/2218/657 479/1539/657 936/1535/657
f 893/1526/871 939/1544/1408 938/1543/876
f 939/1544/1409 1017/2606/1410 940/1545/878
f 940/1545/878 1017/2606/1410 941/1546/879
f 942/1547/880 941/1546/879 943/1548/881
f 944/1549/882 943/1548/881 945/1550/883
f 946/1551/229 945/1550/883 947/1552/885
f 948/1553/886 947/1552/885 949/1554/887
f 950/1555/888 949/1554/887 951/1556/889
f 952/1557/890 951/1556/889 953/1558/891
f 954/1559/892 966/1587/922 802/1560/893
f 955/1562/1411 831/1323/713 830/1322/712
f 830/1322/1412 792/1752/1034 790/1561/895
f 831/1323/713 986/2607/1413 956/1563/897
f 938/1567/1414 940/1578/913 958/1568/902
f 948/1570/1415 957/1564/898 960/1571/905
f 960/1571/905 957/1564/898 825/1317/707
f 950/1566/900 819/1311/701 957/1564/898
f 944/1573/907 946/1572/1416 960/1571/905
f 942/1575/909 944/1573/907 961/1574/908
f 940/1578/913 962/1576/910 963/1577/912
f 954/1579/914 934/1584/919 964/1580/915
f 966/1582/917 954/1579/914 965/1581/916
f 934/1584/919 938/1567/1414 959/1569/903
f 790/1561/895 984/2608/1417 968/1585/1418
f 968/1585/920 986/2607/1412 955/1562/1411
f 986/2607/1412 831/1323/713 955/1562/1411
f 896/1588/923 966/1582/917 967/1583/918
f 881/1612/954 1011/1663/1008 993/1632/978
f 988/1634/980 987/1673/1019 994/1635/981
f 991/1637/983 990/1674/984 996/1638/984
f 979/1640/985 1016/1675/1021 998/1641/986
f 988/1634/980 995/1636/982 999/1643/988
f 991/1637/983 997/1639/983 1000/1645/990
f 980/1642/987 998/1641/986 1001/1647/992
f 985/1646/991 1000/1645/990 1002/1649/994
f 974/1648/993 1001/1647/992 1003/1651/996
f 973/1633/979 993/1632/978 1004/1653/998
f 972/1655/1000 1010/1662/1006 1006/1656/1001
f 975/1652/997 1003/1651/996 1007/1657/1002
f 1005/1654/999 1004/1653/998 1008/1659/1004
f 970/1661/1005 1015/1672/1017 1010/1662/1006
f 981/1611/953 1013/1666/1011 1011/1663/1008
f 977/1664/1009 976/1658/1003 1007/1657/1002
f 981/1611/952 971/1610/951 1006/1656/1001
f 1012/1667/1010 1331/2609/1419 982/1613/955
f 982/1613/1013 1331/2609/1419 1014/1669/1014
f 1008/1659/1004 1332/2610/1015 978/1670/1020
f 964/1671/1016 1129/1908/1162 1015/1672/1017
f 983/1614/1018 1014/1669/1420 994/1635/981
f 989/1644/989 999/1643/988 996/1638/984
f 978/1670/1020 1332/2610/1015 1016/1675/1021
f 982/1613/1013 968/1615/957 984/1676/1022
f 454/764/657 1009/1683/657 978/1606/657
f 795/1269/196 582/1270/196 584/1678/196
f 584/1678/196 549/2611/196 775/1677/196
f 549/2611/196 779/2612/196 781/2613/196
f 783/2614/196 549/2611/196 781/2613/196
f 783/2614/196 785/2615/196 549/2611/196
f 785/2615/196 787/2616/196 549/2611/196
f 787/2616/196 788/2617/196 549/2611/196
f 788/2617/196 775/1677/196 549/2611/196
f 929/2618/1421 774/2619/1422 908/1680/1026
f 774/2619/1422 776/1681/279 908/1680/1026
f 776/1681/279 786/2620/279 902/1679/279
f 786/2620/279 784/2621/279 902/1679/279
f 784/2621/279 782/2622/279 902/1679/279
f 782/2622/279 780/2623/279 902/1679/279
f 780/2623/279 778/2624/279 902/1679/279
f 778/2624/279 777/2625/279 551/2626/279
f 902/1679/279 778/2624/279 551/2626/279
f 693/1691/511 1131/1918/511 580/916/511
f 580/916/511 567/915/511 693/1691/511
f 945/1689/279 567/901/279 544/912/279
f 531/847/501 521/835/488 478/790/444
f 531/847/501 520/834/487 511/825/478
f 1019/1696/866 190/1735/866 186/1697/866
f 1021/1699/866 1020/1698/866 186/1697/866
f 1022/1701/866 1021/1699/866 178/1700/866
f 1023/1703/866 1022/1701/866 188/1702/866
f 1024/1705/866 1023/1703/866 181/1704/866
f 1025/1707/866 1024/1705/866 189/1706/866
f 1026/1709/866 1025/1707/866 184/1708/866
f 1029/1712/866 1027/1710/866 495/1713/866
f 1030/1714/866 495/1713/866 499/1715/866
f 1031/1716/866 499/1715/866 492/1717/866
f 1032/1718/866 492/1717/866 498/1719/866
f 1033/1720/866 498/1719/866 489/1721/866
f 1034/1722/866 489/1721/866 501/1723/866
f 1036/1725/866 1035/1724/866 501/1723/866
f 192/1727/866 1043/1734/866 1038/1728/866
f 201/1729/866 1038/1728/866 1039/1730/866
f 1040/1731/866 1039/1730/866 1041/1732/866
f 1043/1734/866 192/1727/866 190/1735/866
f 1044/1736/866 1046/1738/866 1042/1733/866
f 1045/1737/866 204/1739/1031 1046/1738/866
f 232/405/427 1045/1737/866 1047/1740/1032
f 1048/1741/866 1036/1725/866 1037/1726/866
f 1049/1743/866 1048/1741/866 502/1742/866
f 1050/1745/866 1049/1743/866 515/1744/866
f 1051/1747/866 1050/1745/866 517/1746/866
f 1052/1749/866 1051/1747/866 512/1748/866
f 1053/1751/1033 1052/1749/866 519/1750/866
f 1036/1755/1423 1066/1780/1061 1054/1756/1039
f 1019/1758/1041 1071/1792/1072 1055/1759/1042
f 793/1753/1035 830/1322/712 1056/1761/1044
f 460/1754/1036 1060/1768/1050 1058/1763/1046
f 1045/1764/1047 1072/1793/1073 1059/1765/1048
f 1047/1767/1049 1059/2627/1049 1060/1768/1050
f 1051/1769/1051 1067/1782/1063 1061/1770/1052
f 1038/1772/1054 1064/1777/1058 1062/1773/1055
f 1050/1771/1053 1061/1770/1052 1063/1775/1056
f 1043/1760/1043 1055/1759/1042 1064/1777/1058
f 1049/1776/1057 1063/1775/1056 1065/1778/1059
f 1048/1779/1060 1065/1778/1059 1066/1780/1061
f 1052/1781/1062 1070/1790/1070 1067/1782/1063
f 1023/1783/1064 1078/1806/1085 1068/1784/1065
f 1041/1786/1048 1085/1816/1047 1069/1787/1067
f 1053/1789/1069 1073/1795/1074 1070/1790/1070
f 1020/1791/1071 1075/1800/1079 1071/1792/1424
f 1044/1788/1068 1069/1787/1067 1072/1793/1073
f 794/1794/1063 1086/2628/1063 1073/1795/1074
f 1029/1796/1075 1087/1820/1425 1074/1797/1076
f 1021/1799/1078 1076/1801/1080 1075/1800/1079
f 1022/1785/1066 1068/1784/1065 1076/1801/1080
f 1026/1802/1081 1080/1808/1087 1077/1803/1082
f 1024/1805/1084 1079/1807/1086 1078/1806/1085
f 1025/1804/1083 1077/1803/1082 1079/1807/1086
f 1028/1798/1077 1074/1797/1076 1080/1808/1087
f 1035/1757/1040 1054/1756/1039 1082/1810/1089
f 1033/1812/1091 1084/1815/1094 1083/1813/1092
f 1034/1811/1090 1082/1810/1089 1084/1815/1094
f 1039/1774/536 1062/1773/1055 1085/1816/1047
f 794/1817/1095 793/1753/1035 1057/1762/1096
f 1030/1819/1097 1089/1823/1101 1087/1820/1098
f 1032/1814/1093 1083/1813/1092 1088/1821/1099
f 1031/1822/1100 1088/1821/1099 1089/1823/1101
f 147/308/211 214/2629/1426 1090/1824/1427
f 215/1827/196 214/2630/196 1093/1828/196
f 214/2630/196 147/2631/196 146/2632/196
f 147/2631/196 144/2633/196 146/2632/196
f 146/2632/196 1093/1828/196 214/2630/196
f 1093/1828/196 1097/2634/196 1092/1826/196
f 1092/1829/1428 1097/1836/1111 1094/1830/1106
f 1092/1829/1105 1095/1831/1107 1096/1832/1429
f 1093/1834/1109 146/307/210 145/306/210
f 1097/1836/1111 1093/1834/1109 808/1835/1110
f 142/1838/1112 141/301/208 140/300/208
f 1100/1841/1114 1104/2635/1281 143/1842/1115
f 137/297/205 1099/2636/1282 1102/1844/1117
f 1103/1845/196 135/293/196 143/303/196
f 1105/1847/1118 1113/1856/1127 1106/1848/1119
f 130/288/199 399/2637/1430 1108/1850/1431
f 1110/1852/1123 1114/1857/1128 212/1853/1124
f 1112/1855/1432 128/2638/1433 1113/1856/1127
f 1114/1857/1128 134/292/203 133/291/202
f 132/290/201 126/281/195 1115/1858/1129
f 1111/1854/1125 1107/1849/1120 1106/1848/1119
f 427/1870/1130 1125/2639/1434 1117/1871/1131
f 743/1873/1133 1121/1878/1135 1118/1874/1134
f 428/1872/1132 1117/1871/1435 1119/1876/866
f 1120/1877/866 1119/1876/866 1121/1878/1135
f 1118/1881/1134 1127/1897/1153 1123/1880/1138
f 436/1358/752 856/1360/279 1124/1886/1140
f 928/1507/866 747/2586/866 1124/1893/866
f 856/1353/1436 234/455/310 268/457/312
f 268/457/312 890/1895/1150 856/1353/745
f 143/1842/1115 142/1838/1112 1098/1839/1113
f 1129/1908/1162 964/1671/1016 1128/1907/1161
f 1002/1649/1437 1130/1909/1163 1128/1907/1161
f 1154/2006/1173 1157/2009/1176 1155/2007/1174
f 1157/2009/1176 1162/2014/1181 1158/2010/1177
f 1159/2011/1178 1168/2020/1187 1160/2012/1179
f 1162/2014/1181 1169/2021/1188 1163/2015/1182
f 1164/2016/1183 1154/2006/1173 1156/2008/1175
f 1166/2018/1185 1159/2011/1178 1161/2013/1180
f 1168/2020/1187 1164/2016/1183 1165/2017/1184
f 1169/2021/1188 1286/2640/229 1170/2022/229
f 1167/2019/1186 1181/2034/1189 1171/2023/1189
f 1172/2024/1190 1176/2641/1190 1173/2025/1191
f 1175/2027/251 1186/2642/251 1176/2028/251
f 1177/2030/1192 1174/2026/1191 1173/2025/1191
f 1179/2032/1195 1177/2030/1192 1178/2031/1194
f 1179/2032/1195 1180/2033/1195 1171/2023/1189
f 1182/2035/251 1283/2643/251 1183/2036/1196
f 1185/2038/1438 1188/2042/1201 1186/2039/1199
f 1187/2041/1200 1189/2043/1202 1188/2042/1201
f 1184/2037/1197 1183/2036/1196 1189/2043/1202
f 1190/2044/816 1221/2075/733 1191/2045/708
f 1193/2047/1204 1222/2076/1224 1194/2048/1205
f 1196/2050/1207 1209/2063/721 1197/2051/1208
f 1199/2053/1210 1203/2057/1214 1200/2054/1211
f 1202/2056/1213 1216/2070/738 1203/2057/1214
f 1198/2052/1209 1197/2051/1208 1204/2058/739
f 1206/2060/251 1333/2644/251 1207/2061/809
f 1192/2046/1203 1191/2045/708 1209/2063/721
f 1205/2059/1215 1204/2058/739 1210/2064/1217
f 1195/2049/1206 1194/2048/1205 1212/2066/1218
f 1201/2055/1212 1200/2054/1211 1214/2068/1220
f 1211/2065/729 1210/2064/1217 1216/2070/738
f 1213/2067/1219 1212/2066/1218 1217/2071/1222
f 1218/2072/1223 1217/2071/1222 1219/2073/229
f 1208/2062/1216 1207/2061/809 1221/2075/733
f 1215/2069/1221 1214/2068/1220 1222/2076/1224
f 1223/2113/1225 1227/2117/1439 1224/2114/1226
f 1226/2116/1228 1232/2122/1234 1227/2117/1229
f 1228/2118/1230 1236/2127/1238 1229/2119/1231
f 1231/2121/1233 1237/2128/1239 1232/2122/1234
f 1225/2115/1227 1224/2114/1226 1233/2123/1235
f 1230/2120/1232 1229/2119/1231 937/2125/1237
f 1234/2124/1236 1233/2123/1235 1236/2127/1238
f 1170/2022/229 1286/2640/229 1237/2128/1239
f 937/2125/1237 1246/2139/1246 1238/2129/1240
f 1239/2130/1241 936/2645/1242 1240/2131/1242
f 936/2133/251 935/2646/251 1242/2134/251
f 1243/2136/1243 1245/2138/1245 1239/2130/1440
f 1244/2137/1244 1282/2647/1244 1245/2138/1245
f 1246/2139/1246 1282/2647/1244 1244/2137/1244
f 1247/2140/1247 1283/2643/251 1182/2035/251
f 935/2142/1249 1250/2145/1251 1249/2143/1441
f 1250/2145/1251 1252/2147/1253 1251/2146/1252
f 1252/2147/1253 1247/2140/1247 1248/2141/1248
f 1253/2148/1254 1280/2176/1278 1254/2149/1255
f 1256/2151/1257 1281/2177/1279 1257/2152/1258
f 1259/2154/1260 1271/2166/1269 1260/2155/1261
f 1262/2157/1263 1334/2648/1264 1263/2158/1264
f 1263/2158/1264 1334/2648/1264 1265/2160/196
f 1267/2162/1266 1259/2154/1260 1261/2156/1262
f 1269/2164/817 1333/2644/251 1206/2060/251
f 1271/2166/1269 1253/2148/1254 1255/2150/1256
f 1272/2167/1270 1267/2649/1266 1268/2168/1267
f 1274/2170/1272 1256/2151/1257 1258/2153/1259
f 1276/2172/1274 1262/2157/1263 1264/2159/1265
f 1265/2160/196 1272/2167/1270 1273/2169/1271
f 1278/2174/1276 1274/2170/1272 1275/2171/1273
f 1219/2073/229 1278/2174/1276 1279/2175/1277
f 1280/2176/1278 1269/2164/817 1270/2165/1268
f 1281/2177/1279 1276/2172/1274 1277/2173/1275
f 496/2213/657 183/2650/657 935/1534/657
f 183/2650/657 1283/2220/657 935/1534/657
f 1283/2220/657 1247/2651/657 1250/2652/657
f 1247/2651/657 1252/2653/657 1250/2652/657
f 1250/2652/657 935/1534/657 1283/2220/657
f 935/1534/657 497/1538/657 491/2654/657
f 491/2654/657 490/2655/657 935/1534/657
f 490/2655/657 494/2656/657 935/1534/657
f 494/2656/657 493/2212/657 935/1534/657
f 1283/2220/657 183/2650/657 1186/2224/657
f 183/2650/657 185/2657/657 1186/2224/657
f 185/2657/657 180/2658/657 1186/2224/657
f 180/2658/657 182/2659/657 1186/2224/657
f 182/2659/657 177/2660/657 1186/2224/657
f 177/2660/657 179/2661/657 1186/2224/657
f 179/2661/657 187/2225/657 1186/2224/657
f 1186/2224/657 1188/2221/657 1283/2220/657
f 1188/2221/657 1189/2662/657 1183/2222/657
f 170/2231/657 1173/2233/657 1176/2228/657
f 1176/2228/657 202/2229/657 1284/2230/657
f 222/389/229 224/391/229 240/2274/229
f 447/2280/279 228/399/279 227/398/279
f 227/398/279 458/769/279 447/2280/279
f 240/2274/229 258/2362/229 244/422/229
f 260/443/279 1288/2283/279 1287/2281/279
f 259/439/279 258/438/279 240/418/279
f 259/448/251 239/2565/251 458/1295/251
f 222/2282/279 1287/2281/279 1288/2283/279
f 1289/2290/1284 1292/2663/1284 1290/2291/1284
f 1292/2293/1285 1289/2664/1285 1293/2294/1286
f 1294/2295/1287 1293/2294/1286 1295/2296/1288
f 1296/2297/1289 1295/2296/1288 1297/2298/1290
f 1298/2299/1291 1297/2298/1290 1299/2300/1292
f 1300/2301/1293 1299/2300/1292 1301/2302/1294
f 1302/2303/1295 1301/2302/1294 1303/2304/1296
f 1304/2305/1297 1303/2304/1296 1305/2306/1298
f 1306/2307/1299 1305/2306/1298 1307/2308/657
f 1293/2665/279 1289/2666/279 1291/2667/279
f 1291/2667/279 1307/2668/279 1293/2665/279
f 1307/2668/279 1305/2669/279 1295/2312/279
f 1293/2665/279 1307/2668/279 1295/2312/279
f 1305/2669/279 1303/2670/279 1295/2312/279
f 1303/2670/279 1301/2671/279 1295/2312/279
f 1301/2671/279 1299/2310/279 1295/2312/279
f 1308/2314/196 1290/2672/196 1294/2673/196
f 1290/2672/196 1292/2674/196 1294/2673/196
f 1308/2314/196 1294/2673/196 1296/2315/196
f 1296/2315/196 1298/2675/196 1300/2676/196
f 1300/2676/196 1302/2677/196 1296/2315/196
f 1302/2677/196 1304/2678/196 1296/2315/196
f 1304/2678/196 1306/2313/196 1296/2315/196
f 168/329/231 170/331/1442 1284/2316/1300
f 1310/2318/1302 1309/2317/1301 1042/2319/1303
f 1309/2317/1301 1284/2316/1300 202/364/270
f 1311/2322/1306 1310/2318/1302 1046/2320/1304
f 203/2326/1310 205/2679/1443 211/2327/1311
f 1320/2334/1318 1322/2338/1322 208/2335/1319
f 1321/2337/1444 1323/2339/1323 1322/2338/1322
f 1319/2333/1317 1312/2324/1308 1323/2339/1323
f 1321/2337/1444 173/334/238 171/332/235
f 1320/2334/1318 175/336/241 173/334/238
f 207/2336/1320 150/338/243 175/336/241
f 209/2340/1324 1316/2330/1314 1315/2329/1313
f 210/2341/1325 1315/2329/1313 1314/2328/1312
f 1323/2339/1323 1312/2324/1308 1311/2322/1306
f 1316/2330/1314 209/2340/1324 1322/2338/1322
f 168/329/231 1313/2325/1309 1318/2332/1316
f 1318/2332/1316 1313/2325/1309 1310/2318/1302
f 424/725/389 421/724/388 198/360/266
o 2_low_2_low_Circle:018
v 0.000000 -0.210658 -1.022342
v -0.012657 -0.208992 -0.994032
v -0.012657 -0.208992 -1.022342
v 0.047238 -0.149096 -1.022342
v 0.048904 -0.161754 -0.994032
v 0.048904 -0.161754 -1.022342
v -0.042353 -0.137301 -1.022342
v -0.034581 -0.127173 -0.994032
v -0.034581 -0.127173 -1.022342
v -0.024452 -0.204106 -0.994032
v -0.024452 -0.204106 -1.022342
v 0.047238 -0.174411 -0.994032
v 0.047238 -0.174411 -1.022342
v -0.024452 -0.119401 -0.994032
v -0.024452 -0.119401 -1.022342
v -0.034581 -0.196334 -0.994032
v -0.034581 -0.196334 -1.022342
v 0.042352 -0.186206 -0.994032
v 0.042352 -0.186206 -1.022342
v -0.012657 -0.114516 -1.022342
v -0.012657 -0.114516 -0.994032
v 0.000000 -0.112849 -1.022342
v 0.012657 -0.114516 -0.994032
v 0.012657 -0.114516 -1.022342
v -0.042353 -0.186206 -0.994032
v -0.042353 -0.186206 -1.022342
v 0.034581 -0.196334 -0.994032
v 0.034581 -0.196334 -1.022342
v 0.000000 -0.112849 -0.994032
v 0.024452 -0.119401 -0.994032
v 0.024452 -0.119401 -1.022342
v -0.047238 -0.174411 -1.022342
v -0.047238 -0.174411 -0.994032
v 0.024452 -0.204106 -0.994032
v 0.024452 -0.204106 -1.022342
v 0.034581 -0.127173 -0.994032
v 0.034581 -0.127173 -1.022342
v -0.048904 -0.161754 -1.022342
v -0.048904 -0.161754 -0.994032
v 0.012657 -0.208992 -0.994032
v 0.012657 -0.208992 -1.022342
v 0.042352 -0.137301 -0.994032
v 0.042352 -0.137301 -1.022342
v -0.047238 -0.149096 -0.994032
v -0.047238 -0.149096 -1.022342
v 0.000000 -0.210658 -0.994032
v 0.047238 -0.149096 -0.994032
v -0.042353 -0.137301 -0.994032
v 0.000000 -0.161754 -1.022342
vt 0.370616 0.030125
vt 0.373875 0.015571
vt 0.376620 0.028887
vt 0.328582 0.038790
vt 0.331841 0.024236
vt 0.334587 0.037552
vt 0.418655 0.020221
vt 0.421914 0.005667
vt 0.424659 0.018983
vt 0.379880 0.014333
vt 0.382625 0.027649
vt 0.337846 0.022998
vt 0.340591 0.036314
vt 0.427919 0.004429
vt 0.430664 0.017745
vt 0.385885 0.013095
vt 0.388630 0.026411
vt 0.343851 0.021761
vt 0.346596 0.035076
vt 0.436669 0.016507
vt 0.433924 0.003191
vt 0.298557 0.044980
vt 0.301817 0.030426
vt 0.304562 0.043742
vt 0.391890 0.011857
vt 0.394635 0.025173
vt 0.349856 0.020523
vt 0.352601 0.033839
vt 0.439929 0.001953
vt 0.442674 0.015269
vt 0.307822 0.029188
vt 0.310567 0.042504
vt 0.400640 0.023935
vt 0.397895 0.010619
vt 0.355861 0.019285
vt 0.358606 0.032601
vt 0.313827 0.027950
vt 0.316572 0.041266
vt 0.406645 0.022697
vt 0.403899 0.009381
vt 0.361866 0.018047
vt 0.364611 0.031363
vt 0.319831 0.026712
vt 0.322576 0.040028
vt 0.409905 0.008143
vt 0.412650 0.021459
vt 0.367871 0.016809
vt 0.325836 0.025474
vt 0.415909 0.006905
vt 0.035618 0.305102
vt 0.040739 0.308472
vt 0.025377 0.326237
vt 0.002311 0.321815
vt 0.004242 0.315996
vt 0.038560 0.345674
vt 0.033081 0.348423
vt 0.044813 0.313054
vt 0.007613 0.310875
vt 0.027076 0.349661
vt 0.047563 0.318534
vt 0.012194 0.306801
vt 0.020955 0.349302
vt 0.015136 0.347372
vt 0.010015 0.344001
vt 0.048801 0.324538
vt 0.017673 0.304051
vt 0.005941 0.339420
vt 0.048442 0.330658
vt 0.023678 0.302813
vt 0.003191 0.333940
vt 0.046512 0.336477
vt 0.029799 0.303171
vt 0.001953 0.327936
vt 0.043141 0.341599
vt 0.295812 0.031664
vn -0.0000 -1.0000 0.0000
vn -0.2588 -0.9659 -0.0000
vn 0.9659 0.2588 0.0000
vn 1.0000 -0.0000 -0.0000
vn -0.8660 0.5000 0.0000
vn -0.7071 0.7071 -0.0000
vn -0.5000 -0.8660 -0.0000
vn 0.9659 -0.2588 -0.0000
vn -0.5000 0.8660 -0.0000
vn -0.7071 -0.7071 -0.0000
vn 0.8660 -0.5000 -0.0000
vn -0.2588 0.9659 0.0000
vn -0.0000 1.0000 0.0000
vn 0.2588 0.9659 -0.0000
vn -0.8660 -0.5000 -0.0000
vn 0.7071 -0.7071 0.0000
vn 0.5000 0.8660 -0.0000
vn -0.9659 -0.2588 0.0000
vn 0.5000 -0.8660 -0.0000
vn 0.7071 0.7071 -0.0000
vn -1.0000 -0.0000 0.0000
vn 0.2588 -0.9659 -0.0000
vn 0.8660 0.5000 0.0000
vn -0.9659 0.2588 -0.0000
vn 0.0000 0.0000 -1.0000
vn 0.7071 0.7071 -0.0001
g 2_low_2_low_Circle:018_rama
usemtl rama
s 1
f 1335/2680/1445 1336/2681/1446 1337/2682/1446
f 1338/2683/1447 1339/2684/1448 1340/2685/1448
f 1341/2686/1449 1342/2687/1450 1343/2688/1450
f 1337/2682/1446 1344/2689/1451 1345/2690/1451
f 1340/2685/1448 1346/2691/1452 1347/2692/1452
f 1343/2688/1450 1348/2693/1453 1349/2694/1453
f 1345/2690/1451 1350/2695/1454 1351/2696/1454
f 1347/2692/1452 1352/2697/1455 1353/2698/1455
f 1354/2699/1456 1348/2693/1453 1355/2700/1456
f 1356/2701/1457 1357/2702/1458 1358/2703/1458
f 1351/2696/1454 1359/2704/1459 1360/2705/1459
f 1353/2698/1455 1361/2706/1460 1362/2707/1460
f 1354/2699/1456 1363/2708/1457 1356/2709/1457
f 1358/2703/1458 1364/2710/1461 1365/2711/1461
f 1366/2712/1462 1359/2704/1459 1367/2713/1462
f 1362/2707/1460 1368/2714/1463 1369/2715/1463
f 1365/2711/1461 1370/2716/1464 1371/2717/1464
f 1372/2718/1465 1367/2713/1462 1373/2719/1465
f 1369/2715/1463 1374/2720/1466 1375/2721/1466
f 1371/2717/1464 1376/2722/1467 1377/2723/1467
f 1372/2718/1465 1378/2724/1468 1379/2725/1468
f 1375/2721/1466 1380/2726/1445 1335/2680/1445
f 1377/2723/1467 1381/2727/1447 1338/2683/1447
f 1379/2725/1468 1382/2728/1449 1341/2686/1449
f 1335/2729/1469 1337/2730/1469 1383/2731/1469
f 1338/2732/1469 1340/2733/1469 1383/2731/1469
f 1341/2734/1469 1343/2735/1469 1383/2731/1469
f 1337/2730/1469 1345/2736/1469 1383/2731/1469
f 1340/2733/1469 1347/2737/1469 1383/2731/1469
f 1343/2735/1469 1349/2738/1469 1383/2731/1469
f 1345/2736/1469 1351/2739/1469 1383/2731/1469
f 1347/2737/1469 1353/2740/1469 1383/2731/1469
f 1349/2738/1469 1354/2741/1469 1383/2731/1469
f 1356/2742/1469 1358/2743/1469 1383/2731/1469
f 1351/2739/1469 1360/2744/1469 1383/2731/1469
f 1353/2740/1469 1362/2745/1469 1383/2731/1469
f 1354/2741/1469 1356/2742/1469 1383/2731/1469
f 1358/2743/1469 1365/2746/1469 1383/2731/1469
f 1360/2744/1469 1366/2747/1469 1383/2731/1469
f 1362/2745/1469 1369/2748/1469 1383/2731/1469
f 1365/2746/1469 1371/2749/1469 1383/2731/1469
f 1366/2747/1469 1372/2750/1469 1383/2731/1469
f 1369/2748/1469 1375/2751/1469 1383/2731/1469
f 1371/2749/1469 1377/2752/1469 1383/2731/1469
f 1372/2750/1469 1379/2753/1469 1383/2731/1469
f 1375/2751/1469 1335/2729/1469 1383/2731/1469
f 1377/2752/1469 1338/2732/1469 1383/2731/1469
f 1379/2753/1469 1341/2734/1469 1383/2731/1469
f 1335/2680/1445 1380/2726/1445 1336/2681/1446
f 1338/2683/1447 1381/2727/1447 1339/2684/1448
f 1341/2686/1449 1382/2728/1449 1342/2687/1450
f 1337/2682/1446 1336/2681/1446 1344/2689/1451
f 1340/2685/1448 1339/2684/1448 1346/2691/1452
f 1343/2688/1450 1342/2687/1450 1348/2693/1453
f 1345/2690/1451 1344/2689/1451 1350/2695/1454
f 1347/2692/1452 1346/2691/1452 1352/2697/1455
f 1354/2699/1456 1349/2694/1453 1348/2693/1453
f 1356/2701/1457 1363/2754/1457 1357/2702/1458
f 1351/2696/1454 1350/2695/1454 1359/2704/1459
f 1353/2698/1455 1352/2697/1455 1361/2706/1460
f 1354/2699/1456 1355/2700/1456 1363/2708/1457
f 1358/2703/1458 1357/2702/1458 1364/2710/1461
f 1366/2712/1462 1360/2705/1459 1359/2704/1459
f 1362/2707/1460 1361/2706/1460 1368/2714/1463
f 1365/2711/1461 1364/2710/1461 1370/2716/1464
f 1372/2718/1465 1366/2712/1462 1367/2713/1462
f 1369/2715/1463 1368/2714/1463 1374/2720/1466
f 1371/2717/1464 1370/2716/1470 1376/2722/1467
f 1372/2718/1465 1373/2719/1465 1378/2724/1468
f 1375/2721/1466 1374/2720/1466 1380/2726/1445
f 1377/2723/1467 1376/2722/1467 1381/2727/1447
f 1379/2725/1468 1378/2724/1468 1382/2728/1449
o boy_low_boy_low_Circle:019
v 0.002554 0.001418 0.914149
v -0.002553 0.001144 0.938686
v -0.002553 0.001418 0.914148
v -0.012838 0.011429 0.938686
v -0.012838 0.016536 0.942226
v -0.012838 0.016536 0.938686
v -0.007272 0.003099 0.942226
v -0.007272 0.003100 0.938686
v 0.010883 0.021254 0.938686
v 0.012838 0.016536 0.942226
v 0.012838 0.016536 0.938686
v 0.002554 0.001144 0.938687
v 0.007272 0.003099 0.942226
v 0.002554 0.001144 0.942226
v -0.002554 0.026820 0.938686
v -0.007272 0.024866 0.942226
v -0.002553 0.026820 0.942226
v -0.010883 0.006710 0.942226
v -0.012838 0.011429 0.942226
v -0.009668 0.012059 0.945395
v -0.007091 0.015393 0.945395
v -0.009668 0.015905 0.945395
v 0.007272 0.024866 0.938687
v 0.010883 0.021254 0.942227
v -0.010883 0.021254 0.938686
v -0.007272 0.024866 0.938686
v -0.010883 0.006710 0.938686
v 0.012838 0.011428 0.938686
v 0.010883 0.006710 0.942227
v 0.010883 0.006710 0.938686
v 0.002554 0.026820 0.942226
v 0.007272 0.024866 0.942226
v -0.010883 0.021254 0.942226
v 0.005477 0.022179 0.945395
v 0.006012 0.017999 0.945395
v 0.008197 0.019459 0.945395
v 0.012838 0.011429 0.942226
v 0.002554 0.026820 0.938686
v -0.005477 0.022179 0.945395
v -0.006012 0.017999 0.945395
v -0.004017 0.019994 0.945395
v 0.008197 0.008505 0.945395
v 0.007092 0.012571 0.945395
v 0.006012 0.009965 0.945395
v -0.006012 0.009965 0.945395
v -0.007091 0.012571 0.945395
v -0.001923 0.004314 0.945395
v -0.004017 0.007970 0.945395
v -0.005477 0.005785 0.945395
v 0.007272 0.003099 0.938686
v -0.008197 0.008505 0.945395
v 0.001410 0.006891 0.945395
v -0.001411 0.006891 0.945395
v 0.009669 0.015905 0.945396
v 0.007092 0.015392 0.945396
v 0.001923 0.004314 0.945395
v 0.004017 0.007970 0.945395
v -0.008197 0.019459 0.945395
v 0.005477 0.005786 0.945395
v 0.009669 0.012059 0.945395
v -0.001923 0.023651 0.945396
v -0.001410 0.021074 0.945396
v 0.001923 0.023651 0.945395
v 0.004017 0.019995 0.945395
v 0.001410 0.021074 0.945395
v -0.002553 0.001144 0.942226
v 0.002369 0.002073 0.944467
v -0.002369 0.002073 0.944468
v 0.006746 0.003886 0.944467
v 0.010096 0.007236 0.944467
v 0.011910 0.011613 0.944467
v 0.011910 0.016351 0.944467
v 0.010096 0.020728 0.944467
v 0.006746 0.024079 0.944467
v 0.002369 0.025892 0.944467
v -0.002369 0.025892 0.944467
v -0.006746 0.024079 0.944467
v -0.010096 0.020728 0.944467
v -0.011909 0.016351 0.944468
v -0.011909 0.011613 0.944467
v -0.006746 0.003886 0.944467
v -0.010096 0.007236 0.944467
v 0.007272 0.003373 0.914148
v -0.002554 0.027094 0.914148
v 0.002554 0.027094 0.914148
v 0.012838 0.011702 0.914148
v -0.012838 0.016810 0.914148
v -0.010883 0.021528 0.914148
v 0.007272 0.025140 0.914149
v 0.010883 0.006984 0.914148
v -0.007272 0.003374 0.914148
v -0.010883 0.006984 0.914148
v -0.007272 0.025140 0.914148
v 0.010883 0.021528 0.914148
v -0.012838 0.011703 0.914148
v 0.012838 0.016810 0.914148
v 0.000000 0.013982 0.945395
v 0.001854 0.011424 0.325330
v 0.003010 0.016237 0.323909
v 0.005278 0.012842 0.325330
v -0.001853 0.011424 0.325330
v -0.007272 0.009858 0.330429
v -0.005278 0.012842 0.325330
v -0.007899 0.015463 0.325330
v -0.003010 0.016237 0.323909
v -0.010883 0.013469 0.330429
v -0.007899 0.026019 0.325330
v -0.005314 0.021799 0.323909
v -0.009318 0.022596 0.325329
v -0.009318 0.018888 0.325330
v -0.012838 0.018188 0.330429
v -0.001853 0.030060 0.325330
v -0.003010 0.025247 0.323909
v -0.005278 0.028642 0.325330
v -0.012838 0.023296 0.330429
v -0.004505 0.017732 0.323909
v -0.010883 0.028014 0.330429
v -0.004505 0.023752 0.323909
v -0.007272 0.031626 0.330429
v 0.001057 0.015428 0.323909
v -0.002554 0.033579 0.330429
v 0.004505 0.017731 0.323909
v 0.007900 0.015463 0.325330
v 0.002554 0.033579 0.330429
v 0.001854 0.030059 0.325330
v 0.009318 0.022595 0.325330
v 0.005314 0.019685 0.323909
v 0.005314 0.021799 0.323909
v 0.005278 0.028641 0.325330
v 0.007272 0.031625 0.330429
v -0.005314 0.019685 0.323909
v 0.010883 0.028013 0.330429
v 0.007900 0.026020 0.325330
v -0.001057 0.015428 0.323909
v 0.012838 0.023295 0.330429
v 0.004505 0.023752 0.323909
v 0.003010 0.025247 0.323909
v 0.012838 0.018188 0.330429
v 0.009318 0.018888 0.325330
v -0.001057 0.026056 0.323909
v 0.010883 0.013470 0.330429
v 0.007272 0.009858 0.330429
v 0.002554 0.007903 0.330429
v 0.001057 0.026055 0.323909
v -0.002553 0.007903 0.330429
v -0.012838 0.018188 0.334169
v -0.012838 0.023296 0.334169
v -0.002554 0.007903 0.334169
v -0.007272 0.009859 0.334169
v 0.012838 0.023296 0.334169
v 0.002554 0.007903 0.334169
v -0.002554 0.033579 0.334169
v -0.010883 0.013469 0.334169
v 0.010883 0.028013 0.334169
v -0.007272 0.031626 0.334169
v 0.010883 0.013470 0.334169
v 0.007272 0.031625 0.334169
v -0.010883 0.028013 0.334169
v 0.012838 0.018189 0.334169
v 0.002554 0.033579 0.334169
v 0.007272 0.009859 0.334169
v 0.001880 0.023555 0.323909
v 0.000660 0.024060 0.323909
v 0.001880 0.017928 0.323909
v -0.000660 0.024060 0.323909
v -0.001880 0.017928 0.323909
v -0.000660 0.017423 0.323909
v -0.003319 0.021402 0.323909
v -0.001880 0.023555 0.323909
v 0.000660 0.017423 0.323909
v 0.002814 0.018862 0.323909
v -0.002813 0.022621 0.323909
v -0.003319 0.020082 0.323909
v 0.003319 0.020082 0.323909
v -0.002813 0.018862 0.323909
v 0.003319 0.021402 0.323909
v 0.002814 0.022622 0.323909
v 0.000000 0.020742 0.323909
v -0.012838 0.023177 0.344787
v -0.007272 0.009740 0.344787
v 0.010883 0.027894 0.344787
v 0.012838 0.023177 0.344787
v 0.007272 0.009740 0.344787
v 0.002554 0.007784 0.344787
v -0.002554 0.033460 0.344787
v -0.012838 0.018069 0.344787
v 0.007272 0.031506 0.344787
v -0.007272 0.031507 0.344787
v -0.010883 0.013350 0.344787
v 0.012838 0.018070 0.344787
v 0.010883 0.013351 0.344787
v 0.002554 0.033460 0.344787
v -0.010883 0.027894 0.344787
v -0.002554 0.007784 0.344787
vt 0.996944 0.092560
vt 0.984987 0.091172
vt 0.996729 0.090106
vt 0.984362 0.083898
vt 0.982452 0.081631
vt 0.984146 0.081474
vt 0.983086 0.088889
vt 0.984779 0.088746
vt 0.982551 0.066949
vt 0.980553 0.064771
vt 0.982229 0.064530
vt 0.985194 0.093599
vt 0.983715 0.096148
vt 0.983504 0.093731
vt 0.983425 0.074207
vt 0.981990 0.076803
vt 0.981735 0.074392
vt 0.982875 0.086468
vt 0.982668 0.084048
vt 0.847489 0.012584
vt 0.848803 0.011051
vt 0.849293 0.012210
vt 0.982860 0.069367
vt 0.980862 0.067173
vt 0.983920 0.079051
vt 0.983680 0.076628
vt 0.984571 0.086322
vt 0.981890 0.062110
vt 0.979820 0.059962
vt 0.981538 0.059686
vt 0.981462 0.071984
vt 0.981173 0.069578
vt 0.982227 0.079215
vt 0.850771 0.004496
vt 0.848758 0.004651
vt 0.849231 0.003484
vt 0.980218 0.062374
vt 0.983153 0.071785
vt 0.851833 0.009638
vt 0.849922 0.010293
vt 0.850666 0.009164
vt 0.844092 0.004544
vt 0.846106 0.004668
vt 0.844988 0.005428
vt 0.846151 0.011071
vt 0.847479 0.011325
vt 0.843105 0.009698
vt 0.845022 0.010328
vt 0.844138 0.011224
vt 0.985600 0.098478
vt 0.985401 0.096033
vt 0.845678 0.012238
vt 0.843990 0.007885
vt 0.844264 0.009209
vt 0.847422 0.003136
vt 0.847430 0.004396
vt 0.842730 0.007894
vt 0.844245 0.006557
vt 0.850819 0.011177
vt 0.843078 0.006083
vt 0.845616 0.003508
vt 0.852178 0.007827
vt 0.850920 0.007836
vt 0.851808 0.006022
vt 0.849888 0.005393
vt 0.850647 0.006512
vt 0.983295 0.091311
vt 0.982343 0.093822
vt 0.982134 0.091409
vt 0.842012 0.010161
vt 0.982542 0.096211
vt 0.841982 0.005639
vt 0.841551 0.007902
vt 0.983856 0.098575
vt 0.843247 0.003711
vt 0.979077 0.062563
vt 0.978685 0.060274
vt 0.979384 0.064935
vt 0.847412 0.001953
vt 0.845157 0.002421
vt 0.849678 0.002385
vt 0.979999 0.069725
vt 0.979725 0.067323
vt 0.851603 0.003655
vt 0.980304 0.072122
vt 0.853365 0.007819
vt 0.852894 0.005562
vt 0.980576 0.074519
vt 0.980830 0.076920
vt 0.851662 0.012007
vt 0.852926 0.010081
vt 0.981067 0.079326
vt 0.849755 0.013304
vt 0.981291 0.081735
vt 0.981508 0.084149
vt 0.847496 0.013767
vt 0.981927 0.088990
vt 0.981735 0.086567
vt 0.843308 0.012067
vt 0.845234 0.013331
vt 0.997160 0.095011
vt 0.995139 0.072909
vt 0.994859 0.070458
vt 0.993607 0.060683
vt 0.995874 0.080275
vt 0.995644 0.077818
vt 0.994566 0.068009
vt 0.993279 0.058247
vt 0.996518 0.087649
vt 0.996307 0.085192
vt 0.995400 0.075362
vt 0.994257 0.065564
vt 0.996094 0.082733
vt 0.993936 0.063122
vt 0.847455 0.007860
vt 0.987852 0.472496
vt 0.987118 0.474907
vt 0.986239 0.472995
vt 0.989546 0.472462
vt 0.992326 0.470101
vt 0.991177 0.472892
vt 0.992641 0.473734
vt 0.990358 0.474865
vt 0.994483 0.471372
vt 0.995017 0.478068
vt 0.992670 0.477164
vt 0.994629 0.476425
vt 0.993833 0.474936
vt 0.996220 0.473168
vt 0.994407 0.481360
vt 0.992865 0.479354
vt 0.994965 0.479759
vt 0.997451 0.475351
vt 0.991337 0.475404
vt 0.998000 0.477795
vt 0.992951 0.478244
vt 0.997873 0.480300
vt 0.988177 0.474573
vt 0.997086 0.482684
vt 0.986192 0.475509
vt 0.984803 0.473890
vt 0.995670 0.484761
vt 0.993429 0.482749
vt 0.982932 0.476724
vt 0.985428 0.476300
vt 0.984937 0.477258
vt 0.992107 0.483851
vt 0.993736 0.486347
vt 0.992126 0.476189
vt 0.991489 0.487414
vt 0.990493 0.484533
vt 0.989288 0.474530
vt 0.979618 0.478173
vt 0.980121 0.475739
vt 0.990136 0.482387
vt 0.991105 0.482010
vt 0.981208 0.473494
vt 0.983676 0.475166
vt 0.992540 0.480411
vt 0.982867 0.471613
vt 0.984807 0.478291
vt 0.982649 0.478454
vt 0.984981 0.470244
vt 0.987393 0.469539
vt 0.991942 0.481335
vt 0.989893 0.469509
vt 0.987600 0.124916
vt 0.988984 0.122196
vt 0.989374 0.124625
vt 0.986462 0.117601
vt 0.987871 0.114900
vt 0.988237 0.117333
vt 0.990289 0.139469
vt 0.992539 0.141514
vt 0.990780 0.141874
vt 0.985369 0.110300
vt 0.987506 0.112467
vt 0.985731 0.112732
vt 0.988430 0.129787
vt 0.990636 0.131888
vt 0.988872 0.132216
vt 0.987211 0.122477
vt 0.988607 0.119765
vt 0.989803 0.137058
vt 0.992048 0.139113
vt 0.988007 0.127353
vt 0.990197 0.129472
vt 0.986832 0.120038
vt 0.984644 0.105443
vt 0.986782 0.107606
vt 0.985007 0.107870
vt 0.989331 0.134640
vt 0.991564 0.136708
vt 0.989777 0.127050
vt 0.984282 0.103018
vt 0.986419 0.105179
vt 0.991093 0.134300
vt 0.987145 0.110036
vt 0.986095 0.115165
vt 0.487054 0.004551
vt 0.488156 0.003931
vt 0.488031 0.004553
vt 0.492064 0.003565
vt 0.490809 0.003409
vt 0.491501 0.002719
vt 0.488154 0.005175
vt 0.487249 0.005548
vt 0.491494 0.006401
vt 0.491158 0.005182
vt 0.492060 0.005558
vt 0.492260 0.004562
vt 0.491283 0.004560
vt 0.488656 0.006960
vt 0.489653 0.006182
vt 0.489651 0.007160
vt 0.487812 0.006393
vt 0.488505 0.005704
vt 0.491160 0.003937
vt 0.490282 0.003055
vt 0.490658 0.002153
vt 0.489032 0.006057
vt 0.490276 0.006060
vt 0.490648 0.006964
vt 0.489662 0.001953
vt 0.489660 0.002930
vt 0.490804 0.005708
vt 0.489038 0.003053
vt 0.488665 0.002149
vt 0.488509 0.003404
vt 0.487820 0.002712
vt 0.487254 0.003555
vt 0.489657 0.004556
vt 0.994395 0.123753
vt 0.993272 0.116538
vt 0.997053 0.138151
vt 0.997544 0.140550
vt 0.992190 0.109305
vt 0.992554 0.111718
vt 0.995645 0.130955
vt 0.994010 0.121349
vt 0.996570 0.135752
vt 0.995210 0.128556
vt 0.993637 0.118944
vt 0.991464 0.104470
vt 0.991828 0.106890
vt 0.996098 0.133354
vt 0.994794 0.126155
vt 0.991101 0.102048
vt 0.992912 0.114129
vt 0.982679 0.098529
vt 0.997385 0.097456
vt 0.986057 0.102753
vn 0.1954 -0.9807 -0.0110
vn -0.1950 -0.9808 -0.0055
vn -0.1955 -0.9806 -0.0110
vn -0.9806 -0.1958 -0.0011
vn -0.9622 0.1914 0.1939
vn -0.9809 0.1945 0.0011
vn -0.5451 -0.8157 0.1938
vn -0.5553 -0.8316 -0.0047
vn 0.8318 0.5551 0.0031
vn 0.9622 0.1914 0.1938
vn 0.9809 0.1945 0.0011
vn 0.1950 -0.9808 -0.0055
vn 0.5451 -0.8157 0.1939
vn 0.1914 -0.9621 0.1940
vn -0.1952 0.9807 0.0055
vn -0.5451 0.8157 0.1939
vn -0.1913 0.9622 0.1938
vn -0.8157 -0.5451 0.1939
vn -0.9622 -0.1914 0.1939
vn -0.2104 -0.0419 0.9767
vn -0.0000 0.0000 1.0000
vn -0.2106 0.0419 0.9767
vn 0.5559 0.8312 0.0046
vn 0.8157 0.5450 0.1939
vn -0.8318 0.5551 0.0031
vn -0.5559 0.8312 0.0046
vn -0.8311 -0.5561 -0.0031
vn 0.9806 -0.1958 -0.0011
vn 0.8156 -0.5451 0.1939
vn 0.8311 -0.5561 -0.0031
vn 0.1914 0.9622 0.1938
vn 0.5451 0.8157 0.1939
vn -0.8157 0.5450 0.1939
vn 0.1192 0.1784 0.9767
vn 0.1784 0.1193 0.9767
vn 0.9622 -0.1914 0.1938
vn 0.1952 0.9807 0.0055
vn -0.1193 0.1784 0.9767
vn -0.0003 -0.0002 1.0000
vn 0.1784 -0.1193 0.9767
vn 0.0001 0.0000 1.0000
vn -0.0418 -0.2102 0.9768
vn -0.1193 -0.1784 0.9767
vn 0.5553 -0.8316 -0.0046
vn -0.1785 -0.1192 0.9767
vn 0.2106 0.0419 0.9767
vn -0.0001 0.0004 1.0000
vn -0.0001 0.0000 1.0000
vn 0.0419 -0.2104 0.9767
vn -0.1784 0.1193 0.9767
vn 0.1192 -0.1784 0.9767
vn 0.2105 -0.0420 0.9767
vn 0.0000 -0.0004 1.0000
vn -0.0419 0.2106 0.9767
vn -0.0004 -0.0001 1.0000
vn -0.0000 -0.0001 1.0000
vn 0.0419 0.2105 0.9767
vn 0.0002 -0.0001 1.0000
vn -0.1914 -0.9622 0.1939
vn 0.1414 -0.7108 0.6890
vn -0.1414 -0.7108 0.6890
vn 0.1914 -0.9622 0.1940
vn 0.4027 -0.6027 0.6889
vn 0.8157 -0.5451 0.1939
vn 0.6026 -0.4027 0.6890
vn 0.7109 -0.1415 0.6889
vn 0.7110 0.1414 0.6888
vn 0.7111 0.1414 0.6888
vn 0.2106 -0.0420 0.9767
vn 0.7110 -0.1415 0.6888
vn 0.6026 0.4027 0.6889
vn 0.4027 0.6027 0.6889
vn 0.6027 0.4027 0.6889
vn 0.1414 0.7109 0.6889
vn -0.1414 0.7110 0.6888
vn -0.4027 0.6027 0.6889
vn -0.6027 0.4027 0.6889
vn -0.7108 0.1414 0.6891
vn -0.7109 -0.1415 0.6890
vn -0.7109 -0.1415 0.6889
vn -0.4028 -0.6027 0.6889
vn -0.6027 -0.4027 0.6889
vn 0.5563 -0.8310 -0.0093
vn -0.1948 0.9808 0.0110
vn 0.1948 0.9808 0.0110
vn 0.9810 -0.1938 -0.0022
vn -0.9805 0.1965 0.0022
vn -0.8308 0.5565 0.0062
vn 0.5549 0.8319 0.0093
vn 0.8320 -0.5547 -0.0062
vn -0.5562 -0.8310 -0.0093
vn -0.8320 -0.5547 -0.0062
vn -0.5549 0.8318 0.0093
vn 0.8308 0.5565 0.0062
vn -0.9810 -0.1938 -0.0022
vn -0.5549 0.8319 0.0093
vn 0.9805 0.1965 0.0022
vn 0.0004 -0.0001 1.0000
vn -0.0001 -0.0002 1.0000
vn 0.0001 -0.0001 1.0000
vn -0.0001 -0.0004 1.0000
vn -0.0002 0.0001 1.0000
vn 0.0000 0.0001 1.0000
vn 0.1220 -0.6134 -0.7803
vn 0.1037 -0.1553 -0.9824
vn 0.3474 -0.5201 -0.7803
vn -0.1220 -0.6134 -0.7803
vn -0.5315 -0.7953 -0.2915
vn -0.3474 -0.5201 -0.7803
vn -0.5200 -0.3475 -0.7803
vn -0.1038 -0.1553 -0.9824
vn -0.7953 -0.5315 -0.2916
vn -0.5200 0.3475 -0.7803
vn -0.1831 0.0365 -0.9824
vn -0.6134 0.1221 -0.7803
vn -0.6134 -0.1221 -0.7802
vn -0.9382 -0.1866 -0.2916
vn -0.1219 0.6135 -0.7803
vn -0.1038 0.1553 -0.9824
vn -0.3475 0.5200 -0.7803
vn -0.9382 0.1867 -0.2916
vn -0.1553 -0.1038 -0.9824
vn -0.9381 0.1867 -0.2916
vn -0.7954 0.5314 -0.2916
vn -0.1553 0.1038 -0.9824
vn -0.5314 0.7954 -0.2916
vn 0.0364 -0.1832 -0.9824
vn -0.1865 0.9382 -0.2916
vn 0.1553 -0.1038 -0.9824
vn 0.5201 -0.3475 -0.7802
vn 0.1866 0.9382 -0.2916
vn 0.1221 0.6134 -0.7803
vn 0.6134 0.1220 -0.7803
vn 0.1832 -0.0364 -0.9824
vn 0.1832 0.0364 -0.9824
vn 0.3475 0.5201 -0.7803
vn 0.5315 0.7953 -0.2916
vn -0.1832 -0.0365 -0.9824
vn -0.6134 -0.1221 -0.7803
vn 0.7953 0.5314 -0.2916
vn 0.5201 0.3475 -0.7802
vn -0.0364 -0.1832 -0.9824
vn 0.9381 0.1867 -0.2916
vn 0.3475 0.5200 -0.7803
vn 0.1553 0.1038 -0.9824
vn 0.1038 0.1554 -0.9824
vn 0.9381 -0.1867 -0.2916
vn 0.6134 -0.1220 -0.7803
vn -0.0364 0.1832 -0.9824
vn 0.7954 -0.5314 -0.2915
vn 0.5315 -0.7953 -0.2915
vn 0.1867 -0.9381 -0.2916
vn 0.0364 0.1832 -0.9824
vn -0.1866 -0.9381 -0.2917
vn -0.9809 -0.1944 -0.0011
vn -0.9806 0.1959 0.0011
vn -0.1954 -0.9807 -0.0055
vn -0.5560 -0.8312 -0.0046
vn 0.9806 0.1959 0.0011
vn 0.1953 -0.9807 -0.0055
vn -0.1948 0.9808 0.0055
vn -0.8317 -0.5552 -0.0031
vn 0.8311 0.5561 0.0031
vn -0.5552 0.8317 0.0047
vn 0.9382 -0.1867 -0.2916
vn 0.8318 -0.5551 -0.0031
vn 0.5553 0.8316 0.0046
vn -0.8312 0.5560 0.0032
vn 0.9809 -0.1944 -0.0011
vn 0.1949 0.9808 0.0055
vn 0.5560 -0.8311 -0.0046
vn 0.0000 0.0000 -1.0000
vn -0.9810 0.1939 0.0022
vn -0.5550 -0.8318 -0.0093
vn 0.8321 0.5546 0.0062
vn 0.9810 0.1939 0.0022
vn 0.5550 -0.8318 -0.0093
vn 0.1950 -0.9807 -0.0110
vn -0.1952 0.9807 0.0110
vn -0.9805 -0.1965 -0.0022
vn 0.5562 0.8310 0.0093
vn -0.5562 0.8310 0.0093
vn -0.8308 -0.5566 -0.0062
vn 0.9805 -0.1965 -0.0022
vn 0.8308 -0.5565 -0.0062
vn 0.1953 0.9807 0.0110
vn -0.8321 0.5546 0.0062
vn 0.5560 -0.8312 -0.0046
vn -0.1950 -0.9807 -0.0110
vn 0.5451 -0.8156 0.1939
vn -0.2104 -0.0418 0.9767
vn 0.5451 0.8156 0.1939
vn -0.0002 0.0002 1.0000
vn -0.1192 -0.1784 0.9767
vn -0.0001 0.0002 1.0000
vn -0.2105 0.0419 0.9767
vn 0.0001 -0.0003 1.0000
vn -0.0002 -0.0001 1.0000
vn 0.0004 -0.0000 1.0000
vn -0.0001 -0.0001 1.0000
vn 0.7109 0.1414 0.6889
vn 0.2105 0.0419 0.9767
vn 0.2104 -0.0420 0.9767
vn -0.7108 0.1414 0.6890
vn -0.9622 -0.1914 0.1940
vn -0.7108 -0.1415 0.6890
vn 0.5549 0.8318 0.0093
vn -0.6135 -0.1221 -0.7802
vn 0.3475 0.5201 -0.7802
vn 0.0365 -0.1832 -0.9824
vn -0.1554 -0.1038 -0.9824
vn 0.1037 -0.1552 -0.9824
vn -0.1038 0.1554 -0.9824
vn -0.1831 0.0364 -0.9824
vn 0.1832 0.0365 -0.9824
vn 0.1553 0.1039 -0.9824
g boy_low_boy_low_Circle:019_rama
usemtl rama
s 1
f 1384/2755/1471 1385/2756/1472 1386/2757/1473
f 1387/2758/1474 1388/2759/1475 1389/2760/1476
f 1385/2756/1472 1390/2761/1477 1391/2762/1478
f 1392/2763/1479 1393/2764/1480 1394/2765/1481
f 1395/2766/1482 1396/2767/1483 1397/2768/1484
f 1398/2769/1485 1399/2770/1486 1400/2771/1487
f 1387/2758/1474 1401/2772/1488 1402/2773/1489
f 1403/2774/1490 1404/2775/1491 1405/2776/1492
f 1406/2777/1493 1407/2778/1494 1392/2763/1479
f 1408/2779/1495 1399/2770/1486 1409/2780/1496
f 1391/2762/1478 1401/2772/1488 1410/2781/1497
f 1411/2782/1498 1412/2783/1499 1413/2784/1500
f 1406/2777/1493 1414/2785/1501 1415/2786/1502
f 1389/2760/1476 1416/2787/1503 1408/2779/1495
f 1417/2788/1504 1418/2789/1491 1419/2790/1505
f 1394/2765/1481 1420/2791/1506 1411/2782/1498
f 1421/2792/1507 1400/2771/1487 1414/2785/1501
f 1422/2793/1508 1423/2794/1491 1424/2795/1509
f 1425/2796/1510 1426/2797/1491 1427/2798/1491
f 1403/2774/1490 1428/2799/1511 1429/2800/1511
f 1430/2801/1512 1431/2802/1491 1432/2803/1513
f 1413/2804/1500 1396/2767/1483 1433/2805/1514
f 1432/2803/1513 1428/2799/1491 1434/2806/1515
f 1430/2801/1512 1435/2807/1491 1436/2808/1491
f 1437/2809/1516 1418/2789/1517 1438/2810/1518
f 1439/2811/1519 1440/2812/1491 1435/2807/1491
f 1405/2776/1492 1423/2794/1491 1441/2813/1520
f 1442/2814/1521 1427/2798/1511 1440/2812/1511
f 1443/2815/1522 1438/2810/1518 1426/2797/1523
f 1444/2816/1524 1424/2795/1525 1445/2817/1526
f 1446/2818/1527 1447/2819/1491 1417/2788/1504
f 1444/2816/1524 1448/2820/1528 1446/2818/1527
f 1449/2821/1529 1450/2822/1530 1451/2823/1531
f 1451/2824/1531 1439/2811/1519 1430/2801/1512
f 1397/2768/1532 1452/2825/1533 1450/2822/1530
f 1452/2826/1533 1439/2811/1519 1450/2827/1530
f 1412/2828/1534 1452/2825/1533 1396/2767/1483
f 1453/2829/1535 1442/2814/1521 1452/2826/1533
f 1412/2783/1534 1454/2830/1536 1453/2831/1535
f 1453/2829/1535 1443/2815/1522 1425/2796/1510
f 1420/2791/1506 1455/2832/1537 1454/2830/1536
f 1455/2833/1538 1443/2815/1539 1454/2834/1540
f 1407/2778/1494 1455/2832/1537 1393/2764/1480
f 1456/2835/1541 1437/2809/1516 1455/2833/1537
f 1407/2778/1494 1457/2836/1542 1456/2837/1543
f 1456/2835/1543 1417/2788/1504 1419/2790/1505
f 1414/2785/1501 1457/2836/1542 1415/2786/1502
f 1457/2838/1542 1446/2818/1527 1417/2788/1504
f 1400/2771/1487 1458/2839/1544 1414/2785/1501
f 1459/2840/1545 1446/2818/1527 1458/2841/1544
f 1399/2770/1486 1459/2842/1545 1400/2771/1487
f 1459/2840/1545 1422/2793/1508 1444/2816/1524
f 1416/2787/1503 1460/2843/1546 1399/2770/1486
f 1461/2844/1547 1422/2793/1508 1460/2845/1546
f 1388/2759/1475 1461/2846/1547 1416/2787/1503
f 1462/2847/1548 1441/2813/1520 1461/2844/1547
f 1402/2773/1489 1462/2848/1548 1388/2759/1475
f 1462/2847/1548 1403/2774/1490 1405/2776/1492
f 1401/2772/1488 1463/2849/1549 1402/2773/1489
f 1463/2850/1550 1434/2806/1515 1403/2774/1490
f 1401/2772/1488 1464/2851/1551 1465/2852/1552
f 1464/2853/1551 1434/2806/1515 1465/2854/1552
f 1390/2761/1477 1451/2823/1531 1464/2851/1551
f 1451/2824/1531 1432/2803/1513 1464/2853/1551
f 1395/2766/1482 1449/2821/1529 1385/2756/1472
f 1466/2855/1553 1413/2804/1500 1433/2805/1514
f 1467/2856/1554 1421/2792/1507 1468/2857/1555
f 1469/2858/1556 1394/2765/1481 1411/2782/1498
f 1470/2859/1557 1408/2779/1495 1471/2860/1558
f 1472/2861/1559 1421/2792/1507 1406/2777/1493
f 1473/2862/1560 1411/2782/1498 1413/2784/1500
f 1474/2863/1561 1410/2781/1497 1475/2864/1562
f 1471/2860/1558 1409/2780/1496 1476/2865/1563
f 1477/2866/1564 1406/2777/1493 1392/2763/1479
f 1475/2864/1562 1387/2758/1474 1478/2867/1565
f 1476/2865/1566 1398/2769/1485 1467/2856/1554
f 1384/2755/1471 1433/2805/1514 1395/2766/1482
f 1479/2868/1567 1392/2763/1479 1394/2765/1481
f 1386/2757/1473 1391/2762/1478 1474/2863/1561
f 1478/2867/1565 1389/2760/1476 1470/2859/1557
f 1448/2820/1568 1445/2817/1526 1480/2869/1491
f 1431/2802/1491 1436/2808/1491 1480/2869/1491
f 1429/2800/1491 1428/2799/1491 1480/2869/1491
f 1428/2799/1491 1431/2802/1491 1480/2869/1491
f 1404/2775/1491 1429/2800/1491 1480/2869/1491
f 1447/2819/1491 1448/2820/1491 1480/2869/1491
f 1436/2808/1491 1435/2807/1491 1480/2869/1491
f 1423/2794/1491 1404/2775/1491 1480/2869/1491
f 1418/2789/1491 1447/2819/1491 1480/2869/1491
f 1438/2810/1569 1418/2789/1518 1480/2869/1570
f 1435/2807/1491 1440/2812/1491 1480/2869/1491
f 1440/2812/1491 1427/2798/1491 1480/2869/1491
f 1424/2795/1491 1423/2794/1491 1480/2869/1491
f 1426/2797/1571 1438/2810/1518 1480/2869/1491
f 1445/2817/1511 1424/2795/1572 1480/2869/1573
f 1427/2798/1491 1426/2797/1491 1480/2869/1491
f 1481/2870/1574 1482/2871/1575 1483/2872/1576
f 1484/2873/1577 1485/2874/1578 1486/2875/1579
f 1487/2876/1580 1488/2877/1581 1486/2875/1579
f 1487/2876/1580 1485/2874/1578 1489/2878/1582
f 1490/2879/1583 1491/2880/1584 1492/2881/1585
f 1493/2882/1586 1489/2878/1582 1494/2883/1587
f 1495/2884/1588 1496/2885/1589 1497/2886/1590
f 1493/2882/1586 1498/2887/1591 1492/2881/1585
f 1493/2882/1586 1499/2888/1592 1487/2876/1580
f 1490/2879/1583 1498/2887/1593 1500/2889/1594
f 1490/2879/1583 1496/2885/1589 1501/2890/1595
f 1497/2886/1590 1500/2889/1594 1502/2891/1596
f 1484/2873/1577 1503/2892/1597 1481/2870/1574
f 1497/2886/1590 1504/2893/1598 1495/2884/1588
f 1483/2872/1576 1505/2894/1599 1506/2895/1600
f 1495/2884/1588 1507/2896/1601 1508/2897/1602
f 1509/2898/1603 1510/2899/1604 1511/2900/1605
f 1512/2901/1606 1507/2896/1601 1513/2902/1607
f 1492/2881/1585 1514/2903/1608 1493/2882/1609
f 1512/2901/1606 1515/2904/1610 1516/2905/1611
f 1484/2873/1577 1488/2877/1581 1517/2906/1612
f 1509/2898/1603 1515/2907/1610 1518/2908/1613
f 1512/2901/1614 1519/2909/1615 1520/2910/1616
f 1509/2898/1603 1521/2911/1617 1522/2912/1618
f 1508/2897/1602 1523/2913/1619 1495/2884/1588
f 1522/2912/1618 1524/2914/1620 1506/2895/1600
f 1509/2898/1603 1519/2915/1615 1516/2916/1611
f 1506/2895/1600 1525/2917/1621 1483/2872/1576
f 1522/2912/1618 1505/2894/1599 1510/2899/1604
f 1481/2870/1574 1525/2917/1621 1526/2918/1622
f 1508/2897/1602 1520/2910/1616 1527/2919/1623
f 1484/2873/1577 1526/2918/1622 1528/2920/1624
f 1498/2921/1591 1529/2922/1625 1530/2923/1626
f 1485/2924/1578 1531/2925/1627 1532/2926/1628
f 1515/2927/1610 1533/2928/1629 1518/2929/1613
f 1525/2930/1621 1534/2931/1630 1526/2932/1622
f 1502/2933/1596 1535/2934/1631 1504/2935/1598
f 1494/2936/1587 1536/2937/1632 1529/2922/1625
f 1513/2938/1607 1537/2939/1633 1515/2927/1610
f 1500/2940/1594 1538/2941/1634 1502/2933/1596
f 1489/2942/1582 1532/2926/1628 1536/2937/1632
f 1521/2943/1635 1539/2944/1636 1524/2945/1620
f 1507/2946/1601 1540/2947/1637 1513/2938/1607
f 1498/2921/1593 1541/2948/1638 1500/2940/1594
f 1518/2949/1613 1542/2950/1639 1521/2943/1635
f 1504/2935/1598 1543/2951/1640 1507/2946/1601
f 1524/2945/1620 1544/2952/1641 1525/2930/1621
f 1528/2953/1624 1534/2931/1630 1531/2925/1627
f 1527/2954/1623 1545/2955/1642 1546/2956/1642
f 1503/2957/1597 1547/2958/1642 1482/2959/1575
f 1527/2954/1623 1548/2960/1642 1523/2961/1619
f 1499/2962/1592 1549/2963/1642 1488/2964/1581
f 1517/2965/1612 1549/2963/1642 1550/2966/1642
f 1501/2967/1595 1551/2968/1642 1491/2969/1584
f 1496/2970/1589 1548/2960/1642 1552/2971/1642
f 1503/2957/1597 1550/2966/1642 1553/2972/1642
f 1482/2959/1575 1554/2973/1642 1505/2974/1599
f 1501/2967/1595 1552/2971/1642 1555/2975/1642
f 1491/2969/1584 1556/2976/1642 1514/2977/1608
f 1510/2978/1604 1554/2973/1642 1557/2979/1642
f 1499/2962/1592 1556/2976/1642 1558/2980/1642
f 1510/2978/1604 1559/2981/1642 1511/2982/1605
f 1511/2982/1605 1560/2983/1642 1519/2984/1615
f 1520/2985/1616 1560/2983/1642 1545/2955/1642
f 1555/2975/1642 1552/2971/1642 1561/2986/1642
f 1554/2973/1642 1547/2958/1642 1561/2986/1642
f 1548/2960/1642 1546/2956/1642 1561/2986/1642
f 1549/2963/1642 1558/2980/1642 1561/2986/1642
f 1559/2981/1642 1557/2979/1642 1561/2986/1642
f 1560/2983/1642 1559/2981/1642 1561/2986/1642
f 1545/2955/1642 1560/2983/1642 1561/2986/1642
f 1551/2968/1642 1555/2975/1642 1561/2986/1642
f 1553/2972/1642 1550/2966/1642 1561/2986/1642
f 1546/2956/1642 1545/2955/1642 1561/2986/1642
f 1558/2980/1642 1556/2976/1642 1561/2986/1642
f 1556/2976/1642 1551/2968/1642 1561/2986/1642
f 1550/2966/1642 1549/2963/1642 1561/2986/1642
f 1547/2958/1642 1553/2972/1642 1561/2986/1642
f 1552/2971/1642 1548/2960/1642 1561/2986/1642
f 1557/2979/1642 1554/2973/1642 1561/2986/1642
f 1529/2922/1625 1562/2987/1643 1530/2923/1626
f 1531/2925/1627 1563/2988/1644 1532/2926/1628
f 1533/2928/1629 1564/2989/1645 1565/2990/1646
f 1534/2931/1630 1566/2991/1647 1567/2992/1648
f 1538/2941/1634 1568/2993/1649 1535/2934/1631
f 1536/2937/1632 1569/2994/1650 1529/2922/1625
f 1537/2939/1633 1570/2995/1651 1564/2989/1645
f 1541/2948/1638 1571/2996/1652 1538/2941/1634
f 1532/2926/1628 1572/2997/1653 1536/2937/1632
f 1539/2944/1636 1573/2998/1654 1574/2999/1655
f 1540/2947/1637 1575/3000/1656 1570/2995/1651
f 1530/2923/1626 1576/3001/1657 1541/2948/1638
f 1542/2950/1639 1565/3002/1646 1573/2998/1654
f 1535/2934/1631 1575/3000/1656 1543/2951/1640
f 1544/2952/1658 1574/2999/1655 1566/2991/1647
f 1534/2931/1630 1577/3003/1659 1531/2925/1627
f 1384/2755/1471 1395/2766/1482 1385/2756/1472
f 1387/2758/1474 1402/2773/1489 1388/2759/1475
f 1385/2756/1472 1449/2821/1529 1390/2761/1477
f 1392/2763/1479 1407/2778/1494 1393/2764/1480
f 1395/2766/1482 1433/2805/1514 1396/2767/1660
f 1398/2769/1485 1409/2780/1496 1399/2770/1486
f 1387/2758/1474 1410/2781/1497 1401/2772/1488
f 1403/2774/1661 1429/2800/1511 1404/2775/1511
f 1406/2777/1493 1415/2786/1662 1407/2778/1494
f 1408/2779/1495 1416/2787/1503 1399/2770/1486
f 1391/2762/1478 1390/2761/1477 1401/2772/1488
f 1411/2782/1498 1420/2791/1506 1412/2783/1534
f 1406/2777/1493 1421/2792/1507 1414/2785/1501
f 1389/2760/1476 1388/2759/1475 1416/2787/1503
f 1417/2788/1504 1447/2819/1511 1418/2789/1663
f 1394/2765/1481 1393/2764/1480 1420/2791/1506
f 1421/2792/1507 1398/2769/1485 1400/2771/1487
f 1422/2793/1508 1441/2813/1520 1423/2794/1491
f 1425/2796/1510 1443/2815/1522 1426/2797/1491
f 1403/2774/1490 1434/2806/1515 1428/2799/1491
f 1430/2801/1512 1436/2808/1491 1431/2802/1491
f 1413/2804/1500 1412/2828/1534 1396/2767/1483
f 1432/2803/1664 1431/2802/1491 1428/2799/1491
f 1430/2801/1512 1439/2811/1519 1435/2807/1491
f 1437/2809/1516 1419/2790/1505 1418/2789/1665
f 1439/2811/1519 1442/2814/1521 1440/2812/1491
f 1405/2776/1666 1404/2775/1511 1423/2794/1511
f 1442/2814/1521 1425/2796/1510 1427/2798/1491
f 1443/2815/1522 1437/2809/1516 1438/2810/1667
f 1444/2816/1524 1422/2793/1508 1424/2795/1668
f 1446/2818/1527 1448/2820/1669 1447/2819/1491
f 1444/2816/1524 1445/2817/1670 1448/2820/1511
f 1449/2821/1529 1397/2768/1484 1450/2822/1530
f 1451/2824/1531 1450/2827/1530 1439/2811/1519
f 1397/2768/1484 1396/2767/1483 1452/2825/1533
f 1452/2826/1533 1442/2814/1521 1439/2811/1519
f 1412/2828/1499 1453/3004/1535 1452/2825/1533
f 1453/2829/1535 1425/2796/1510 1442/2814/1521
f 1412/2783/1534 1420/2791/1506 1454/2830/1536
f 1453/2829/1535 1454/2834/1536 1443/2815/1522
f 1420/2791/1506 1393/2764/1480 1455/2832/1537
f 1455/2833/1671 1437/2809/1672 1443/2815/1673
f 1407/2778/1494 1456/2837/1543 1455/2832/1537
f 1456/2835/1541 1419/2790/1505 1437/2809/1516
f 1407/2778/1494 1415/2786/1502 1457/2836/1542
f 1456/2835/1543 1457/2838/1542 1417/2788/1504
f 1414/2785/1501 1458/2839/1544 1457/2836/1542
f 1457/2838/1542 1458/2841/1544 1446/2818/1527
f 1400/2771/1487 1459/2842/1545 1458/2839/1544
f 1459/2840/1545 1444/2816/1524 1446/2818/1527
f 1399/2770/1486 1460/2843/1546 1459/2842/1545
f 1459/2840/1545 1460/2845/1546 1422/2793/1508
f 1416/2787/1503 1461/2846/1547 1460/2843/1546
f 1461/2844/1547 1441/2813/1520 1422/2793/1508
f 1388/2759/1475 1462/2848/1674 1461/2846/1547
f 1462/2847/1548 1405/2776/1492 1441/2813/1520
f 1402/2773/1675 1463/2849/1676 1462/2848/1548
f 1462/2847/1548 1463/2850/1550 1403/2774/1490
f 1401/2772/1488 1465/2852/1552 1463/2849/1676
f 1463/2850/1549 1465/2854/1552 1434/2806/1515
f 1401/2772/1488 1390/2761/1477 1464/2851/1551
f 1464/2853/1551 1432/2803/1513 1434/2806/1515
f 1390/2761/1477 1449/2821/1529 1451/2823/1531
f 1451/2824/1531 1430/2801/1512 1432/2803/1513
f 1395/2766/1482 1397/2768/1484 1449/2821/1529
f 1466/2855/1553 1473/3005/1560 1413/2804/1500
f 1467/2856/1554 1398/2769/1485 1421/2792/1507
f 1469/2858/1556 1479/2868/1567 1394/2765/1481
f 1470/2859/1557 1389/2760/1476 1408/2779/1495
f 1472/2861/1559 1468/2857/1555 1421/2792/1507
f 1473/2862/1560 1469/2858/1556 1411/2782/1498
f 1474/2863/1561 1391/2762/1478 1410/2781/1497
f 1471/2860/1558 1408/2779/1495 1409/2780/1496
f 1477/2866/1564 1472/2861/1677 1406/2777/1493
f 1475/2864/1562 1410/2781/1497 1387/2758/1474
f 1476/2865/1566 1409/2780/1496 1398/2769/1485
f 1384/2755/1471 1466/2855/1553 1433/2805/1514
f 1479/2868/1567 1477/2866/1564 1392/2763/1479
f 1386/2757/1473 1385/2756/1472 1391/2762/1478
f 1478/2867/1565 1387/2758/1474 1389/2760/1476
f 1481/2870/1574 1503/2892/1597 1482/2871/1575
f 1484/2873/1577 1528/2920/1624 1485/2874/1578
f 1487/2876/1580 1499/2888/1592 1488/2877/1581
f 1487/2876/1580 1486/2875/1579 1485/2874/1578
f 1490/2879/1583 1501/2890/1595 1491/2880/1584
f 1493/2882/1586 1487/2876/1580 1489/2878/1582
f 1495/2884/1588 1523/2913/1619 1496/2885/1589
f 1493/2882/1678 1494/2883/1587 1498/2887/1591
f 1493/2882/1609 1514/2903/1608 1499/2888/1592
f 1490/2879/1583 1492/2881/1585 1498/2887/1593
f 1490/2879/1583 1497/2886/1590 1496/2885/1589
f 1497/2886/1590 1490/2879/1583 1500/2889/1594
f 1484/2873/1577 1517/2906/1612 1503/2892/1597
f 1497/2886/1590 1502/2891/1596 1504/2893/1598
f 1483/2872/1576 1482/2871/1575 1505/2894/1599
f 1495/2884/1588 1504/2893/1598 1507/2896/1601
f 1509/2898/1603 1522/2912/1618 1510/2899/1604
f 1512/2901/1606 1508/2897/1602 1507/2896/1601
f 1492/2881/1585 1491/2880/1584 1514/2903/1608
f 1512/2901/1679 1513/2902/1607 1515/2904/1610
f 1484/2873/1577 1486/2875/1579 1488/2877/1581
f 1509/2898/1603 1516/2916/1611 1515/2907/1610
f 1512/2901/1679 1516/2905/1611 1519/2909/1615
f 1509/2898/1603 1518/2908/1613 1521/2911/1617
f 1508/2897/1602 1527/2919/1623 1523/2913/1619
f 1522/2912/1618 1521/2911/1617 1524/2914/1620
f 1509/2898/1603 1511/2900/1605 1519/2915/1615
f 1506/2895/1600 1524/2914/1620 1525/2917/1621
f 1522/2912/1618 1506/2895/1600 1505/2894/1599
f 1481/2870/1574 1483/2872/1576 1525/2917/1621
f 1508/2897/1602 1512/2901/1614 1520/2910/1616
f 1484/2873/1577 1481/2870/1574 1526/2918/1622
f 1498/2921/1591 1494/2936/1587 1529/2922/1625
f 1485/2924/1578 1528/2953/1624 1531/2925/1627
f 1515/2927/1610 1537/2939/1633 1533/2928/1629
f 1525/2930/1621 1544/2952/1658 1534/2931/1630
f 1502/2933/1596 1538/2941/1634 1535/2934/1631
f 1494/2936/1587 1489/2942/1582 1536/2937/1632
f 1513/2938/1607 1540/2947/1637 1537/2939/1633
f 1500/2940/1594 1541/2948/1638 1538/2941/1634
f 1489/2942/1582 1485/2924/1578 1532/2926/1628
f 1521/2943/1635 1542/2950/1639 1539/2944/1636
f 1507/2946/1601 1543/2951/1640 1540/2947/1637
f 1498/2921/1593 1530/2923/1626 1541/2948/1638
f 1518/2949/1613 1533/3006/1629 1542/2950/1639
f 1504/2935/1598 1535/2934/1631 1543/2951/1640
f 1524/2945/1620 1539/2944/1636 1544/2952/1641
f 1528/2953/1624 1526/2932/1622 1534/2931/1630
f 1527/2954/1623 1520/2985/1616 1545/2955/1642
f 1503/2957/1680 1553/2972/1642 1547/2958/1642
f 1527/2954/1623 1546/2956/1642 1548/2960/1642
f 1499/2962/1681 1558/2980/1642 1549/2963/1642
f 1517/2965/1612 1488/2964/1581 1549/2963/1642
f 1501/2967/1595 1555/2975/1642 1551/2968/1642
f 1496/2970/1589 1523/2961/1619 1548/2960/1642
f 1503/2957/1597 1517/2965/1612 1550/2966/1642
f 1482/2959/1682 1547/2958/1642 1554/2973/1642
f 1501/2967/1595 1496/2970/1683 1552/2971/1642
f 1491/2969/1684 1551/2968/1642 1556/2976/1642
f 1510/2978/1604 1505/2974/1599 1554/2973/1642
f 1499/2962/1592 1514/2977/1608 1556/2976/1642
f 1510/2978/1604 1557/2979/1642 1559/2981/1642
f 1511/2982/1685 1559/2981/1642 1560/2983/1642
f 1520/2985/1616 1519/2984/1686 1560/2983/1642
f 1529/2922/1625 1569/2994/1650 1562/2987/1643
f 1531/2925/1627 1577/3003/1659 1563/2988/1644
f 1533/2928/1629 1537/2939/1633 1564/2989/1645
f 1534/2931/1630 1544/2952/1641 1566/2991/1647
f 1538/2941/1634 1571/2996/1652 1568/2993/1649
f 1536/2937/1632 1572/2997/1653 1569/2994/1650
f 1537/2939/1633 1540/2947/1637 1570/2995/1651
f 1541/2948/1638 1576/3001/1657 1571/2996/1652
f 1532/2926/1628 1563/2988/1644 1572/2997/1653
f 1539/2944/1636 1542/2950/1639 1573/2998/1654
f 1540/2947/1637 1543/2951/1640 1575/3000/1656
f 1530/2923/1626 1562/2987/1643 1576/3001/1657
f 1542/2950/1639 1533/3006/1629 1565/3002/1646
f 1535/2934/1631 1568/2993/1649 1575/3000/1656
f 1544/2952/1658 1539/2944/1636 1574/2999/1655
f 1534/2931/1630 1567/2992/1648 1577/3003/1659
o 322_low_322_low_Circle:020
v -0.038514 0.106166 0.939488
v -0.041769 0.103246 0.939488
v -0.042960 0.098912 0.939488
v -0.042960 -0.049670 0.938100
v -0.042960 -0.040145 0.939488
v -0.042960 -0.059378 0.919803
v -0.041769 0.103246 0.919803
v -0.042960 0.098912 0.919803
v -0.038514 0.106166 0.919803
v -0.034067 0.107475 0.919803
v 0.034067 0.107475 0.939488
v -0.034067 0.107475 0.939488
v 0.042960 0.098912 0.939488
v 0.042960 -0.059378 0.919803
v 0.042960 0.098912 0.919803
v 0.042960 -0.040145 0.939488
v 0.041769 0.103246 0.919803
v 0.038514 0.106166 0.919803
v 0.041769 0.103246 0.939488
v 0.034067 0.107475 0.919803
v 0.038514 0.106166 0.939488
v -0.042960 -0.059378 0.929972
v 0.042960 -0.059378 0.929972
v 0.042960 -0.056174 0.935208
v 0.042960 -0.049670 0.938100
v -0.042960 -0.056174 0.935208
vt 0.806941 0.866774
vt 0.805884 0.868588
vt 0.803961 0.869569
vt 0.005731 0.039993
vt 0.010077 0.038417
vt 0.002939 0.049540
vt 0.075481 0.024935
vt 0.079503 0.033758
vt 0.077389 0.034193
vt 0.077595 0.024499
vt 0.081560 0.033334
vt 0.079651 0.024075
vt 0.083740 0.032884
vt 0.800516 0.832510
vt 0.807126 0.864556
vt 0.795626 0.829158
vt 0.196587 0.009617
vt 0.122137 0.024968
vt 0.185632 0.002224
vt 0.120023 0.025404
vt 0.120228 0.015709
vt 0.117967 0.025828
vt 0.118115 0.016145
vt 0.115786 0.026277
vt 0.116058 0.016569
vt 0.113877 0.017019
vt 0.081832 0.023625
vt 0.727796 0.885279
vt 0.714678 0.845854
vt 0.719461 0.844868
vt 0.722348 0.844272
vt 0.730223 0.842648
vt 0.734031 0.883993
vt 0.725696 0.843582
vt 0.730683 0.884683
vt 0.133490 0.106186
vt 0.212067 0.089976
vt 0.138551 0.109273
vt 0.136393 0.109248
vt 0.134640 0.108092
vt 0.741023 0.001953
vt 0.740721 0.004159
vt 0.737596 0.006791
vt 0.739569 0.005914
vt 0.662436 0.018164
vt 0.738558 0.883059
vt 0.001953 0.044757
vt 0.002952 0.041984
vt 0.797780 0.829298
vt 0.799469 0.830545
vt 0.190246 0.001953
vt 0.193586 0.002683
vt 0.195601 0.004835
vt 0.723013 0.886265
vn 0.0000 0.0000 1.0000
vn -0.9999 0.0130 0.0019
vn -0.9988 0.0210 -0.0439
vn -1.0000 -0.0000 0.0000
vn -1.0000 0.0086 -0.0000
vn -0.8525 0.5227 0.0001
vn -0.9965 0.0830 0.0000
vn -0.8525 0.5227 0.0000
vn -0.4813 0.8765 -0.0000
vn -0.0184 0.9998 0.0001
vn 1.0000 0.0000 0.0000
vn 0.9876 0.1492 0.0485
vn 0.9990 -0.0407 -0.0169
vn 0.8525 0.5227 -0.0000
vn 1.0000 0.0086 -0.0000
vn 0.4813 0.8765 -0.0000
vn 0.0192 0.9998 0.0000
vn 0.0173 0.9999 0.0000
vn -0.0184 0.9998 0.0000
vn -0.0180 0.9998 -0.0000
vn 0.0397 -0.9677 0.2488
vn 0.0000 -1.0000 0.0000
vn -0.0000 -0.9486 0.3166
vn -0.0077 -0.6493 0.7605
vn -0.0001 -0.9486 0.3166
vn -0.0117 -0.0287 0.9995
vn -0.0000 -0.2910 0.9567
vn -0.0119 -0.2712 0.9625
vn 0.0154 -0.6594 0.7517
vn -0.0119 -0.2712 0.9624
vn -0.0000 0.0000 -1.0000
vn 0.0127 0.0462 -0.9989
vn -0.0437 -0.0196 -0.9989
vn 0.0466 -0.0914 0.9947
vn -0.9966 0.0830 -0.0000
vn -0.9991 0.0420 0.0067
vn -0.9999 0.0092 -0.0105
vn -0.4813 0.8766 -0.0000
vn 0.9999 -0.0026 -0.0129
vn 0.9999 -0.0018 -0.0139
vn 0.9991 0.0000 -0.0426
vn 0.8525 0.5227 -0.0001
vn 0.4813 0.8766 0.0000
g 322_low_322_low_Circle:020_rama
usemtl rama
s 1
f 1578/3007/1687 1579/3008/1687 1580/3009/1687
f 1581/3010/1688 1582/3011/1689 1583/3012/1690
f 1580/3013/1691 1584/3014/1692 1585/3015/1693
f 1579/3016/1694 1586/3017/1695 1584/3014/1694
f 1578/3018/1695 1587/3019/1696 1586/3017/1695
f 1588/3020/1687 1589/3021/1687 1590/3022/1687
f 1591/3023/1697 1592/3024/1698 1593/3025/1699
f 1594/3026/1700 1590/3027/1701 1592/3024/1698
f 1595/3028/1702 1596/3029/1700 1594/3026/1700
f 1597/3030/1703 1598/3031/1702 1595/3028/1702
f 1588/3032/1704 1587/3019/1705 1589/3033/1706
f 1599/3034/1707 1591/3035/1708 1600/3036/1709
f 1601/3037/1710 1599/3034/1707 1600/3036/1711
f 1593/3038/1712 1581/3039/1713 1602/3040/1714
f 1603/3041/1715 1602/3040/1716 1581/3039/1713
f 1587/3042/1717 1583/3043/1717 1585/3044/1718
f 1585/3044/1718 1584/3045/1717 1586/3046/1717
f 1587/3042/1717 1585/3044/1718 1586/3046/1717
f 1597/3047/1717 1595/3048/1717 1592/3049/1719
f 1594/3050/1717 1592/3049/1719 1595/3048/1717
f 1597/3047/1717 1592/3049/1719 1591/3051/1717
f 1580/3009/1687 1582/3052/1720 1589/3021/1687
f 1589/3021/1687 1578/3007/1687 1580/3009/1687
f 1582/3011/1689 1580/3013/1691 1585/3015/1721
f 1585/3015/1721 1583/3012/1690 1582/3011/1689
f 1583/3012/1690 1599/3053/1722 1581/3010/1688
f 1599/3053/1722 1603/3054/1723 1581/3010/1688
f 1580/3013/1691 1579/3016/1694 1584/3014/1694
f 1579/3016/1694 1578/3018/1724 1586/3017/1724
f 1578/3018/1695 1589/3033/1706 1587/3019/1705
f 1589/3021/1687 1582/3052/1720 1590/3022/1687
f 1582/3052/1720 1593/3038/1712 1590/3022/1687
f 1590/3022/1687 1596/3055/1687 1598/3056/1687
f 1588/3020/1687 1590/3022/1687 1598/3056/1687
f 1592/3024/1698 1590/3027/1701 1593/3025/1699
f 1593/3025/1699 1602/3057/1725 1591/3023/1697
f 1602/3057/1725 1601/3058/1726 1600/3059/1727
f 1591/3023/1697 1602/3057/1725 1600/3059/1727
f 1594/3026/1700 1596/3029/1728 1590/3027/1701
f 1595/3028/1729 1598/3031/1729 1596/3029/1700
f 1597/3030/1703 1588/3032/1704 1598/3031/1702
f 1588/3032/1704 1597/3030/1703 1587/3019/1705
f 1599/3034/1707 1583/3060/1708 1591/3035/1708
f 1601/3037/1710 1603/3041/1715 1599/3034/1707
f 1593/3038/1712 1582/3052/1720 1581/3039/1713
f 1603/3041/1715 1601/3037/1710 1602/3040/1716
o ext_low_ext_low_Circle:021
v 0.106327 0.024723 0.316847
v 0.100377 0.032476 0.297674
v 0.100377 0.032476 0.316847
v 0.110067 0.015693 0.297674
v 0.110067 0.015693 0.316847
v 0.111343 0.006013 0.316847
v 0.047433 0.032476 0.316847
v 0.045643 0.030144 0.313301
v 0.045404 0.030151 0.316847
v 0.055186 0.038426 0.316847
v 0.047433 0.032476 0.311724
v 0.064216 0.042166 0.316847
v 0.055186 0.038426 0.307318
v 0.083595 0.042166 0.297674
v 0.079730 0.042589 0.316854
v 0.083595 0.042166 0.316847
v 0.073213 0.043441 0.316868
v 0.064216 0.042166 0.301435
v 0.092624 0.038426 0.297674
v 0.092624 0.038426 0.316847
v 0.045398 0.006013 0.316847
v 0.045641 0.006013 0.313301
v 0.100377 0.032476 0.328249
v 0.106327 0.024723 0.344861
v 0.106327 0.024723 0.328249
v 0.055186 0.038426 0.328249
v 0.064216 0.042166 0.344861
v 0.064216 0.042166 0.328249
v 0.110067 0.015694 0.344861
v 0.110067 0.015694 0.328249
v 0.073905 0.043441 0.344861
v 0.073905 0.043441 0.328249
v 0.111343 0.006013 0.344861
v 0.111343 0.006013 0.328249
v 0.079620 0.042633 0.328249
v 0.083595 0.042166 0.344861
v 0.083595 0.042166 0.328249
v 0.092624 0.038426 0.344861
v 0.092624 0.038426 0.328249
v 0.047433 0.032476 0.328249
v 0.042508 0.026058 0.344861
v 0.047433 0.032476 0.344861
v 0.100377 0.032476 0.344861
v 0.055186 0.038426 0.344861
v 0.072045 0.043441 0.297674
v 0.079620 0.006013 0.328249
v 0.055186 0.006013 0.307318
v 0.064216 0.006013 0.301435
v 0.072045 0.006013 0.297674
v 0.047433 0.006013 0.311724
v 0.042508 0.026058 0.328249
v 0.042502 0.006013 0.344861
v 0.111343 0.006013 0.297674
v 0.100377 -0.020451 0.316847
v 0.106327 -0.012697 0.297674
v 0.106327 -0.012697 0.316847
v 0.110067 -0.003668 0.297674
v 0.110067 -0.003668 0.316847
v 0.047433 -0.020451 0.316847
v 0.045643 -0.018119 0.313301
v 0.047433 -0.020451 0.311724
v 0.055186 -0.026400 0.316847
v 0.055186 -0.026400 0.307318
v 0.064216 -0.030140 0.316847
v 0.064216 -0.030140 0.301435
v 0.079730 -0.030563 0.316854
v 0.083595 -0.030140 0.297674
v 0.083595 -0.030140 0.316847
v 0.073213 -0.031416 0.316868
v 0.072045 -0.031416 0.297674
v 0.092624 -0.026400 0.297674
v 0.092624 -0.026400 0.316847
v 0.100377 -0.020451 0.297674
v 0.045404 -0.018126 0.316847
v 0.106327 -0.012697 0.328249
v 0.100377 -0.020451 0.344861
v 0.100377 -0.020451 0.328249
v 0.064216 -0.030140 0.344861
v 0.055186 -0.026400 0.328249
v 0.064216 -0.030140 0.328249
v 0.110067 -0.003668 0.328249
v 0.106327 -0.012697 0.344861
v 0.073905 -0.031416 0.344861
v 0.073905 -0.031416 0.328249
v 0.110067 -0.003668 0.344861
v 0.083595 -0.030140 0.344861
v 0.079620 -0.030608 0.328249
v 0.083595 -0.030140 0.328249
v 0.092624 -0.026400 0.344861
v 0.092624 -0.026400 0.328249
v 0.047433 -0.020451 0.344861
v 0.042508 -0.014033 0.328249
v 0.047433 -0.020451 0.328249
v 0.055186 -0.026400 0.344861
v 0.042508 -0.014033 0.344861
v 0.042502 0.006013 0.328249
v 0.079730 0.006013 0.316854
v 0.106327 0.024723 0.297674
vt 0.401678 0.760518
vt 0.398941 0.770484
vt 0.397082 0.761466
vt 0.408134 0.768589
vt 0.406275 0.759571
vt 0.410868 0.758624
vt 0.369500 0.767148
vt 0.368461 0.769101
vt 0.368048 0.767445
vt 0.374097 0.766202
vt 0.369996 0.769558
vt 0.378694 0.765255
vt 0.375020 0.770684
vt 0.389747 0.772379
vt 0.386059 0.763735
vt 0.387888 0.763361
vt 0.382966 0.764365
vt 0.380187 0.772504
vt 0.394344 0.771431
vt 0.392485 0.762414
vt 0.113465 0.005964
vt 0.101772 0.006632
vt 0.113121 0.004293
vt 0.395976 0.756103
vt 0.398962 0.747342
vt 0.400573 0.755156
vt 0.372992 0.760841
vt 0.375979 0.752080
vt 0.377589 0.759893
vt 0.403559 0.746395
vt 0.405169 0.754208
vt 0.380575 0.751132
vt 0.382186 0.758946
vt 0.408152 0.745448
vt 0.409762 0.753261
vt 0.384901 0.758386
vt 0.385172 0.750185
vt 0.386783 0.757998
vt 0.389769 0.749237
vt 0.391380 0.757051
vt 0.368396 0.761788
vt 0.362980 0.754759
vt 0.366785 0.753975
vt 0.394365 0.748290
vt 0.371382 0.753027
vt 0.384282 0.773506
vt 0.446940 0.009048
vt 0.465247 0.010860
vt 0.448024 0.014412
vt 0.017913 0.397725
vt 0.029495 0.390966
vt 0.033158 0.394584
vt 0.018957 0.402795
vt 0.035962 0.399290
vt 0.019799 0.406880
vt 0.037403 0.403252
vt 0.017048 0.393531
vt 0.028167 0.390070
vt 0.022420 0.009766
vt 0.011381 0.003897
vt 0.020809 0.001953
vt 0.028038 0.423825
vt 0.023609 0.425363
vt 0.424654 0.755782
vt 0.421916 0.765747
vt 0.420057 0.756730
vt 0.417320 0.766695
vt 0.415460 0.757677
vt 0.412727 0.767642
vt 0.452234 0.750093
vt 0.453961 0.751476
vt 0.452731 0.752503
vt 0.447638 0.751042
vt 0.448563 0.755524
vt 0.443041 0.751990
vt 0.444537 0.759239
vt 0.435675 0.753507
vt 0.435706 0.762905
vt 0.433847 0.753887
vt 0.438765 0.752863
vt 0.441172 0.761778
vt 0.431109 0.763852
vt 0.429251 0.754834
vt 0.426513 0.764800
vt 0.124470 0.001953
vt 0.124818 0.003624
vt 0.418952 0.751367
vt 0.421938 0.742606
vt 0.423549 0.750419
vt 0.440324 0.738815
vt 0.446532 0.745681
vt 0.441935 0.746629
vt 0.414355 0.752314
vt 0.417341 0.743554
vt 0.435728 0.739763
vt 0.437339 0.747576
vt 0.412744 0.744501
vt 0.431131 0.740711
vt 0.434624 0.748136
vt 0.432742 0.748524
vt 0.426534 0.741658
vt 0.428145 0.749472
vt 0.449518 0.736920
vt 0.454934 0.743949
vt 0.451129 0.744733
vt 0.444921 0.737867
vt 0.481344 0.001953
vt 0.482471 0.007308
vt 0.004601 0.396096
vt 0.002668 0.400867
vt 0.001953 0.406299
vt 0.002195 0.410508
vt 0.005467 0.394748
vt 0.001953 0.005840
vt 0.012992 0.011710
vt 0.003564 0.013653
vt 0.014322 0.424818
vt 0.010098 0.422771
vt 0.923123 0.635990
vt 0.915097 0.654475
vt 0.913806 0.653746
vt 0.941358 0.635427
vt 0.941630 0.639782
vt 0.940747 0.644392
vt 0.938700 0.648615
vt 0.937803 0.649795
vt 0.926451 0.652138
vt 0.910257 0.650676
vt 0.907623 0.646791
vt 0.906150 0.642684
vt 0.905920 0.639536
vt 0.940325 0.632444
vt 0.727238 0.524818
vt 0.745396 0.523877
vt 0.745736 0.528558
vt 0.711727 0.535569
vt 0.710188 0.531135
vt 0.710014 0.528369
vt 0.744462 0.521267
vt 0.717912 0.542523
vt 0.714361 0.539453
vt 0.730837 0.542276
vt 0.721408 0.544217
vt 0.742806 0.537391
vt 0.740264 0.540330
vt 0.744852 0.533168
vt 0.403537 0.769536
vt 0.102113 0.008304
vt 0.364590 0.762573
vt 0.464142 0.005500
vt 0.016817 0.392408
vt 0.037923 0.408808
vt 0.037039 0.413417
vt 0.034992 0.417641
vt 0.031922 0.421191
vt 0.453685 0.749792
vt 0.453323 0.736135
vt 0.006549 0.419701
vt 0.003915 0.415816
vt 0.018931 0.425701
vn 0.8660 0.5000 0.0000
vn 0.7071 0.7071 0.0000
vn 0.9659 0.2589 0.0000
vn 1.0000 -0.0000 -0.0000
vn -0.6976 0.7164 -0.0110
vn -0.7767 0.6294 -0.0220
vn -0.7768 0.6294 -0.0220
vn -0.5000 0.8660 0.0000
vn -0.6720 0.7405 -0.0078
vn -0.2676 0.9635 0.0025
vn -0.4659 0.8848 -0.0000
vn 0.2487 0.9686 0.0001
vn 0.1157 0.9933 -0.0024
vn 0.2493 0.9684 -0.0003
vn -0.0042 1.0000 -0.0017
vn -0.2294 0.9733 0.0033
vn 0.5000 0.8660 0.0000
vn -0.9977 -0.0000 -0.0677
vn -0.9977 0.0002 -0.0679
vn -0.2588 0.9659 -0.0000
vn -0.0006 1.0000 -0.0009
vn 0.0048 1.0000 0.0000
vn 0.1255 0.9921 -0.0014
vn 0.2571 0.9664 -0.0013
vn 0.2535 0.9673 -0.0009
vn -0.7071 0.7071 -0.0000
vn -0.7933 0.6088 0.0000
vn 0.1156 0.9933 -0.0024
vn -0.0018 1.0000 0.0013
vn -1.0000 0.0000 -0.0097
vn -0.5202 0.0000 -0.8540
vn -0.5413 0.0000 -0.8408
vn -0.5285 -0.0000 -0.8489
vn -0.4905 -0.0000 -0.8715
vn -0.4812 -0.0000 -0.8766
vn -0.2220 0.0000 -0.9750
vn -0.2193 0.0000 -0.9757
vn -0.5803 0.0000 -0.8144
vn -0.6611 0.0000 -0.7503
vn -1.0000 0.0003 0.0000
vn -1.0000 -0.0000 0.0000
vn 0.0000 0.0000 -1.0000
vn 0.7071 -0.7071 0.0000
vn 0.8660 -0.5000 0.0000
vn 0.9659 -0.2589 0.0000
vn -0.6976 -0.7164 -0.0110
vn -0.7767 -0.6294 -0.0220
vn -0.6720 -0.7405 -0.0078
vn -0.5000 -0.8660 -0.0000
vn -0.4659 -0.8848 -0.0000
vn -0.2676 -0.9635 0.0025
vn -0.2294 -0.9733 0.0033
vn 0.1158 -0.9933 -0.0024
vn 0.2486 -0.9686 0.0001
vn 0.2493 -0.9684 -0.0003
vn -0.0042 -1.0000 -0.0017
vn -0.0018 -1.0000 0.0013
vn 0.5000 -0.8660 0.0000
vn -0.9977 0.0001 -0.0679
vn -0.9977 -0.0002 -0.0677
vn -0.9977 -0.0002 -0.0679
vn -0.2588 -0.9659 -0.0000
vn -0.0006 -1.0000 -0.0009
vn 0.0048 -1.0000 0.0000
vn 0.2569 -0.9664 -0.0012
vn 0.1257 -0.9921 -0.0014
vn 0.2535 -0.9673 -0.0009
vn -0.7071 -0.7071 0.0000
vn -0.7933 -0.6088 -0.0000
vn -0.4905 0.0000 -0.8714
vn -0.6610 0.0000 -0.7503
vn -1.0000 -0.0003 -0.0000
vn -0.0001 -0.0001 1.0000
vn -0.0003 -0.0004 1.0000
vn -0.0010 -0.0003 1.0000
vn -0.0002 0.0000 1.0000
vn -0.0009 -0.0003 1.0000
vn -0.0001 0.0002 1.0000
vn -0.0001 0.0001 1.0000
vn -0.0001 -0.0002 1.0000
vn -0.0009 0.0003 1.0000
vn -0.0010 0.0003 1.0000
vn -0.0003 0.0004 1.0000
vn 0.0021 0.0000 1.0000
vn -0.9977 -0.0001 -0.0679
vn -0.9977 0.0002 -0.0680
vn -0.6606 0.0001 -0.7507
vn -0.7768 -0.6294 -0.0220
vn -0.9977 0.0000 -0.0676
vn -0.9977 -0.0002 -0.0676
vn -0.2588 -0.9659 -0.0001
vn 0.8660 -0.5000 -0.0001
vn -0.6609 -0.0000 -0.7505
vn -0.6606 -0.0001 -0.7507
g ext_low_ext_low_Circle:021_rama
usemtl rama
s 1
f 1604/3061/1730 1605/3062/1731 1606/3063/1731
f 1607/3064/1732 1604/3061/1730 1608/3065/1732
f 1609/3066/1733 1607/3064/1732 1608/3065/1732
f 1610/3067/1734 1611/3068/1735 1612/3069/1736
f 1613/3070/1737 1614/3071/1738 1610/3067/1734
f 1615/3072/1739 1616/3073/1740 1613/3070/1737
f 1617/3074/1741 1618/3075/1742 1619/3076/1743
f 1620/3077/1744 1621/3078/1745 1615/3072/1739
f 1622/3079/1746 1619/3076/1743 1623/3080/1746
f 1606/3063/1731 1622/3079/1746 1623/3080/1746
f 1624/3081/1747 1611/3082/1748 1625/3083/1747
f 1626/3084/1731 1627/3085/1730 1628/3086/1730
f 1629/3087/1737 1630/3088/1749 1631/3089/1749
f 1628/3086/1730 1632/3090/1732 1633/3091/1732
f 1631/3089/1749 1634/3092/1750 1635/3093/1751
f 1633/3091/1732 1636/3094/1733 1637/3095/1733
f 1638/3096/1752 1639/3097/1753 1640/3098/1754
f 1640/3098/1754 1641/3099/1746 1642/3100/1746
f 1643/3101/1755 1644/3102/1756 1645/3103/1755
f 1642/3100/1746 1646/3104/1731 1626/3084/1731
f 1643/3101/1755 1647/3105/1737 1629/3087/1737
f 1626/3084/1731 1623/3080/1746 1642/3100/1746
f 1642/3100/1746 1619/3076/1743 1640/3098/1754
f 1637/3095/1733 1608/3065/1732 1633/3091/1732
f 1608/3065/1732 1628/3086/1730 1633/3091/1732
f 1628/3086/1730 1606/3063/1731 1626/3084/1731
f 1640/3098/1754 1618/3075/1757 1638/3096/1752
f 1634/3092/1750 1638/3096/1752 1635/3093/1751
f 1618/3075/1742 1648/3106/1758 1620/3077/1744
f 1618/3107/1759 1649/3108/1759 1638/3109/1759
f 1650/3110/1760 1614/3111/1761 1616/3112/1762
f 1651/3113/1763 1616/3112/1762 1621/3114/1764
f 1652/3115/1765 1621/3114/1764 1648/3116/1766
f 1653/3117/1767 1611/3118/1768 1614/3111/1761
f 1654/3119/1769 1655/3120/1770 1644/3121/1769
f 1607/3122/1771 1656/3123/1771 1652/3115/1765
f 1657/3124/1772 1658/3125/1773 1659/3126/1773
f 1659/3126/1773 1660/3127/1774 1661/3128/1774
f 1661/3128/1774 1656/3129/1733 1609/3066/1733
f 1662/3130/1775 1663/3131/1776 1664/3132/1777
f 1665/3133/1778 1664/3132/1777 1666/3134/1779
f 1667/3135/1780 1666/3134/1779 1668/3136/1781
f 1669/3137/1782 1670/3138/1783 1671/3139/1784
f 1672/3140/1785 1668/3136/1781 1673/3141/1786
f 1671/3139/1784 1674/3142/1787 1675/3143/1787
f 1675/3143/1787 1676/3144/1772 1657/3124/1772
f 1624/3081/1788 1663/3145/1789 1677/3146/1790
f 1678/3147/1773 1679/3148/1772 1680/3149/1772
f 1681/3150/1791 1682/3151/1778 1683/3152/1791
f 1684/3153/1774 1685/3154/1773 1678/3147/1773
f 1686/3155/1792 1683/3152/1791 1687/3156/1793
f 1637/3095/1733 1688/3157/1774 1684/3153/1774
f 1689/3158/1794 1690/3159/1795 1691/3160/1796
f 1692/3161/1787 1691/3160/1796 1693/3162/1787
f 1694/3163/1797 1695/3164/1798 1696/3165/1797
f 1679/3148/1772 1693/3162/1787 1680/3149/1772
f 1697/3166/1778 1696/3165/1797 1682/3151/1778
f 1693/3162/1787 1657/3124/1772 1680/3149/1772
f 1691/3160/1796 1675/3143/1787 1693/3162/1787
f 1684/3153/1774 1609/3066/1733 1637/3095/1733
f 1678/3147/1773 1661/3128/1774 1684/3153/1774
f 1678/3147/1773 1657/3124/1772 1659/3126/1773
f 1669/3137/1782 1691/3160/1796 1690/3159/1795
f 1686/3155/1792 1687/3156/1793 1690/3159/1795
f 1669/3137/1782 1672/3140/1785 1673/3141/1786
f 1649/3108/1759 1669/3167/1759 1690/3168/1759
f 1664/3169/1761 1650/3110/1760 1666/3170/1762
f 1666/3170/1762 1651/3113/1799 1668/3171/1764
f 1668/3171/1764 1652/3115/1765 1673/3172/1766
f 1663/3173/1800 1653/3117/1767 1664/3169/1761
f 1698/3174/1801 1699/3175/1801 1695/3176/1801
f 1658/3177/1771 1676/3178/1771 1652/3115/1765
f 1700/3179/1802 1677/3180/1802 1662/3181/1802
f 1620/3182/1803 1615/3183/1804 1700/3179/1805
f 1615/3183/1806 1613/3184/1807 1700/3179/1807
f 1610/3185/1808 1612/3186/1808 1700/3179/1808
f 1612/3186/1805 1624/3187/1805 1700/3179/1805
f 1624/3187/1805 1677/3180/1805 1700/3179/1805
f 1610/3185/1808 1700/3179/1808 1613/3184/1808
f 1665/3188/1809 1667/3189/1810 1700/3179/1809
f 1667/3189/1811 1672/3190/1812 1700/3179/1805
f 1672/3190/1812 1669/3191/1813 1700/3179/1805
f 1700/3179/1805 1618/3192/1813 1620/3182/1803
f 1649/3193/1771 1687/3194/1771 1683/3195/1771
f 1631/3196/1771 1635/3197/1771 1649/3193/1771
f 1635/3197/1771 1638/3198/1771 1649/3193/1771
f 1649/3193/1771 1690/3199/1771 1687/3194/1771
f 1643/3200/1771 1629/3201/1771 1649/3193/1771
f 1629/3201/1771 1631/3196/1771 1649/3193/1771
f 1699/3202/1771 1654/3203/1771 1649/3193/1771
f 1654/3203/1771 1643/3200/1771 1649/3193/1771
f 1696/3204/1771 1695/3205/1771 1649/3193/1771
f 1695/3205/1771 1699/3202/1771 1649/3193/1771
f 1683/3195/1771 1682/3206/1771 1649/3193/1771
f 1682/3206/1771 1696/3204/1771 1649/3193/1771
f 1700/3179/1802 1662/3181/1802 1665/3188/1802
f 1604/3061/1730 1701/3207/1730 1605/3062/1731
f 1607/3064/1732 1701/3207/1730 1604/3061/1730
f 1609/3066/1733 1656/3129/1733 1607/3064/1732
f 1610/3067/1734 1614/3071/1738 1611/3068/1735
f 1613/3070/1737 1616/3073/1740 1614/3071/1738
f 1615/3072/1739 1621/3078/1745 1616/3073/1740
f 1617/3074/1741 1648/3106/1758 1618/3075/1742
f 1620/3077/1744 1648/3106/1758 1621/3078/1745
f 1622/3079/1746 1617/3074/1741 1619/3076/1743
f 1606/3063/1731 1605/3062/1731 1622/3079/1746
f 1624/3081/1814 1612/3208/1748 1611/3082/1815
f 1626/3084/1731 1646/3104/1731 1627/3085/1730
f 1629/3087/1737 1647/3105/1737 1630/3088/1749
f 1628/3086/1730 1627/3085/1730 1632/3090/1732
f 1631/3089/1749 1630/3088/1749 1634/3092/1750
f 1633/3091/1732 1632/3090/1732 1636/3094/1733
f 1638/3096/1752 1634/3092/1750 1639/3097/1753
f 1640/3098/1754 1639/3097/1753 1641/3099/1746
f 1643/3101/1755 1654/3209/1756 1644/3102/1756
f 1642/3100/1746 1641/3099/1746 1646/3104/1731
f 1643/3101/1755 1645/3103/1755 1647/3105/1737
f 1626/3084/1731 1606/3063/1731 1623/3080/1746
f 1642/3100/1746 1623/3080/1746 1619/3076/1743
f 1637/3095/1733 1609/3066/1733 1608/3065/1732
f 1608/3065/1732 1604/3061/1730 1628/3086/1730
f 1628/3086/1730 1604/3061/1730 1606/3063/1731
f 1640/3098/1754 1619/3076/1743 1618/3075/1742
f 1618/3107/1759 1700/3210/1759 1649/3108/1759
f 1650/3110/1760 1653/3117/1767 1614/3111/1761
f 1651/3113/1763 1650/3110/1760 1616/3112/1762
f 1652/3115/1765 1651/3113/1799 1621/3114/1764
f 1653/3117/1767 1625/3211/1816 1611/3118/1816
f 1654/3119/1769 1699/3175/1769 1655/3120/1769
f 1648/3116/1766 1617/3212/1771 1652/3115/1765
f 1617/3212/1771 1622/3213/1771 1652/3115/1765
f 1622/3213/1771 1605/3214/1771 1652/3115/1765
f 1605/3214/1771 1701/3215/1771 1652/3115/1765
f 1701/3215/1771 1607/3122/1771 1652/3115/1765
f 1657/3124/1772 1676/3144/1772 1658/3125/1773
f 1659/3126/1773 1658/3125/1773 1660/3127/1774
f 1661/3128/1774 1660/3127/1774 1656/3129/1733
f 1662/3130/1775 1677/3216/1817 1663/3131/1776
f 1665/3133/1778 1662/3130/1775 1664/3132/1777
f 1667/3135/1780 1665/3133/1778 1666/3134/1779
f 1669/3137/1782 1673/3141/1786 1670/3138/1783
f 1672/3140/1785 1667/3135/1780 1668/3136/1781
f 1671/3139/1784 1670/3138/1783 1674/3142/1787
f 1675/3143/1787 1674/3142/1787 1676/3144/1772
f 1624/3081/1818 1625/3083/1818 1663/3145/1819
f 1678/3147/1773 1685/3154/1773 1679/3148/1772
f 1681/3150/1820 1697/3166/1778 1682/3151/1778
f 1684/3153/1774 1688/3157/1774 1685/3154/1773
f 1686/3155/1792 1681/3150/1791 1683/3152/1791
f 1637/3095/1733 1636/3094/1733 1688/3157/1774
f 1689/3158/1794 1686/3155/1792 1690/3159/1795
f 1692/3161/1787 1689/3158/1794 1691/3160/1796
f 1694/3163/1797 1698/3217/1798 1695/3164/1798
f 1679/3148/1772 1692/3161/1787 1693/3162/1787
f 1697/3166/1778 1694/3163/1797 1696/3165/1797
f 1693/3162/1787 1675/3143/1787 1657/3124/1772
f 1691/3160/1796 1671/3139/1784 1675/3143/1787
f 1684/3153/1774 1661/3128/1774 1609/3066/1733
f 1678/3147/1773 1659/3126/1773 1661/3128/1774
f 1678/3147/1821 1680/3149/1772 1657/3124/1772
f 1669/3137/1782 1671/3139/1784 1691/3160/1796
f 1649/3108/1759 1700/3210/1759 1669/3167/1759
f 1664/3169/1761 1653/3117/1767 1650/3110/1760
f 1666/3170/1762 1650/3110/1760 1651/3113/1763
f 1668/3171/1764 1651/3113/1799 1652/3115/1765
f 1663/3173/1822 1625/3211/1823 1653/3117/1767
f 1698/3174/1801 1655/3120/1801 1699/3175/1801
f 1674/3218/1771 1670/3219/1771 1652/3115/1765
f 1670/3219/1771 1673/3172/1766 1652/3115/1765
f 1652/3115/1765 1656/3123/1771 1660/3220/1771
f 1674/3218/1771 1652/3115/1765 1676/3178/1771
f 1660/3220/1771 1658/3177/1771 1652/3115/1765
o stvol_low_stvol_low_Circle:004
v 0.079791 -0.039325 -0.221570
v 0.067857 -0.053867 0.297729
v 0.067857 -0.053867 -0.221570
v 0.053315 -0.065801 0.297729
v 0.053315 -0.065801 -0.221570
v 0.036724 -0.074669 0.297729
v 0.036724 -0.074669 -0.221570
v 0.000000 0.109955 -0.221570
v 0.018722 0.108111 0.297729
v 0.018722 0.108111 -0.221570
v 0.018721 -0.080130 0.297729
v 0.018721 -0.080130 -0.221570
v 0.036724 0.102650 0.297729
v 0.036724 0.102650 -0.221570
v 0.000000 -0.081974 0.297729
v 0.000000 -0.081974 -0.221570
v 0.053315 0.093782 0.297729
v 0.053315 0.093782 -0.221570
v 0.067857 0.081848 0.297729
v 0.067857 0.081848 -0.221570
v 0.079791 0.067305 0.297729
v 0.079791 0.067305 -0.221570
v 0.088660 0.050714 0.297729
v 0.088660 0.050714 -0.221570
v 0.094120 0.032712 0.297729
v 0.094120 0.032712 -0.221570
v 0.095964 0.013990 0.297729
v 0.095964 0.013990 -0.221570
v 0.094120 -0.004731 0.297729
v 0.094120 -0.004731 -0.221570
v 0.088659 -0.022734 0.297729
v 0.088659 -0.022734 -0.221570
v 0.079791 -0.039325 0.297729
v 0.072792 -0.000489 -0.221570
v 0.061710 -0.027243 -0.221570
v 0.068569 -0.014412 -0.221570
v 0.041233 -0.047720 -0.221570
v 0.052480 -0.038490 -0.221570
v 0.000000 0.088209 -0.221570
v 0.028402 -0.054579 -0.221570
v 0.014479 0.086783 -0.221570
v 0.000000 -0.060228 -0.221570
v 0.014479 -0.058802 -0.221570
v 0.041233 0.075701 -0.221570
v 0.028402 0.082559 -0.221570
v 0.052480 0.066471 -0.221570
v 0.061710 0.055224 -0.221570
v 0.072792 0.028470 -0.221570
v 0.068569 0.042393 -0.221570
v 0.074218 0.013990 -0.221570
v 0.052480 -0.038490 -1.036745
v 0.041233 -0.047720 -1.036745
v 0.000000 0.088209 -1.036745
v 0.028402 -0.054579 -1.036745
v 0.014479 0.086783 -1.036745
v 0.014479 -0.058802 -1.036745
v 0.028402 0.082559 -1.036745
v 0.041233 0.075701 -1.036745
v 0.052480 0.066471 -1.036745
v 0.061710 0.055224 -1.036745
v 0.068569 0.042393 -1.036745
v 0.072792 0.028470 -1.036745
v 0.074218 0.013990 -1.036745
v 0.072792 -0.000489 -1.036745
v 0.068569 -0.014412 -1.036745
v 0.061710 -0.027243 -1.036745
v 0.043950 0.057941 -1.035743
v 0.034532 0.065671 -1.035743
v 0.051680 0.048522 -1.035743
v 0.060961 0.026116 -1.035743
v 0.057424 0.037776 -1.035743
v 0.060961 0.001864 -1.035743
v 0.062155 0.013990 -1.035743
v 0.057424 -0.009796 -1.035743
v 0.051680 -0.020541 -1.035743
v 0.043950 -0.029960 -1.035743
v 0.034531 -0.037690 -1.035743
v 0.023786 -0.043434 -1.035743
v 0.000000 0.076146 -1.035743
v 0.012126 0.074952 -1.035743
v 0.000000 -0.048165 -1.035743
v 0.012126 -0.046971 -1.035743
v 0.023786 0.071415 -1.035743
v 0.057424 0.037776 0.270394
v 0.060961 0.026116 0.270394
v 0.062155 0.013990 0.270394
v 0.060961 0.001864 0.270394
v 0.057424 -0.009796 0.270394
v 0.051680 -0.020541 0.270394
v 0.043950 -0.029960 0.270394
v 0.034531 -0.037690 0.270394
v 0.000000 0.076146 0.270394
v 0.023786 -0.043434 0.270394
v 0.012126 0.074952 0.270394
v 0.012126 -0.046971 0.270394
v 0.023786 0.071415 0.270394
v 0.034532 0.065671 0.270394
v 0.043950 0.057941 0.270394
v 0.051680 0.048522 0.270394
v 0.069687 -0.014875 0.297742
v 0.073979 -0.000725 0.297742
v 0.062716 -0.027915 0.297742
v 0.053336 -0.039346 0.297742
v 0.041906 -0.048726 0.297742
v 0.014715 -0.059989 0.297742
v 0.028865 -0.055697 0.297742
v 0.000000 -0.048165 0.270394
v 0.053336 0.067326 0.297742
v 0.062716 0.055896 0.297742
v 0.069687 0.042856 0.297742
v 0.075428 0.013990 0.297742
v 0.073979 0.028706 0.297742
v 0.041906 0.087386 0.317660
v 0.028865 0.094356 0.317660
v 0.014715 0.098649 0.317660
v 0.000000 0.099436 0.317660
v 0.000000 -0.061438 0.297742
v 0.053336 0.080772 0.317660
v 0.053315 0.093782 0.317701
v 0.000000 0.109955 0.297729
v 0.018722 0.108111 0.317544
v 0.036724 0.102650 0.317544
v 0.000000 0.109955 0.317544
v -0.067857 -0.053867 0.297729
v -0.079791 -0.039325 -0.221570
v -0.067857 -0.053867 -0.221570
v -0.053315 -0.065801 0.297729
v -0.053315 -0.065801 -0.221570
v -0.036724 -0.074669 0.297729
v -0.036724 -0.074669 -0.221570
v -0.018722 0.108111 0.297729
v -0.018722 0.108111 -0.221570
v -0.018721 -0.080130 0.297729
v -0.018721 -0.080130 -0.221570
v -0.036724 0.102650 0.297729
v -0.036724 0.102650 -0.221570
v -0.053315 0.093782 0.297729
v -0.053315 0.093782 -0.221570
v -0.067857 0.081848 0.297729
v -0.067857 0.081848 -0.221570
v -0.079791 0.067305 0.297729
v -0.079791 0.067305 -0.221570
v -0.088660 0.050714 0.297729
v -0.088660 0.050714 -0.221570
v -0.094120 0.032712 0.297729
v -0.094120 0.032712 -0.221570
v -0.095964 0.013990 0.297729
v -0.095964 0.013990 -0.221570
v -0.094120 -0.004731 0.297729
v -0.094120 -0.004731 -0.221570
v -0.088659 -0.022734 0.297729
v -0.088659 -0.022734 -0.221570
v -0.079791 -0.039325 0.297729
v -0.072792 -0.000489 -0.221570
v -0.061710 -0.027243 -0.221570
v -0.041233 -0.047720 -0.221570
v -0.028402 -0.054579 -0.221570
v -0.014479 0.086783 -0.221570
v -0.041233 0.075701 -0.221570
v -0.052480 0.066471 -0.221570
v -0.061710 0.055224 -0.221570
v -0.072792 0.028470 -0.221570
v -0.052480 -0.038490 -1.036745
v -0.052480 -0.038490 -0.221570
v -0.041233 -0.047720 -1.036745
v -0.028402 -0.054579 -1.036745
v -0.014479 -0.058802 -0.221570
v -0.014479 0.086783 -1.036745
v -0.028402 0.082559 -0.221570
v -0.014479 -0.058802 -1.036745
v -0.028402 0.082559 -1.036745
v -0.041233 0.075701 -1.036745
v -0.052480 0.066471 -1.036745
v -0.061710 0.055224 -1.036745
v -0.068569 0.042393 -0.221570
v -0.068569 0.042393 -1.036745
v -0.072792 0.028470 -1.036745
v -0.074218 0.013990 -0.221570
v -0.074218 0.013990 -1.036745
v -0.072792 -0.000489 -1.036745
v -0.068569 -0.014412 -0.221570
v -0.068569 -0.014412 -1.036745
v -0.061710 -0.027243 -1.036745
v -0.043950 0.057941 -1.035743
v -0.051680 0.048522 -1.035743
v -0.060961 0.026116 -1.035743
v -0.060961 0.001864 -1.035743
v -0.057424 -0.009796 -1.035743
v -0.051680 -0.020541 -1.035743
v -0.043950 -0.029960 -1.035743
v -0.034531 -0.037690 -1.035743
v -0.023786 -0.043434 -1.035743
v -0.012126 0.074952 -1.035743
v 0.000000 -0.060228 -1.036745
v -0.034532 0.065671 -1.035743
v -0.057424 0.037776 0.270394
v -0.057424 0.037776 -1.035743
v -0.060961 0.026116 0.270394
v -0.062155 0.013990 -1.035743
v -0.062155 0.013990 0.270394
v -0.060961 0.001864 0.270394
v -0.057424 -0.009796 0.270394
v -0.051680 -0.020541 0.270394
v -0.043950 -0.029960 0.270394
v -0.034531 -0.037690 0.270394
v -0.023786 -0.043434 0.270394
v -0.012126 -0.046971 -1.035743
v -0.012126 0.074952 0.270394
v -0.023786 0.071415 -1.035743
v -0.012126 -0.046971 0.270394
v -0.023786 0.071415 0.270394
v -0.034532 0.065671 0.270394
v -0.043950 0.057941 0.270394
v -0.051680 0.048522 0.270394
v -0.069687 -0.014875 0.297742
v -0.062716 -0.027915 0.297742
v -0.053336 -0.039346 0.297742
v -0.041906 -0.048726 0.297742
v -0.014715 -0.059989 0.297742
v -0.053336 0.067326 0.297742
v -0.062716 0.055896 0.297742
v -0.069687 0.042856 0.297742
v -0.075428 0.013990 0.297742
v -0.041906 0.087386 0.317660
v -0.028865 0.094356 0.317660
v -0.014715 0.098649 0.317660
v -0.028865 -0.055697 0.297742
v -0.073979 -0.000725 0.297742
v -0.073979 0.028706 0.297742
v -0.053336 0.080772 0.317660
v -0.018722 0.108111 0.317544
v -0.036724 0.102650 0.317544
v -0.053315 0.093782 0.317701
vt 0.710282 0.633535
vt 0.758163 0.871583
vt 0.701730 0.635579
vt 0.749613 0.873628
vt 0.693181 0.637623
vt 0.741062 0.875672
vt 0.684631 0.639668
vt 0.804327 0.611048
vt 0.852208 0.849096
vt 0.795776 0.613092
vt 0.732512 0.877717
vt 0.676081 0.641712
vt 0.843658 0.851140
vt 0.787227 0.615136
vt 0.723963 0.879761
vt 0.667532 0.643757
vt 0.835108 0.853185
vt 0.778677 0.617181
vt 0.826559 0.855229
vt 0.770128 0.619225
vt 0.818009 0.857273
vt 0.761578 0.621269
vt 0.809459 0.859318
vt 0.753028 0.623314
vt 0.800910 0.861362
vt 0.744479 0.625358
vt 0.792360 0.863406
vt 0.735929 0.627402
vt 0.783811 0.865451
vt 0.727380 0.629446
vt 0.775262 0.867495
vt 0.718831 0.631491
vt 0.766713 0.869539
vt 0.842480 0.002291
vt 0.837251 0.013939
vt 0.833930 0.004336
vt 0.850658 0.012097
vt 0.843864 0.012357
vt 0.859946 0.003337
vt 0.851264 0.001953
vt 0.863747 0.015525
vt 0.857371 0.013166
vt 0.875681 0.010986
vt 0.868190 0.006386
vt 0.806203 0.061369
vt 0.818647 0.064225
vt 0.809876 0.069355
vt 0.882130 0.016960
vt 0.869541 0.019083
vt 0.804159 0.052819
vt 0.815807 0.058048
vt 0.878520 0.029206
vt 0.874529 0.023702
vt 0.813966 0.044642
vt 0.814226 0.051436
vt 0.803822 0.044035
vt 0.815035 0.037928
vt 0.808255 0.027109
vt 0.805205 0.035354
vt 0.812855 0.019618
vt 0.817394 0.031551
vt 0.825571 0.020770
vt 0.820951 0.025758
vt 0.825945 0.008007
vt 0.818829 0.013169
vt 0.831074 0.016779
vt 0.581727 0.456775
vt 0.953780 0.374805
vt 0.583308 0.463387
vt 0.580146 0.450163
vt 0.952199 0.368194
vt 0.600699 0.536122
vt 0.972752 0.454157
vt 0.602280 0.542733
vt 0.578565 0.443551
vt 0.950618 0.361581
vt 0.599118 0.529510
vt 0.971171 0.447544
vt 0.576984 0.436938
vt 0.949036 0.354968
vt 0.597537 0.522896
vt 0.969590 0.440931
vt 0.595956 0.516284
vt 0.968009 0.434320
vt 0.594375 0.509673
vt 0.966429 0.427706
vt 0.592794 0.503060
vt 0.964848 0.421094
vt 0.591213 0.496448
vt 0.963267 0.414482
vt 0.589632 0.489836
vt 0.961686 0.407869
vt 0.588051 0.483223
vt 0.960104 0.401256
vt 0.586470 0.476611
vt 0.958523 0.394644
vt 0.584889 0.469999
vt 0.956942 0.388031
vt 0.955361 0.381418
vt 0.594415 0.021414
vt 0.602480 0.019037
vt 0.599501 0.023887
vt 0.602594 0.010630
vt 0.597974 0.015620
vt 0.608099 0.006636
vt 0.606348 0.014860
vt 0.616127 0.009141
vt 0.610956 0.011519
vt 0.620892 0.002213
vt 0.614278 0.003794
vt 0.627349 0.007599
vt 0.621662 0.007817
vt 0.627688 0.001953
vt 0.632970 0.008495
vt 0.634403 0.003024
vt 0.638308 0.010470
vt 0.640782 0.005384
vt 0.643159 0.013449
vt 0.646578 0.008943
vt 0.647334 0.017317
vt 0.651568 0.013566
vt 0.650675 0.021926
vt 0.590986 0.034510
vt 0.596850 0.040535
vt 0.591247 0.041305
vt 0.658399 0.025250
vt 0.655558 0.019071
vt 0.592055 0.027793
vt 0.596631 0.034847
vt 0.654378 0.032635
vt 0.653054 0.027099
vt 0.597528 0.029225
vt 0.029690 0.831969
vt 0.632360 0.735390
vt 0.030638 0.837538
vt 0.028744 0.826412
vt 0.631394 0.729719
vt 0.027796 0.820855
vt 0.630430 0.724053
vt 0.026846 0.815288
vt 0.629465 0.718391
vt 0.025894 0.809717
vt 0.628500 0.712743
vt 0.024937 0.804117
vt 0.627536 0.707097
vt 0.023982 0.798540
vt 0.626571 0.701454
vt 0.023025 0.792957
vt 0.625605 0.695813
vt 0.035376 0.865465
vt 0.638098 0.769217
vt 0.036326 0.871080
vt 0.022068 0.787383
vt 0.624637 0.690174
vt 0.034430 0.859878
vt 0.637147 0.763601
vt 0.021111 0.781820
vt 0.623665 0.684508
vt 0.033482 0.854289
vt 0.636188 0.757943
vt 0.032538 0.848718
vt 0.635234 0.752311
vt 0.031587 0.843124
vt 0.634277 0.746670
vt 0.633318 0.741031
vt 0.031922 0.055287
vt 0.028132 0.070346
vt 0.022692 0.066084
vt 0.041171 0.061913
vt 0.036405 0.058799
vt 0.046185 0.064609
vt 0.033916 0.074126
vt 0.051412 0.066866
vt 0.040001 0.077397
vt 0.056814 0.068668
vt 0.046344 0.080136
vt 0.059615 0.083942
vt 0.052898 0.082323
vt 0.067977 0.070858
vt 0.062348 0.070002
vt 0.141511 0.008177
vt 0.141541 0.002484
vt 0.155736 0.001953
vt 0.014833 0.032781
vt 0.005133 0.044907
vt 0.001953 0.038772
vt 0.020495 0.042649
vt 0.017453 0.037836
vt 0.023938 0.047182
vt 0.008824 0.050747
vt 0.017637 0.061374
vt 0.013003 0.056249
vt 0.027756 0.051406
vt 0.165744 0.012096
vt 0.140010 0.019455
vt 0.165129 0.018978
vt 0.163924 0.025781
vt 0.141003 0.013848
vt 0.138527 0.024951
vt 0.161998 0.032392
vt 0.950176 0.078289
vt 0.943699 0.088818
vt 0.943331 0.079230
vt 0.936434 0.078816
vt 0.934924 0.088292
vt 0.929750 0.077065
vt 0.926421 0.086066
vt 0.918515 0.082222
vt 0.923535 0.074045
vt 0.911511 0.076911
vt 0.918030 0.069869
vt 0.905678 0.070334
vt 0.913445 0.064701
vt 0.909958 0.058736
vt 0.901240 0.062745
vt 0.898367 0.054437
vt 0.907700 0.052206
vt 0.906759 0.045360
vt 0.897171 0.045728
vt 0.897696 0.036954
vt 0.907173 0.038464
vt 0.908924 0.031779
vt 0.899923 0.028451
vt 0.911943 0.025565
vt 0.903767 0.020545
vt 0.909079 0.013540
vt 0.725612 0.007870
vt 0.715140 0.004122
vt 0.724217 0.001953
vt 0.860758 0.847052
vt 0.854361 0.858102
vt 0.845812 0.860146
vt 0.837279 0.862261
vt 0.705001 0.006202
vt 0.710881 0.007869
vt 0.704304 0.013701
vt 0.699831 0.010786
vt 0.688408 0.021012
vt 0.693866 0.014274
vt 0.696716 0.018139
vt 0.963353 0.822520
vt 0.898372 0.588560
vt 0.906922 0.586516
vt 0.971902 0.820476
vt 0.915471 0.584472
vt 0.980452 0.818432
vt 0.924021 0.582427
vt 0.869307 0.845008
vt 0.812876 0.609003
vt 0.989001 0.816387
vt 0.932570 0.580383
vt 0.877856 0.842963
vt 0.821425 0.606959
vt 0.997550 0.814343
vt 0.941119 0.578339
vt 0.886406 0.840919
vt 0.829975 0.604915
vt 0.894955 0.838875
vt 0.838524 0.602871
vt 0.903505 0.836830
vt 0.847074 0.600826
vt 0.912054 0.834786
vt 0.855623 0.598782
vt 0.920604 0.832742
vt 0.864173 0.596738
vt 0.929154 0.830697
vt 0.872723 0.594693
vt 0.937703 0.828653
vt 0.881272 0.592649
vt 0.946253 0.826609
vt 0.889822 0.590605
vt 0.954803 0.824565
vt 0.871597 0.072660
vt 0.884313 0.073812
vt 0.878339 0.080263
vt 0.879774 0.061879
vt 0.888912 0.066322
vt 0.891963 0.058077
vt 0.883202 0.048789
vt 0.893346 0.049395
vt 0.893009 0.040613
vt 0.815036 0.076471
vt 0.882942 0.041995
vt 0.890964 0.032061
vt 0.822639 0.069728
vt 0.821486 0.082444
vt 0.887292 0.024076
vt 0.833420 0.077906
vt 0.828978 0.087045
vt 0.839796 0.080264
vt 0.837222 0.090094
vt 0.845903 0.091477
vt 0.846510 0.081334
vt 0.854686 0.091141
vt 0.859916 0.079493
vt 0.863237 0.089097
vt 0.871223 0.085423
vt 0.991723 0.533503
vt 0.622832 0.628697
vt 0.621251 0.622083
vt 0.993304 0.540115
vt 0.624413 0.635309
vt 0.603860 0.549346
vt 0.994885 0.546726
vt 0.625994 0.641922
vt 0.974333 0.460769
vt 0.605442 0.555959
vt 0.996466 0.553339
vt 0.627576 0.648536
vt 0.975913 0.467380
vt 0.607022 0.562571
vt 0.977495 0.473994
vt 0.608603 0.569184
vt 0.979075 0.480605
vt 0.610184 0.575796
vt 0.980657 0.487217
vt 0.611765 0.582408
vt 0.982238 0.493830
vt 0.613346 0.589021
vt 0.983819 0.500442
vt 0.614927 0.595634
vt 0.985400 0.507054
vt 0.616508 0.602246
vt 0.986980 0.513667
vt 0.618090 0.608860
vt 0.988561 0.520279
vt 0.619670 0.615472
vt 0.990142 0.526890
vt 0.599662 0.059604
vt 0.608069 0.059717
vt 0.604652 0.064224
vt 0.610446 0.067783
vt 0.612919 0.062696
vt 0.616825 0.070144
vt 0.623878 0.065568
vt 0.623540 0.071212
vt 0.630336 0.070953
vt 0.635103 0.064027
vt 0.636950 0.069373
vt 0.640274 0.061648
vt 0.643129 0.066532
vt 0.644882 0.058307
vt 0.648635 0.062538
vt 0.648749 0.054131
vt 0.653256 0.057549
vt 0.651727 0.049281
vt 0.656813 0.051753
vt 0.653701 0.043943
vt 0.659172 0.045376
vt 0.592828 0.047919
vt 0.660244 0.038660
vt 0.598174 0.046071
vt 0.595668 0.054098
vt 0.659982 0.031864
vt 0.603892 0.055851
vt 0.612948 0.622376
vt 0.012454 0.731650
vt 0.011490 0.726082
vt 0.613925 0.628015
vt 0.013420 0.737230
vt 0.614901 0.633654
vt 0.014387 0.742815
vt 0.615879 0.639301
vt 0.015352 0.748392
vt 0.616856 0.644951
vt 0.016312 0.753955
vt 0.617833 0.650612
vt 0.017272 0.759528
vt 0.618804 0.656247
vt 0.018234 0.765109
vt 0.619779 0.661905
vt 0.019196 0.770684
vt 0.607096 0.588569
vt 0.006657 0.698157
vt 0.005687 0.692546
vt 0.620752 0.667546
vt 0.020154 0.776250
vt 0.608068 0.594192
vt 0.007624 0.703749
vt 0.621725 0.673202
vt 0.609042 0.599820
vt 0.008588 0.709322
vt 0.610021 0.605473
vt 0.009554 0.714904
vt 0.610994 0.611102
vt 0.010523 0.720503
vt 0.611971 0.616737
vt 0.106531 0.063375
vt 0.107007 0.078896
vt 0.101401 0.065843
vt 0.096078 0.067865
vt 0.100548 0.081349
vt 0.090603 0.069424
vt 0.093903 0.083240
vt 0.085013 0.070509
vt 0.087120 0.084556
vt 0.079351 0.071112
vt 0.073341 0.085430
vt 0.073659 0.071228
vt 0.131301 0.040380
vt 0.139343 0.053663
vt 0.128046 0.045052
vt 0.134924 0.058975
vt 0.124404 0.049428
vt 0.120401 0.053477
vt 0.130065 0.063888
vt 0.116066 0.057168
vt 0.119181 0.072381
vt 0.111432 0.060475
vt 0.153365 0.051140
vt 0.136572 0.030298
vt 0.156828 0.045160
vt 0.134154 0.035453
vt 0.159762 0.038905
vt 0.960715 0.084749
vt 0.956706 0.076032
vt 0.962670 0.072544
vt 0.967839 0.067958
vt 0.968304 0.080311
vt 0.980191 0.067475
vt 0.972015 0.062453
vt 0.984036 0.059569
vt 0.975036 0.056238
vt 0.986263 0.051065
vt 0.976787 0.049555
vt 0.977199 0.042658
vt 0.985591 0.033581
vt 0.976259 0.035812
vt 0.974001 0.029283
vt 0.978282 0.017686
vt 0.970513 0.023319
vt 0.965928 0.018149
vt 0.960422 0.013975
vt 0.972448 0.011109
vt 0.957538 0.001953
vt 0.965444 0.005797
vt 0.731510 0.010034
vt 0.739153 0.001953
vt 0.742024 0.013978
vt 0.871460 0.854013
vt 0.880009 0.851969
vt 0.888576 0.849995
vt 0.666911 0.015310
vt 0.662420 0.019456
vt 0.660998 0.013545
vt 0.673595 0.017059
vt 0.670924 0.021683
vt 0.680492 0.017472
vt 0.679699 0.022208
vt 0.947455 0.348356
vt 0.622694 0.678852
vt 0.066446 0.084980
vt 0.166233 0.005944
vt 0.952407 0.087622
vt 0.718021 0.016145
vt 0.862911 0.856057
vt 0.709476 0.001953
vt 0.687265 0.016231
vt 0.876216 0.067673
vt 0.882133 0.055502
vt 0.881361 0.035383
vt 0.827627 0.074348
vt 0.853304 0.081074
vt 0.866094 0.076652
vt 0.998047 0.559951
vt 0.618258 0.064671
vt 0.629566 0.065349
vt 0.654597 0.038322
vt 0.600552 0.051243
vt 0.113233 0.075899
vt 0.080249 0.085288
vt 0.124805 0.068367
vt 0.150221 0.056449
vt 0.974880 0.074479
vt 0.986788 0.042290
vt 0.982719 0.025273
vt 0.730076 0.004126
vn 0.8315 -0.5556 -0.0000
vn 0.7071 -0.7071 -0.0000
vn 0.5556 -0.8315 -0.0000
vn 0.3827 -0.9239 -0.0000
vn -0.0000 1.0000 -0.0000
vn 0.1951 0.9808 -0.0000
vn 0.1951 -0.9808 -0.0000
vn 0.3827 0.9239 -0.0000
vn 0.0000 -1.0000 -0.0000
vn 0.5280 0.8493 -0.0000
vn 0.5556 0.8315 0.0000
vn 0.7071 0.7071 -0.0000
vn 0.8315 0.5556 -0.0000
vn 0.9239 0.3827 -0.0000
vn 0.9808 0.1951 -0.0000
vn 1.0000 -0.0000 -0.0000
vn 0.9808 -0.1951 -0.0000
vn 0.9239 -0.3827 -0.0000
vn 0.0000 0.0000 -1.0000
vn -0.0460 -0.0689 -0.9966
vn -0.0586 -0.0586 -0.9966
vn -0.0689 -0.0460 -0.9966
vn -0.0765 -0.0317 -0.9966
vn -0.0812 -0.0162 -0.9966
vn -0.0828 -0.0000 -0.9966
vn -0.0812 0.0162 -0.9966
vn -0.0765 0.0317 -0.9966
vn -0.0688 0.0460 -0.9966
vn -0.0689 0.0460 -0.9966
vn -0.0586 0.0586 -0.9966
vn -0.0460 0.0689 -0.9966
vn -0.0317 0.0765 -0.9966
vn -0.0162 -0.0812 -0.9966
vn -0.0000 -0.0828 -0.9966
vn -0.0162 0.0812 -0.9966
vn -0.0317 -0.0765 -0.9966
vn 0.0000 0.0828 -0.9966
vn -0.9808 -0.1951 -0.0000
vn -0.9239 -0.3827 0.0000
vn -1.0000 -0.0000 -0.0000
vn -0.9808 0.1951 0.0000
vn -0.9239 0.3827 0.0000
vn -0.8315 0.5556 0.0000
vn -0.7071 0.7071 0.0000
vn -0.5556 0.8315 0.0000
vn -0.3827 0.9239 0.0000
vn -0.1951 -0.9808 -0.0000
vn -0.1951 0.9808 0.0000
vn -0.3827 -0.9239 -0.0000
vn -0.5556 -0.8315 -0.0000
vn -0.7071 -0.7071 -0.0000
vn -0.8315 -0.5556 -0.0000
vn -0.8824 0.1755 0.4366
vn -0.8312 0.3443 0.4366
vn -0.7480 0.4998 0.4366
vn -0.6361 0.6362 0.4366
vn -0.4998 0.7480 0.4366
vn -0.6362 0.6361 0.4366
vn -0.3443 0.8312 0.4366
vn -0.1755 0.8824 0.4366
vn -0.0000 0.8996 0.4366
vn -0.4956 -0.7513 0.4359
vn -0.6362 -0.6361 0.4366
vn -0.5906 -0.6760 0.4408
vn -0.6361 -0.6361 0.4366
vn -0.7480 -0.4998 0.4366
vn -0.8312 -0.3443 0.4366
vn -0.8824 -0.1755 0.4366
vn -0.8996 -0.0000 0.4366
vn -0.4703 -0.7669 0.4366
vn -0.1662 -0.8790 0.4470
vn -0.3398 -0.8312 0.4400
vn -0.1619 -0.8797 0.4470
vn -0.3479 -0.8282 0.4394
vn -0.0000 -0.8948 0.4465
vn 0.0000 -0.8947 0.4466
vn 0.0001 -0.0006 1.0000
vn 0.0002 -0.0006 1.0000
vn 0.0003 -0.0006 1.0000
vn 0.0004 -0.0005 1.0000
vn 0.0005 -0.0004 1.0000
vn 0.0006 -0.0003 1.0000
vn 0.0006 -0.0002 1.0000
vn 0.0006 -0.0001 1.0000
vn 0.0006 0.0001 1.0000
vn 0.0006 0.0002 1.0000
vn 0.0006 0.0003 1.0000
vn 0.0005 0.0004 1.0000
vn 0.0004 0.0005 1.0000
vn 1.0000 0.0012 -0.0003
vn 1.0000 0.0012 -0.0002
vn 0.3829 0.9238 -0.0000
vn 0.4714 0.8819 0.0000
vn -0.0023 0.0035 1.0000
vn -0.0046 0.0017 1.0000
vn 0.0019 0.0080 1.0000
vn 0.0039 0.0102 0.9999
vn 0.0000 0.0116 0.9999
vn 0.0020 0.0112 0.9999
vn 0.0023 0.0113 0.9999
vn 0.0025 0.0113 0.9999
vn -0.5280 0.8493 -0.0000
vn 0.0460 -0.0689 -0.9966
vn 0.0586 -0.0586 -0.9966
vn 0.0689 -0.0460 -0.9966
vn 0.0688 -0.0460 -0.9966
vn 0.0765 -0.0317 -0.9966
vn 0.0812 -0.0162 -0.9966
vn 0.0828 -0.0000 -0.9966
vn 0.0812 0.0162 -0.9966
vn 0.0765 0.0317 -0.9966
vn 0.0688 0.0460 -0.9966
vn 0.0689 0.0460 -0.9966
vn 0.0586 0.0586 -0.9966
vn 0.0460 0.0689 -0.9966
vn 0.0317 0.0765 -0.9966
vn 0.0162 -0.0812 -0.9966
vn 0.0162 0.0812 -0.9966
vn 0.0317 -0.0765 -0.9966
vn 0.8824 0.1755 0.4366
vn 0.8312 0.3443 0.4366
vn 0.7480 0.4998 0.4366
vn 0.6361 0.6362 0.4366
vn 0.6362 0.6361 0.4366
vn 0.4998 0.7480 0.4366
vn 0.3443 0.8312 0.4366
vn 0.1755 0.8824 0.4366
vn 0.4956 -0.7513 0.4359
vn 0.5906 -0.6760 0.4408
vn 0.6362 -0.6361 0.4366
vn 0.6361 -0.6362 0.4366
vn 0.7480 -0.4998 0.4366
vn 0.8312 -0.3443 0.4366
vn 0.8824 -0.1755 0.4366
vn 0.8996 -0.0000 0.4366
vn 0.4703 -0.7669 0.4366
vn 0.1662 -0.8790 0.4470
vn 0.3398 -0.8312 0.4400
vn 0.3479 -0.8282 0.4394
vn 0.1619 -0.8797 0.4470
vn -0.0001 -0.0006 1.0000
vn -0.0002 -0.0006 1.0000
vn -0.0003 -0.0006 1.0000
vn -0.0004 -0.0005 1.0000
vn -0.0005 -0.0004 1.0000
vn -0.0006 -0.0003 1.0000
vn -0.0006 -0.0002 1.0000
vn -0.0006 -0.0001 1.0000
vn -0.0006 0.0001 1.0000
vn -0.0006 0.0002 1.0000
vn -0.0006 0.0003 1.0000
vn -0.0005 0.0004 1.0000
vn -0.0004 0.0005 1.0000
vn -1.0000 0.0011 -0.0004
vn -1.0000 0.0008 -0.0005
vn -0.3829 0.9238 -0.0000
vn -0.4714 0.8819 0.0000
vn 0.0023 0.0035 1.0000
vn 0.0045 0.0016 1.0000
vn 0.0046 0.0018 1.0000
vn -0.0039 0.0102 0.9999
vn -0.0019 0.0079 1.0000
vn -0.0020 0.0112 0.9999
vn -0.0021 0.0111 0.9999
vn -0.0022 0.0110 0.9999
vn -0.6361 0.6361 0.4366
vn -0.6361 -0.6362 0.4366
vn -0.5186 -0.7329 0.4405
vn 1.0000 0.0011 -0.0004
vn 1.0000 0.0008 -0.0005
vn -0.0046 0.0018 1.0000
vn 0.0001 0.0115 0.9999
vn 0.0001 0.0113 0.9999
vn 0.0161 0.0812 -0.9966
vn 0.6361 0.6361 0.4366
vn 0.6361 -0.6361 0.4366
vn 0.5186 -0.7329 0.4405
vn 0.1619 -0.8798 0.4470
vn -1.0000 0.0012 -0.0003
vn -1.0000 0.0011 -0.0003
vn -1.0000 0.0012 -0.0002
vn -0.0001 0.0113 0.9999
vn -0.0001 0.0115 0.9999
g stvol_low_stvol_low_Circle:004_mehaniz.001
usemtl mehaniz.001
s 1
f 1702/3221/1824 1703/3222/1825 1704/3223/1825
f 1704/3223/1825 1705/3224/1826 1706/3225/1826
f 1706/3225/1826 1707/3226/1827 1708/3227/1827
f 1709/3228/1828 1710/3229/1829 1711/3230/1829
f 1708/3227/1827 1712/3231/1830 1713/3232/1830
f 1711/3230/1829 1714/3233/1831 1715/3234/1831
f 1713/3232/1830 1716/3235/1832 1717/3236/1832
f 1715/3234/1831 1718/3237/1833 1719/3238/1834
f 1719/3238/1834 1720/3239/1835 1721/3240/1835
f 1721/3240/1835 1722/3241/1836 1723/3242/1836
f 1723/3242/1836 1724/3243/1837 1725/3244/1837
f 1725/3244/1837 1726/3245/1838 1727/3246/1838
f 1727/3246/1838 1728/3247/1839 1729/3248/1839
f 1729/3248/1839 1730/3249/1840 1731/3250/1840
f 1731/3250/1840 1732/3251/1841 1733/3252/1841
f 1733/3252/1841 1734/3253/1824 1702/3221/1824
f 1733/3254/1842 1735/3255/1842 1731/3256/1842
f 1733/3254/1842 1736/3257/1842 1737/3258/1842
f 1704/3259/1842 1736/3257/1842 1702/3260/1842
f 1704/3259/1842 1738/3261/1842 1739/3262/1842
f 1708/3263/1842 1738/3261/1842 1706/3264/1842
f 1711/3265/1842 1740/3266/1842 1709/3267/1842
f 1713/3268/1842 1741/3269/1842 1708/3263/1842
f 1715/3270/1842 1742/3271/1842 1711/3265/1842
f 1713/3268/1842 1743/3272/1842 1744/3273/1842
f 1715/3270/1842 1745/3274/1842 1746/3275/1842
f 1719/3276/1842 1747/3277/1842 1745/3274/1842
f 1723/3278/1842 1747/3277/1842 1721/3279/1842
f 1725/3280/1842 1748/3281/1842 1723/3278/1842
f 1725/3280/1842 1749/3282/1842 1750/3283/1842
f 1729/3284/1842 1749/3282/1842 1727/3285/1842
f 1729/3284/1842 1735/3255/1842 1751/3286/1842
f 1738/3287/1826 1752/3288/1825 1739/3289/1825
f 1741/3290/1827 1753/3291/1826 1738/3287/1826
f 1742/3292/1829 1754/3293/1828 1740/3294/1828
f 1744/3295/1830 1755/3296/1827 1741/3290/1827
f 1746/3297/1831 1756/3298/1829 1742/3292/1829
f 1743/3299/1832 1757/3300/1830 1744/3295/1830
f 1745/3301/1834 1758/3302/1831 1746/3297/1831
f 1747/3303/1835 1759/3304/1834 1745/3301/1834
f 1748/3305/1836 1760/3306/1835 1747/3303/1835
f 1750/3307/1837 1761/3308/1836 1748/3305/1836
f 1749/3309/1838 1762/3310/1837 1750/3307/1837
f 1751/3311/1839 1763/3312/1838 1749/3309/1838
f 1735/3313/1840 1764/3314/1839 1751/3311/1839
f 1737/3315/1841 1765/3316/1840 1735/3313/1840
f 1736/3317/1824 1766/3318/1841 1737/3315/1841
f 1739/3289/1825 1767/3319/1824 1736/3317/1824
f 1759/3320/1843 1768/3321/1844 1769/3322/1843
f 1761/3323/1845 1768/3321/1844 1760/3324/1844
f 1762/3325/1846 1770/3326/1845 1761/3323/1845
f 1762/3325/1846 1771/3327/1847 1772/3328/1846
f 1764/3329/1848 1771/3327/1847 1763/3330/1847
f 1764/3329/1848 1773/3331/1849 1774/3332/1848
f 1765/3333/1849 1775/3334/1850 1773/3331/1849
f 1766/3335/1850 1776/3336/1851 1775/3334/1850
f 1767/3337/1852 1777/3338/1853 1776/3336/1851
f 1752/3339/1853 1778/3340/1854 1777/3338/1853
f 1753/3341/1854 1779/3342/1855 1778/3340/1854
f 1756/3343/1856 1780/3344/1857 1754/3345/1857
f 1757/3346/1858 1779/3342/1855 1755/3347/1855
f 1758/3348/1859 1781/3349/1856 1756/3343/1856
f 1757/3346/1858 1782/3350/1860 1783/3351/1858
f 1758/3348/1859 1769/3322/1843 1784/3352/1859
f 1771/3353/1861 1785/3354/1862 1772/3355/1862
f 1774/3356/1863 1786/3357/1861 1771/3353/1861
f 1773/3358/1864 1787/3359/1863 1774/3356/1863
f 1775/3360/1865 1788/3361/1864 1773/3358/1864
f 1776/3362/1866 1789/3363/1865 1775/3360/1865
f 1777/3364/1867 1790/3365/1866 1776/3362/1866
f 1778/3366/1868 1791/3367/1867 1777/3364/1867
f 1779/3368/1869 1792/3369/1868 1778/3366/1868
f 1781/3370/1870 1793/3371/1832 1780/3372/1832
f 1783/3373/1871 1794/3374/1869 1779/3368/1869
f 1784/3375/1872 1795/3376/1870 1781/3370/1870
f 1782/3377/1828 1796/3378/1871 1783/3373/1871
f 1769/3379/1873 1797/3380/1872 1784/3375/1872
f 1768/3381/1874 1798/3382/1873 1769/3379/1873
f 1770/3383/1875 1799/3384/1874 1768/3381/1874
f 1772/3355/1862 1800/3385/1875 1770/3383/1875
f 1788/3386/1876 1801/3387/1877 1802/3388/1876
f 1790/3389/1878 1801/3387/1877 1789/3390/1877
f 1791/3391/1879 1803/3392/1878 1790/3389/1878
f 1792/3393/1880 1804/3394/1881 1791/3391/1881
f 1794/3395/1882 1805/3396/1880 1792/3393/1880
f 1794/3395/1882 1806/3397/1883 1807/3398/1882
f 1808/3399/1884 1806/3397/1883 1796/3400/1883
f 1798/3401/1885 1799/3402/1886 1809/3403/1887
f 1799/3404/1888 1810/3405/1889 1809/3406/1887
f 1785/3407/1890 1810/3405/1889 1800/3408/1889
f 1786/3409/1891 1811/3410/1890 1785/3407/1890
f 1786/3409/1891 1812/3411/1892 1813/3412/1891
f 1788/3386/1876 1812/3411/1892 1787/3413/1892
f 1809/3403/1887 1814/3414/1893 1798/3401/1885
f 1795/3415/1894 1815/3416/1895 1816/3417/1896
f 1797/3418/1897 1814/3414/1893 1815/3416/1895
f 1793/3419/1898 1816/3417/1896 1817/3420/1899
f 1818/3421/1900 1712/3422/1900 1806/3423/1900
f 1807/3424/1901 1712/3422/1901 1707/3425/1901
f 1805/3426/1902 1707/3425/1902 1705/3427/1902
f 1805/3426/1903 1703/3428/1903 1804/3429/1903
f 1804/3429/1904 1734/3430/1904 1803/3431/1904
f 1803/3431/1905 1732/3432/1905 1801/3433/1905
f 1802/3434/1906 1732/3432/1906 1730/3435/1906
f 1802/3434/1907 1728/3436/1907 1812/3437/1907
f 1813/3438/1908 1728/3436/1908 1726/3439/1908
f 1813/3438/1909 1724/3440/1909 1811/3441/1909
f 1810/3442/1910 1724/3440/1910 1722/3443/1910
f 1809/3444/1911 1722/3443/1911 1720/3445/1911
f 1718/3446/1912 1809/3444/1912 1720/3445/1912
f 1819/3447/1913 1718/3448/1914 1820/3449/1914
f 1821/3450/1828 1822/3451/1829 1710/3229/1829
f 1710/3229/1829 1823/3452/1915 1714/3233/1831
f 1718/3237/1833 1823/3452/1915 1820/3453/1916
f 1814/3454/1917 1820/3455/1918 1823/3456/1919
f 1814/3454/1917 1823/3456/1919 1815/3457/1920
f 1824/3458/1921 1816/3459/1922 1822/3460/1923
f 1822/3460/1924 1815/3457/1920 1823/3456/1919
f 1825/3461/1874 1826/3462/1875 1827/3463/1874
f 1828/3464/1873 1827/3463/1874 1829/3465/1873
f 1830/3466/1872 1829/3465/1873 1831/3467/1872
f 1832/3468/1871 1709/3228/1828 1833/3469/1871
f 1834/3470/1870 1831/3467/1872 1835/3471/1870
f 1836/3472/1869 1833/3469/1871 1837/3473/1869
f 1716/3474/1832 1835/3471/1870 1717/3475/1832
f 1838/3476/1925 1837/3473/1869 1839/3477/1868
f 1840/3478/1867 1839/3477/1868 1841/3479/1867
f 1842/3480/1866 1841/3479/1867 1843/3481/1866
f 1844/3482/1865 1843/3481/1866 1845/3483/1865
f 1846/3484/1864 1845/3483/1865 1847/3485/1864
f 1848/3486/1863 1847/3485/1864 1849/3487/1863
f 1850/3488/1861 1849/3487/1863 1851/3489/1861
f 1852/3490/1862 1851/3489/1861 1853/3491/1862
f 1854/3492/1875 1853/3491/1862 1826/3462/1875
f 1855/3493/1842 1853/3494/1842 1851/3495/1842
f 1853/3494/1842 1856/3496/1842 1826/3497/1842
f 1856/3496/1842 1827/3498/1842 1826/3497/1842
f 1827/3498/1842 1857/3499/1842 1829/3500/1842
f 1857/3499/1842 1831/3501/1842 1829/3500/1842
f 1740/3266/1842 1833/3502/1842 1709/3267/1842
f 1858/3503/1842 1835/3504/1842 1831/3501/1842
f 1859/3505/1842 1837/3506/1842 1833/3502/1842
f 1835/3504/1842 1743/3272/1842 1717/3507/1842
f 1837/3506/1842 1860/3508/1842 1839/3509/1842
f 1839/3509/1842 1861/3510/1842 1841/3511/1842
f 1861/3510/1842 1843/3512/1842 1841/3511/1842
f 1862/3513/1842 1845/3514/1842 1843/3512/1842
f 1845/3514/1842 1863/3515/1842 1847/3516/1842
f 1863/3515/1842 1849/3517/1842 1847/3516/1842
f 1849/3517/1842 1855/3493/1842 1851/3495/1842
f 1864/3518/1874 1857/3519/1873 1865/3520/1874
f 1866/3521/1873 1858/3522/1872 1857/3519/1873
f 1754/3293/1828 1859/3523/1871 1740/3294/1828
f 1867/3524/1872 1868/3525/1870 1858/3522/1872
f 1869/3526/1871 1870/3527/1869 1859/3523/1871
f 1871/3528/1870 1743/3529/1832 1868/3525/1870
f 1872/3530/1869 1860/3531/1868 1870/3527/1869
f 1873/3532/1868 1861/3533/1867 1860/3531/1868
f 1874/3534/1867 1862/3535/1866 1861/3533/1867
f 1875/3536/1866 1876/3537/1865 1862/3535/1866
f 1877/3538/1865 1863/3539/1864 1876/3537/1865
f 1878/3540/1864 1879/3541/1863 1863/3539/1864
f 1880/3542/1863 1855/3543/1861 1879/3541/1863
f 1881/3544/1861 1882/3545/1862 1855/3543/1861
f 1883/3546/1862 1856/3547/1875 1882/3545/1862
f 1884/3548/1875 1865/3520/1874 1856/3547/1875
f 1873/3549/1926 1885/3550/1927 1874/3551/1927
f 1885/3550/1927 1875/3552/1928 1874/3551/1927
f 1886/3553/1929 1877/3554/1930 1875/3552/1928
f 1877/3554/1930 1887/3555/1931 1878/3556/1931
f 1887/3555/1931 1880/3557/1932 1878/3556/1931
f 1880/3557/1932 1888/3558/1933 1881/3559/1933
f 1881/3559/1933 1889/3560/1934 1883/3561/1934
f 1883/3561/1934 1890/3562/1935 1884/3563/1936
f 1884/3563/1936 1891/3564/1937 1864/3565/1937
f 1864/3565/1937 1892/3566/1938 1866/3567/1938
f 1866/3567/1938 1893/3568/1939 1867/3569/1939
f 1780/3344/1857 1869/3570/1940 1754/3345/1857
f 1893/3568/1939 1871/3571/1941 1867/3569/1939
f 1894/3572/1940 1872/3573/1942 1869/3570/1940
f 1871/3571/1941 1782/3350/1860 1895/3574/1860
f 1872/3573/1942 1896/3575/1926 1873/3549/1926
f 1897/3576/1841 1887/3577/1840 1898/3578/1841
f 1899/3579/1840 1900/3580/1839 1887/3577/1840
f 1901/3581/1839 1888/3582/1838 1900/3580/1839
f 1902/3583/1838 1889/3584/1837 1888/3582/1838
f 1903/3585/1837 1890/3586/1836 1889/3584/1837
f 1904/3587/1836 1891/3588/1835 1890/3586/1836
f 1905/3589/1835 1892/3590/1834 1891/3588/1835
f 1906/3591/1834 1893/3592/1831 1892/3590/1834
f 1793/3593/1832 1894/3594/1830 1780/3595/1832
f 1907/3596/1831 1908/3597/1829 1893/3592/1831
f 1909/3598/1830 1910/3599/1827 1894/3594/1830
f 1911/3600/1829 1782/3377/1828 1908/3597/1829
f 1912/3601/1827 1896/3602/1826 1910/3599/1827
f 1913/3603/1826 1885/3604/1825 1896/3602/1826
f 1914/3605/1825 1886/3606/1824 1885/3604/1825
f 1915/3607/1824 1898/3578/1841 1886/3606/1824
f 1902/3608/1943 1916/3609/1944 1903/3610/1944
f 1916/3609/1944 1904/3611/1945 1903/3610/1944
f 1917/3612/1945 1905/3613/1946 1904/3611/1945
f 1918/3614/1947 1906/3615/1948 1905/3613/1947
f 1919/3616/1948 1907/3617/1949 1906/3615/1948
f 1907/3617/1949 1920/3618/1950 1911/3619/1950
f 1920/3618/1950 1808/3399/1884 1911/3619/1950
f 1913/3620/1951 1921/3621/1952 1914/3622/1953
f 1914/3622/1954 1922/3623/1955 1915/3624/1955
f 1922/3623/1955 1897/3625/1956 1915/3624/1955
f 1923/3626/1956 1899/3627/1957 1897/3625/1956
f 1899/3627/1957 1924/3628/1958 1901/3629/1958
f 1924/3628/1958 1902/3608/1943 1901/3629/1958
f 1925/3630/1959 1921/3621/1952 1913/3620/1951
f 1909/3631/1960 1926/3632/1961 1912/3633/1962
f 1912/3633/1962 1925/3630/1959 1913/3620/1951
f 1793/3419/1898 1927/3634/1963 1909/3631/1960
f 1834/3635/1964 1818/3421/1964 1920/3636/1964
f 1928/3637/1965 1834/3635/1965 1920/3636/1965
f 1919/3638/1966 1830/3639/1966 1928/3637/1966
f 1825/3640/1967 1919/3638/1967 1918/3641/1967
f 1854/3642/1968 1918/3641/1968 1917/3643/1968
f 1852/3644/1969 1917/3643/1969 1916/3645/1969
f 1929/3646/1970 1852/3644/1970 1916/3645/1970
f 1848/3647/1971 1929/3646/1971 1924/3648/1971
f 1930/3649/1972 1848/3647/1972 1924/3648/1972
f 1844/3650/1973 1930/3649/1973 1923/3651/1973
f 1922/3652/1974 1844/3650/1974 1923/3651/1974
f 1921/3653/1975 1842/3654/1975 1922/3652/1975
f 1838/3655/1976 1840/3656/1976 1921/3653/1976
f 1931/3657/1977 1838/3658/1978 1921/3659/1978
f 1932/3660/1871 1821/3450/1828 1832/3468/1871
f 1933/3661/1979 1832/3468/1871 1836/3472/1869
f 1933/3661/1979 1838/3476/1925 1934/3662/1980
f 1925/3663/1981 1934/3664/1982 1931/3665/1983
f 1925/3663/1981 1926/3666/1984 1933/3667/1985
f 1927/3668/1986 1824/3458/1921 1932/3669/1987
f 1926/3666/1984 1932/3669/1988 1933/3667/1985
f 1702/3221/1824 1734/3253/1824 1703/3222/1825
f 1704/3223/1825 1703/3222/1825 1705/3224/1826
f 1706/3225/1826 1705/3224/1826 1707/3226/1827
f 1709/3228/1828 1821/3450/1828 1710/3229/1829
f 1708/3227/1827 1707/3226/1827 1712/3231/1830
f 1711/3230/1829 1710/3229/1829 1714/3233/1831
f 1713/3232/1830 1712/3231/1830 1716/3235/1832
f 1715/3234/1831 1714/3233/1831 1718/3237/1833
f 1719/3238/1834 1718/3237/1833 1720/3239/1835
f 1721/3240/1835 1720/3239/1835 1722/3241/1836
f 1723/3242/1836 1722/3241/1836 1724/3243/1837
f 1725/3244/1837 1724/3243/1837 1726/3245/1838
f 1727/3246/1838 1726/3245/1838 1728/3247/1839
f 1729/3248/1839 1728/3247/1839 1730/3249/1840
f 1731/3250/1840 1730/3249/1840 1732/3251/1841
f 1733/3252/1841 1732/3251/1841 1734/3253/1824
f 1733/3254/1842 1737/3258/1842 1735/3255/1842
f 1733/3254/1842 1702/3260/1842 1736/3257/1842
f 1704/3259/1842 1739/3262/1842 1736/3257/1842
f 1704/3259/1842 1706/3264/1842 1738/3261/1842
f 1708/3263/1842 1741/3269/1842 1738/3261/1842
f 1711/3265/1842 1742/3271/1842 1740/3266/1842
f 1713/3268/1842 1744/3273/1842 1741/3269/1842
f 1715/3270/1842 1746/3275/1842 1742/3271/1842
f 1713/3268/1842 1717/3507/1842 1743/3272/1842
f 1715/3270/1842 1719/3276/1842 1745/3274/1842
f 1719/3276/1842 1721/3279/1842 1747/3277/1842
f 1723/3278/1842 1748/3281/1842 1747/3277/1842
f 1725/3280/1842 1750/3283/1842 1748/3281/1842
f 1725/3280/1842 1727/3285/1842 1749/3282/1842
f 1729/3284/1842 1751/3286/1842 1749/3282/1842
f 1729/3284/1842 1731/3256/1842 1735/3255/1842
f 1738/3287/1826 1753/3291/1826 1752/3288/1825
f 1741/3290/1827 1755/3296/1827 1753/3291/1826
f 1742/3292/1829 1756/3298/1829 1754/3293/1828
f 1744/3295/1830 1757/3300/1830 1755/3296/1827
f 1746/3297/1831 1758/3302/1831 1756/3298/1829
f 1743/3299/1832 1895/3670/1832 1757/3300/1830
f 1745/3301/1834 1759/3304/1834 1758/3302/1831
f 1747/3303/1835 1760/3306/1835 1759/3304/1834
f 1748/3305/1836 1761/3308/1836 1760/3306/1835
f 1750/3307/1837 1762/3310/1837 1761/3308/1836
f 1749/3309/1838 1763/3312/1838 1762/3310/1837
f 1751/3311/1839 1764/3314/1839 1763/3312/1838
f 1735/3313/1840 1765/3316/1840 1764/3314/1839
f 1737/3315/1841 1766/3318/1841 1765/3316/1840
f 1736/3317/1824 1767/3319/1824 1766/3318/1841
f 1739/3289/1825 1752/3288/1825 1767/3319/1824
f 1759/3320/1843 1760/3324/1844 1768/3321/1844
f 1761/3323/1845 1770/3326/1845 1768/3321/1844
f 1762/3325/1846 1772/3328/1846 1770/3326/1845
f 1762/3325/1846 1763/3330/1847 1771/3327/1847
f 1764/3329/1848 1774/3332/1848 1771/3327/1847
f 1764/3329/1848 1765/3333/1849 1773/3331/1849
f 1765/3333/1849 1766/3335/1850 1775/3334/1850
f 1766/3335/1850 1767/3337/1852 1776/3336/1851
f 1767/3337/1852 1752/3339/1853 1777/3338/1853
f 1752/3339/1853 1753/3341/1854 1778/3340/1854
f 1753/3341/1854 1755/3347/1855 1779/3342/1855
f 1756/3343/1856 1781/3349/1856 1780/3344/1857
f 1757/3346/1858 1783/3351/1858 1779/3342/1855
f 1758/3348/1859 1784/3352/1859 1781/3349/1856
f 1757/3346/1858 1895/3574/1860 1782/3350/1860
f 1758/3348/1859 1759/3320/1843 1769/3322/1843
f 1771/3353/1861 1786/3357/1861 1785/3354/1862
f 1774/3356/1863 1787/3359/1863 1786/3357/1861
f 1773/3358/1864 1788/3361/1864 1787/3359/1863
f 1775/3360/1865 1789/3363/1865 1788/3361/1864
f 1776/3362/1866 1790/3365/1866 1789/3363/1865
f 1777/3364/1867 1791/3367/1867 1790/3365/1866
f 1778/3366/1868 1792/3369/1868 1791/3367/1867
f 1779/3368/1869 1794/3374/1869 1792/3369/1868
f 1781/3370/1870 1795/3376/1870 1793/3371/1832
f 1783/3373/1871 1796/3378/1871 1794/3374/1869
f 1784/3375/1872 1797/3380/1872 1795/3376/1870
f 1782/3377/1828 1808/3671/1828 1796/3378/1871
f 1769/3379/1873 1798/3382/1873 1797/3380/1872
f 1768/3381/1874 1799/3384/1874 1798/3382/1873
f 1770/3383/1875 1800/3385/1875 1799/3384/1874
f 1772/3355/1862 1785/3354/1862 1800/3385/1875
f 1788/3386/1876 1789/3390/1877 1801/3387/1877
f 1790/3389/1878 1803/3392/1878 1801/3387/1877
f 1791/3391/1879 1804/3394/1879 1803/3392/1878
f 1792/3393/1880 1805/3396/1880 1804/3394/1989
f 1794/3395/1882 1807/3398/1882 1805/3396/1880
f 1794/3395/1882 1796/3400/1883 1806/3397/1883
f 1808/3399/1884 1818/3672/1884 1806/3397/1883
f 1799/3404/1990 1800/3408/1889 1810/3405/1889
f 1785/3407/1890 1811/3410/1890 1810/3405/1889
f 1786/3409/1891 1813/3412/1891 1811/3410/1890
f 1786/3409/1891 1787/3413/1892 1812/3411/1892
f 1788/3386/1876 1802/3388/1876 1812/3411/1892
f 1809/3403/1887 1819/3673/1991 1814/3414/1893
f 1795/3415/1894 1797/3418/1897 1815/3416/1895
f 1797/3418/1897 1798/3401/1885 1814/3414/1893
f 1793/3419/1898 1795/3415/1894 1816/3417/1896
f 1818/3421/1900 1716/3674/1900 1712/3422/1900
f 1807/3424/1901 1806/3423/1901 1712/3422/1901
f 1805/3426/1902 1807/3424/1902 1707/3425/1902
f 1805/3426/1903 1705/3427/1903 1703/3428/1903
f 1804/3429/1904 1703/3428/1904 1734/3430/1904
f 1803/3431/1905 1734/3430/1905 1732/3432/1905
f 1802/3434/1906 1801/3433/1906 1732/3432/1906
f 1802/3434/1907 1730/3435/1907 1728/3436/1907
f 1813/3438/1908 1812/3437/1908 1728/3436/1908
f 1813/3438/1909 1726/3439/1909 1724/3440/1909
f 1810/3442/1910 1811/3441/1910 1724/3440/1910
f 1809/3444/1911 1810/3442/1911 1722/3443/1911
f 1819/3447/1992 1809/3675/1993 1718/3448/1993
f 1821/3450/1828 1824/3676/1828 1822/3451/1829
f 1710/3229/1829 1822/3451/1829 1823/3452/1915
f 1718/3237/1833 1714/3233/1831 1823/3452/1915
f 1814/3454/1917 1819/3677/1994 1820/3455/1918
f 1824/3458/1995 1817/3678/1996 1816/3459/1922
f 1822/3460/1924 1816/3459/1922 1815/3457/1920
f 1825/3461/1874 1854/3492/1875 1826/3462/1875
f 1828/3464/1873 1825/3461/1874 1827/3463/1874
f 1830/3466/1872 1828/3464/1873 1829/3465/1873
f 1832/3468/1871 1821/3450/1828 1709/3228/1828
f 1834/3470/1870 1830/3466/1872 1831/3467/1872
f 1836/3472/1869 1832/3468/1871 1833/3469/1871
f 1716/3474/1832 1834/3470/1870 1835/3471/1870
f 1838/3476/1925 1836/3472/1869 1837/3473/1869
f 1840/3478/1867 1838/3476/1925 1839/3477/1868
f 1842/3480/1866 1840/3478/1867 1841/3479/1867
f 1844/3482/1865 1842/3480/1866 1843/3481/1866
f 1846/3484/1864 1844/3482/1865 1845/3483/1865
f 1848/3486/1863 1846/3484/1864 1847/3485/1864
f 1850/3488/1861 1848/3486/1863 1849/3487/1863
f 1852/3490/1862 1850/3488/1861 1851/3489/1861
f 1854/3492/1875 1852/3490/1862 1853/3491/1862
f 1855/3493/1842 1882/3679/1842 1853/3494/1842
f 1853/3494/1842 1882/3679/1842 1856/3496/1842
f 1856/3496/1842 1865/3680/1842 1827/3498/1842
f 1827/3498/1842 1865/3680/1842 1857/3499/1842
f 1857/3499/1842 1858/3503/1842 1831/3501/1842
f 1740/3266/1842 1859/3505/1842 1833/3502/1842
f 1858/3503/1842 1868/3681/1842 1835/3504/1842
f 1859/3505/1842 1870/3682/1842 1837/3506/1842
f 1835/3504/1842 1868/3681/1842 1743/3272/1842
f 1837/3506/1842 1870/3682/1842 1860/3508/1842
f 1839/3509/1842 1860/3508/1842 1861/3510/1842
f 1861/3510/1842 1862/3513/1842 1843/3512/1842
f 1862/3513/1842 1876/3683/1842 1845/3514/1842
f 1845/3514/1842 1876/3683/1842 1863/3515/1842
f 1863/3515/1842 1879/3684/1842 1849/3517/1842
f 1849/3517/1842 1879/3684/1842 1855/3493/1842
f 1864/3518/1874 1866/3521/1873 1857/3519/1873
f 1866/3521/1873 1867/3524/1872 1858/3522/1872
f 1754/3293/1828 1869/3526/1871 1859/3523/1871
f 1867/3524/1872 1871/3528/1870 1868/3525/1870
f 1869/3526/1871 1872/3530/1869 1870/3527/1869
f 1871/3528/1870 1895/3685/1832 1743/3529/1832
f 1872/3530/1869 1873/3532/1868 1860/3531/1868
f 1873/3532/1868 1874/3534/1867 1861/3533/1867
f 1874/3534/1867 1875/3536/1866 1862/3535/1866
f 1875/3536/1866 1877/3538/1865 1876/3537/1865
f 1877/3538/1865 1878/3540/1864 1863/3539/1864
f 1878/3540/1864 1880/3542/1863 1879/3541/1863
f 1880/3542/1863 1881/3544/1861 1855/3543/1861
f 1881/3544/1861 1883/3546/1862 1882/3545/1862
f 1883/3546/1862 1884/3548/1875 1856/3547/1875
f 1884/3548/1875 1864/3518/1874 1865/3520/1874
f 1873/3549/1926 1896/3575/1926 1885/3550/1927
f 1885/3550/1927 1886/3553/1929 1875/3552/1928
f 1886/3553/1929 1898/3686/1930 1877/3554/1930
f 1877/3554/1930 1898/3686/1930 1887/3555/1931
f 1887/3555/1931 1900/3687/1932 1880/3557/1932
f 1880/3557/1932 1900/3687/1932 1888/3558/1933
f 1881/3559/1933 1888/3558/1933 1889/3560/1934
f 1883/3561/1934 1889/3560/1934 1890/3562/1935
f 1884/3563/1936 1890/3562/1935 1891/3564/1937
f 1864/3565/1937 1891/3564/1937 1892/3566/1938
f 1866/3567/1938 1892/3566/1938 1893/3568/1939
f 1780/3344/1857 1894/3572/1940 1869/3570/1940
f 1893/3568/1939 1908/3688/1997 1871/3571/1941
f 1894/3572/1940 1910/3689/1942 1872/3573/1942
f 1871/3571/1941 1908/3688/1997 1782/3350/1860
f 1872/3573/1942 1910/3689/1942 1896/3575/1926
f 1897/3576/1841 1899/3579/1840 1887/3577/1840
f 1899/3579/1840 1901/3581/1839 1900/3580/1839
f 1901/3581/1839 1902/3583/1838 1888/3582/1838
f 1902/3583/1838 1903/3585/1837 1889/3584/1837
f 1903/3585/1837 1904/3587/1836 1890/3586/1836
f 1904/3587/1836 1905/3589/1835 1891/3588/1835
f 1905/3589/1835 1906/3591/1834 1892/3590/1834
f 1906/3591/1834 1907/3596/1831 1893/3592/1831
f 1793/3593/1832 1909/3598/1830 1894/3594/1830
f 1907/3596/1831 1911/3600/1829 1908/3597/1829
f 1909/3598/1830 1912/3601/1827 1910/3599/1827
f 1911/3600/1829 1808/3671/1828 1782/3377/1828
f 1912/3601/1827 1913/3603/1826 1896/3602/1826
f 1913/3603/1826 1914/3605/1825 1885/3604/1825
f 1914/3605/1825 1915/3607/1824 1886/3606/1824
f 1915/3607/1824 1897/3576/1841 1898/3578/1841
f 1902/3608/1943 1929/3690/1943 1916/3609/1944
f 1916/3609/1944 1917/3612/1945 1904/3611/1945
f 1917/3612/1945 1918/3614/1946 1905/3613/1946
f 1918/3614/1998 1919/3616/1948 1906/3615/1948
f 1919/3616/1948 1928/3691/1949 1907/3617/1949
f 1907/3617/1949 1928/3691/1949 1920/3618/1950
f 1920/3618/1950 1818/3672/1884 1808/3399/1884
f 1914/3622/1999 1921/3621/1952 1922/3623/1955
f 1922/3623/1955 1923/3626/1956 1897/3625/1956
f 1923/3626/1956 1930/3692/1957 1899/3627/1957
f 1899/3627/1957 1930/3692/1957 1924/3628/1958
f 1924/3628/1958 1929/3690/1943 1902/3608/1943
f 1925/3630/1959 1931/3693/2000 1921/3621/1952
f 1909/3631/1960 1927/3634/2001 1926/3632/1961
f 1912/3633/1962 1926/3632/1961 1925/3630/1959
f 1793/3419/1898 1817/3420/1899 1927/3634/1963
f 1834/3635/1964 1716/3674/1964 1818/3421/1964
f 1928/3637/1965 1830/3639/1965 1834/3635/1965
f 1919/3638/1966 1828/3694/1966 1830/3639/1966
f 1825/3640/1967 1828/3694/1967 1919/3638/1967
f 1854/3642/1968 1825/3640/1968 1918/3641/1968
f 1852/3644/1969 1854/3642/1969 1917/3643/1969
f 1929/3646/1970 1850/3695/1970 1852/3644/1970
f 1848/3647/1971 1850/3695/1971 1929/3646/1971
f 1930/3649/1972 1846/3696/1972 1848/3647/1972
f 1844/3650/1973 1846/3696/1973 1930/3649/1973
f 1922/3652/1974 1842/3654/1974 1844/3650/1974
f 1921/3653/1975 1840/3656/1975 1842/3654/1975
f 1931/3657/2002 1934/3697/2003 1838/3658/2004
f 1932/3660/1871 1824/3676/1828 1821/3450/1828
f 1933/3661/1979 1932/3660/1871 1832/3468/1871
f 1933/3661/1979 1836/3472/1869 1838/3476/1925
f 1925/3663/1981 1933/3667/1985 1934/3664/1982
f 1927/3668/1986 1817/3678/2005 1824/3458/2006
f 1926/3666/1984 1927/3668/1986 1932/3669/1988
o magazin_low_magazin_low_1911_1:012
v 0.021336 -1.169994 0.704678
v 0.040973 -1.176292 0.667150
v 0.021336 -1.176744 0.664336
v 0.072275 -1.180385 0.748697
v 0.076309 -1.185742 0.717162
v 0.076309 -1.176216 0.774098
v 0.000000 -0.126355 0.340289
v 0.018899 -0.126355 0.351686
v 0.020863 -0.126355 0.341227
v 0.070766 -0.075161 0.707495
v 0.075264 -0.167757 0.734698
v 0.075356 -0.075392 0.702357
v 0.072439 -0.126355 0.382147
v 0.050080 -0.126355 0.364771
v 0.063875 -0.126355 0.387023
v 0.076156 -0.126355 0.405359
v 0.076316 -0.167820 0.728370
v 0.076332 -0.075469 0.695987
v 0.035790 -0.126355 0.355472
v 0.041804 -0.126355 0.347222
v 0.064953 -0.075250 0.708880
v 0.070690 -0.167573 0.739702
v 0.056973 -0.040925 0.694585
v 0.041344 -0.061291 0.703594
v 0.062403 -0.057651 0.702773
v 0.068201 -0.057563 0.701385
v 0.072794 -0.057804 0.696221
v 0.073757 -0.057883 0.689843
v 0.062601 -0.040925 0.693095
v 0.067068 -0.040215 0.687578
v 0.068016 -0.040297 0.681192
v 0.070585 -0.048558 0.395786
v 0.068047 -0.043404 0.397711
v 0.065509 -0.039585 0.403369
v 0.075002 -0.064549 0.399598
v 0.073757 -0.057131 0.666118
v 0.076332 -0.074588 0.672073
v 0.062409 -0.043404 0.397711
v 0.062409 -0.048558 0.395786
v 0.062409 -0.064549 0.399598
v 0.057161 -0.126355 0.358385
v 0.064542 -0.113754 0.416014
v 0.075002 -0.119211 0.416225
v 0.075002 -0.113754 0.416014
v 0.075002 -0.123664 0.413865
v 0.064440 -0.119211 0.416225
v 0.065256 -0.126324 0.406841
v 0.064269 -0.123664 0.413865
v 0.057940 -0.167940 0.373646
v 0.021292 -0.166577 0.355309
v 0.000000 -0.167508 0.354505
v 0.042686 -0.168211 0.362249
v 0.072172 -0.167940 0.395845
v 0.041344 -0.061291 0.692927
v 0.056412 -0.052860 0.688161
v 0.059344 -0.060757 0.692603
v 0.000000 -0.061777 0.692927
v 0.057734 -0.041263 0.684749
v 0.058586 -0.041263 0.681057
v 0.057259 -0.047461 0.684344
v 0.054823 -0.041263 0.685744
v 0.060406 -0.052815 0.682866
v 0.058009 -0.047094 0.679430
v 0.054863 -0.047618 0.685903
v 0.063948 -0.061051 0.689184
v 0.059230 -0.052814 0.687021
v 0.066280 -0.711939 0.907025
v 0.062360 -0.060777 0.691740
v 0.065971 -0.711940 0.917942
v 0.043069 -0.050610 0.687265
v 0.042041 -0.041263 0.695133
v 0.042257 -0.042133 0.686488
v 0.043113 -0.045262 0.686251
v 0.000000 -0.711940 0.920119
v 0.063411 -0.060870 0.544760
v 0.064902 -0.363061 0.724088
v 0.064900 -0.356282 0.728618
v 0.060178 -0.052733 0.544760
v 0.062654 -0.053013 0.539981
v 0.062285 -0.047989 0.540302
v 0.057743 -0.047005 0.544760
v 0.058586 -0.041263 0.545083
v 0.062285 -0.041263 0.540302
v 0.062409 -0.039585 0.403369
v 0.064802 -0.284718 0.558676
v 0.064819 -0.291497 0.563206
v 0.067814 -0.040253 0.658647
v 0.066232 -0.711939 0.718075
v 0.040743 -0.711939 0.561768
v 0.066046 -0.711939 0.615349
v 0.065939 -0.587513 0.604748
v 0.065930 -0.579516 0.603157
v 0.056664 -0.711939 0.576488
v 0.000000 -0.711939 0.554439
v 0.000000 -0.126355 0.351018
v 0.020050 -0.711939 0.555314
v 0.065079 -0.307491 0.524594
v 0.076301 -0.167813 0.422614
v 0.063264 -0.711939 0.920151
v 0.000000 -0.075226 0.709106
v 0.064797 -0.167668 0.741072
v 0.000000 -1.170173 0.703587
v 0.000000 -1.176989 0.662852
v 0.042982 -1.168977 0.710881
v 0.057808 -1.175169 0.674071
v 0.076288 -1.128750 1.063305
v 0.076309 -1.159555 0.768290
v 0.042847 -0.713268 0.552128
v 0.021316 -0.713078 0.545589
v 0.076306 -0.707955 0.610883
v 0.072273 -1.163723 0.742890
v 0.072227 -0.710284 0.584860
v 0.064781 -0.690061 0.922972
v 0.070571 -1.127025 1.073810
v 0.070626 -0.690129 0.921671
v 0.058088 -1.167189 0.721773
v 0.058021 -0.712171 0.563250
v 0.000000 -0.713600 0.544629
v 0.076301 -0.691181 0.910789
v 0.000000 -0.690033 0.923204
v 0.064767 -1.126821 1.075054
v 0.075080 -1.127777 1.069232
v 0.075164 -0.690622 0.916899
v 0.021337 -1.193418 0.670072
v 0.000000 -1.193704 0.668343
v 0.072161 -1.173277 0.685788
v 0.057812 -1.191807 0.680028
v 0.076309 -1.169081 0.711355
v 0.072163 -1.189938 0.691595
v 0.040936 -1.192760 0.674113
v 0.000000 -1.186837 0.709389
v 0.021337 -1.186657 0.710480
v 0.058091 -1.183851 0.727578
v 0.042987 -1.185639 0.716686
v -0.021336 -1.169994 0.704678
v -0.040973 -1.176292 0.667150
v -0.042982 -1.168977 0.710881
v -0.076310 -1.185742 0.717162
v -0.072276 -1.180385 0.748697
v -0.076310 -1.176216 0.774098
v -0.018899 -0.126355 0.351686
v -0.020863 -0.126355 0.341227
v -0.070766 -0.075161 0.707495
v -0.075264 -0.167757 0.734698
v -0.070690 -0.167573 0.739702
v -0.072439 -0.126355 0.382147
v -0.050081 -0.126355 0.364771
v -0.057161 -0.126355 0.358385
v -0.076156 -0.126355 0.405359
v -0.063875 -0.126355 0.387023
v -0.075356 -0.075392 0.702357
v -0.076316 -0.167820 0.728370
v -0.035791 -0.126355 0.355472
v -0.041804 -0.126355 0.347222
v -0.064953 -0.075250 0.708880
v -0.064797 -0.167668 0.741072
v -0.056973 -0.040925 0.694585
v -0.041344 -0.061291 0.703594
v -0.042041 -0.041263 0.695133
v -0.068201 -0.057563 0.701385
v -0.062403 -0.057651 0.702773
v -0.072794 -0.057803 0.696221
v -0.076333 -0.075469 0.695987
v -0.062601 -0.040924 0.693095
v -0.067068 -0.040215 0.687578
v -0.073757 -0.057883 0.689843
v -0.065509 -0.039585 0.403369
v -0.068047 -0.043404 0.397711
v -0.070585 -0.048558 0.395786
v -0.073757 -0.057131 0.666118
v -0.075002 -0.064549 0.399598
v -0.076333 -0.074588 0.672073
v -0.068016 -0.040297 0.681192
v -0.062409 -0.043404 0.397711
v -0.062409 -0.048558 0.395786
v -0.062409 -0.064549 0.399598
v -0.064542 -0.113754 0.416014
v -0.075002 -0.113754 0.416014
v -0.075002 -0.119211 0.416225
v -0.064440 -0.119211 0.416225
v -0.075002 -0.123664 0.413865
v -0.065256 -0.126324 0.406841
v -0.057940 -0.167940 0.373646
v -0.021292 -0.166577 0.355309
v -0.042686 -0.168211 0.362249
v -0.072173 -0.167940 0.395845
v -0.056412 -0.052860 0.688161
v -0.041344 -0.061291 0.692927
v -0.059344 -0.060757 0.692603
v -0.057734 -0.041263 0.684749
v -0.058586 -0.041263 0.681057
v -0.057259 -0.047461 0.684344
v -0.058009 -0.047094 0.679430
v -0.054823 -0.041263 0.685744
v -0.060406 -0.052815 0.682866
v -0.059230 -0.052814 0.687021
v -0.063948 -0.061051 0.689184
v -0.062360 -0.060777 0.691740
v -0.066280 -0.711939 0.907025
v -0.065971 -0.711940 0.917942
v -0.054863 -0.047618 0.685903
v -0.043069 -0.050610 0.687265
v -0.042257 -0.042133 0.686488
v -0.043113 -0.045262 0.686251
v -0.064900 -0.356282 0.728618
v -0.064902 -0.363061 0.724088
v -0.063411 -0.060870 0.544760
v -0.060178 -0.052733 0.544760
v -0.057743 -0.047005 0.544760
v -0.062654 -0.053013 0.539981
v -0.062285 -0.047989 0.540302
v -0.058586 -0.041263 0.545083
v -0.062285 -0.041263 0.540302
v -0.062409 -0.039585 0.403369
v -0.064819 -0.291497 0.563206
v -0.064802 -0.284718 0.558676
v -0.067814 -0.040253 0.658647
v -0.064269 -0.123664 0.413865
v -0.066232 -0.711939 0.718075
v -0.040743 -0.711939 0.561768
v -0.065939 -0.587513 0.604748
v -0.065952 -0.594292 0.609277
v -0.066046 -0.711939 0.615349
v -0.056665 -0.711939 0.576488
v -0.020050 -0.711939 0.555314
v -0.065098 -0.314270 0.529124
v -0.065106 -0.318800 0.535903
v -0.076301 -0.167813 0.422614
v -0.063264 -0.711939 0.920151
v 0.000000 -0.061777 0.703594
v -0.021336 -1.176744 0.664336
v -0.057809 -1.175169 0.674071
v -0.058089 -1.167189 0.721773
v -0.076288 -1.128750 1.063305
v -0.076309 -1.159555 0.768290
v -0.042847 -0.713268 0.552128
v -0.076306 -0.707955 0.610883
v -0.072274 -1.163723 0.742890
v -0.064781 -0.690061 0.922972
v -0.070572 -1.127025 1.073810
v -0.064768 -1.126821 1.075054
v -0.072228 -0.710284 0.584860
v -0.058021 -0.712171 0.563250
v -0.021316 -0.713078 0.545589
v -0.076301 -0.691181 0.910789
v 0.000000 -1.126784 1.075282
v -0.070626 -0.690129 0.921671
v -0.075080 -1.127777 1.069232
v -0.075164 -0.690622 0.916899
v -0.021337 -1.193418 0.670072
v -0.040936 -1.192760 0.674113
v -0.072162 -1.173277 0.685788
v -0.057812 -1.191807 0.680028
v -0.072163 -1.189938 0.691595
v -0.076309 -1.169081 0.711355
v -0.021337 -1.186657 0.710480
v -0.058091 -1.183851 0.727578
v -0.042987 -1.185639 0.716686
v -0.075247 -0.260064 0.766864
v -0.070679 -0.259826 0.771827
v 0.000000 -0.259871 0.773421
v -0.076313 -0.260215 0.760574
v -0.076305 -0.278597 0.543900
v -0.076305 -0.280188 0.551897
v 0.000000 -0.263916 0.388069
v -0.021296 -0.263057 0.388901
v -0.057954 -0.264019 0.407119
v -0.072182 -0.263686 0.429214
v -0.064794 -0.259892 0.773184
v -0.076302 -0.263170 0.455851
v -0.042714 -0.264436 0.395771
v 0.075247 -0.260064 0.766864
v 0.076313 -0.260215 0.760574
v 0.070679 -0.259826 0.771827
v 0.064794 -0.259892 0.773184
v 0.076306 -0.299494 0.564797
v 0.076306 -0.291497 0.563206
v 0.021296 -0.263057 0.388901
v 0.057954 -0.264019 0.407119
v 0.042714 -0.264436 0.395771
v 0.072182 -0.263686 0.429214
v 0.076302 -0.263170 0.455851
v 0.000000 -0.167649 0.741309
v -0.076306 -0.587513 0.604748
v -0.076306 -0.594292 0.609277
v 0.065952 -0.594292 0.609277
v 0.076306 -0.587513 0.604748
v -0.076303 -0.665759 0.838585
v -0.066055 -0.670288 0.831805
v -0.076303 -0.670288 0.831805
v 0.076302 -0.665758 0.838584
v 0.066054 -0.670288 0.831805
v 0.066048 -0.665758 0.838584
v -0.064814 -0.280188 0.551897
v -0.076306 -0.284718 0.558676
v 0.064814 -0.280188 0.551897
v 0.076306 -0.284718 0.558676
v -0.066006 -0.594292 0.638829
v -0.076307 -0.598822 0.632050
v -0.076307 -0.594292 0.638829
v 0.066005 -0.594292 0.638829
v 0.076307 -0.598822 0.632050
v 0.065996 -0.598822 0.632050
v -0.064918 -0.371058 0.722498
v -0.076311 -0.363061 0.724089
v -0.076311 -0.371058 0.722498
v 0.064918 -0.371058 0.722498
v 0.076311 -0.363061 0.724089
v -0.076306 -0.291497 0.563206
v -0.065027 -0.291497 0.524594
v -0.076305 -0.284718 0.529124
v -0.076304 -0.291497 0.524594
v 0.065027 -0.291497 0.524594
v 0.076305 -0.284718 0.529124
v 0.064989 -0.284718 0.529124
v -0.065023 -0.371058 0.764291
v -0.064996 -0.363061 0.762700
v -0.065955 -0.636207 0.838585
v -0.066049 -0.665758 0.838584
v -0.066033 -0.658979 0.843114
v -0.076311 -0.371058 0.764291
v -0.065047 -0.379055 0.762700
v -0.076310 -0.379055 0.762700
v 0.076310 -0.371058 0.764291
v 0.065047 -0.379054 0.762700
v 0.065023 -0.371058 0.764291
v -0.076311 -0.351752 0.751391
v -0.076311 -0.356282 0.758170
v -0.076307 -0.571519 0.643359
v -0.076308 -0.579516 0.644950
v -0.076304 -0.636207 0.809033
v -0.076303 -0.671879 0.823808
v -0.076303 -0.670288 0.815812
v -0.076306 -0.571519 0.604748
v -0.065931 -0.564740 0.609277
v -0.076306 -0.564740 0.609277
v 0.076306 -0.571519 0.604748
v 0.065931 -0.564740 0.609277
v 0.065928 -0.571519 0.604748
v -0.065019 -0.390364 0.735398
v -0.076311 -0.385834 0.728618
v -0.076311 -0.390364 0.735398
v 0.065018 -0.390364 0.735398
v 0.076311 -0.385834 0.728618
v 0.064981 -0.385834 0.728618
v -0.064915 -0.280188 0.535903
v -0.076305 -0.280188 0.535903
v 0.064915 -0.280188 0.535903
v 0.076305 -0.278597 0.543900
v 0.064854 -0.278597 0.543900
v -0.066009 -0.587513 0.643359
v -0.076307 -0.587513 0.643359
v 0.076307 -0.579516 0.644950
v 0.066009 -0.587513 0.643359
v 0.066006 -0.579516 0.644950
v -0.065062 -0.385834 0.758170
v -0.076310 -0.385834 0.758170
v 0.076310 -0.379054 0.762700
v 0.065062 -0.385834 0.758170
v -0.064863 -0.299494 0.564797
v -0.076306 -0.299494 0.564797
v 0.064863 -0.299494 0.564797
v -0.064989 -0.284718 0.529124
v 0.076305 -0.280188 0.535903
v -0.065068 -0.390364 0.751391
v -0.076310 -0.391954 0.743394
v -0.076310 -0.390364 0.751391
v 0.065068 -0.390364 0.751391
v 0.076310 -0.391954 0.743394
v 0.065053 -0.391954 0.743394
v -0.076311 -0.356282 0.728618
v -0.064913 -0.351752 0.735398
v -0.076311 -0.351752 0.735398
v 0.076311 -0.356282 0.728618
v 0.064913 -0.351752 0.735398
v -0.076306 -0.314270 0.558676
v -0.065077 -0.318800 0.551897
v -0.076305 -0.318800 0.551897
v 0.076305 -0.314270 0.558676
v 0.065077 -0.318800 0.551897
v 0.065003 -0.314270 0.558676
v -0.065997 -0.598822 0.632050
v -0.076307 -0.600412 0.624053
v 0.076306 -0.600412 0.624053
v 0.065983 -0.600412 0.624053
v -0.065985 -0.658979 0.804503
v -0.076304 -0.650982 0.802912
v -0.076303 -0.658979 0.804503
v 0.065985 -0.658979 0.804503
v 0.076303 -0.650982 0.802912
v 0.065957 -0.650982 0.802912
v 0.065998 -0.571519 0.643359
v -0.076307 -0.560210 0.616057
v -0.065954 -0.558620 0.624053
v -0.076307 -0.558620 0.624053
v 0.076306 -0.560210 0.616057
v 0.065954 -0.558620 0.624053
v 0.065940 -0.560210 0.616057
v -0.066012 -0.665759 0.809033
v -0.076303 -0.665759 0.809032
v 0.066012 -0.665758 0.809032
v 0.076303 -0.658979 0.804503
v -0.065053 -0.391954 0.743394
v 0.076310 -0.390364 0.735398
v -0.065918 -0.636207 0.809032
v -0.076304 -0.631677 0.815812
v 0.065918 -0.636207 0.809032
v 0.076304 -0.631677 0.815812
v 0.065912 -0.631677 0.815812
v -0.076303 -0.642986 0.843114
v -0.066010 -0.650983 0.844705
v -0.076303 -0.650982 0.844705
v 0.076303 -0.642986 0.843114
v 0.066009 -0.650982 0.844705
v 0.065982 -0.642986 0.843114
v -0.066050 -0.671879 0.823808
v 0.066050 -0.671879 0.823808
v 0.076303 -0.670288 0.815812
v 0.066035 -0.670288 0.815812
v -0.065940 -0.560210 0.616057
v 0.076306 -0.564740 0.609277
v -0.064931 -0.350161 0.743394
v -0.076311 -0.350161 0.743394
v 0.076311 -0.351752 0.735398
v 0.064931 -0.350161 0.743394
v -0.076304 -0.630086 0.823808
v -0.065932 -0.631677 0.831805
v -0.076304 -0.631677 0.831805
v 0.076303 -0.630086 0.823808
v 0.065932 -0.631677 0.831805
v 0.065917 -0.630086 0.823808
v -0.066035 -0.670288 0.815812
v 0.076303 -0.665758 0.809032
v -0.065998 -0.571519 0.643359
v -0.065055 -0.299494 0.523004
v -0.076304 -0.299494 0.523004
v 0.065055 -0.299494 0.523004
v 0.076304 -0.291497 0.524594
v 0.076303 -0.636207 0.838584
v 0.076303 -0.671879 0.823808
v 0.076302 -0.670288 0.831805
v 0.076305 -0.318800 0.535903
v -0.065934 -0.642986 0.804503
v -0.076304 -0.642986 0.804503
v 0.065934 -0.642986 0.804503
v 0.076304 -0.636207 0.809032
v -0.076311 -0.363061 0.762700
v 0.076311 -0.363061 0.762700
v 0.064996 -0.363061 0.762700
v -0.065983 -0.600412 0.624053
v -0.076306 -0.598822 0.616057
v 0.076306 -0.598822 0.616057
v 0.065967 -0.598822 0.616057
v -0.065104 -0.320390 0.543900
v -0.076305 -0.320390 0.543900
v 0.076305 -0.318800 0.551897
v 0.065104 -0.320390 0.543900
v -0.065931 -0.579516 0.603157
v -0.076306 -0.579516 0.603157
v -0.076303 -0.636207 0.838585
v 0.076303 -0.631677 0.831805
v 0.065955 -0.636207 0.838584
v -0.076304 -0.314270 0.529124
v -0.076305 -0.318800 0.535903
v 0.065106 -0.318800 0.535903
v 0.076304 -0.314270 0.529124
v 0.065098 -0.314270 0.529124
v -0.064969 -0.356282 0.758170
v 0.076311 -0.351752 0.751391
v 0.064969 -0.356282 0.758170
v 0.064946 -0.351752 0.751391
v 0.076305 -0.320390 0.543900
v -0.065080 -0.307491 0.524594
v -0.076304 -0.307491 0.524594
v 0.076304 -0.299494 0.523004
v -0.064928 -0.307491 0.563206
v -0.076306 -0.307491 0.563206
v 0.064928 -0.307491 0.563206
v -0.065917 -0.630086 0.823809
v -0.076303 -0.658979 0.843114
v 0.076303 -0.658979 0.843114
v 0.066033 -0.658979 0.843114
v -0.076307 -0.564740 0.638829
v 0.076307 -0.564740 0.638829
v 0.065985 -0.564740 0.638829
v -0.064981 -0.385834 0.728618
v -0.076311 -0.379055 0.724088
v 0.076311 -0.379054 0.724088
v 0.064945 -0.379054 0.724088
v 0.076304 -0.307491 0.524594
v -0.065003 -0.314270 0.558676
v 0.076306 -0.307491 0.563206
v -0.065982 -0.642986 0.843114
v -0.064946 -0.379054 0.724088
v 0.076311 -0.371058 0.722498
v -0.076307 -0.560210 0.632050
v -0.065985 -0.564740 0.638829
v 0.076307 -0.560210 0.632050
v 0.065969 -0.560210 0.632050
v 0.076310 -0.385834 0.758170
v 0.076303 -0.650982 0.844705
v -0.064854 -0.278597 0.543900
v 0.076305 -0.280188 0.551897
v -0.065968 -0.598822 0.616057
v 0.076306 -0.594292 0.609277
v -0.064946 -0.351752 0.751391
v 0.076311 -0.350161 0.743394
v 0.076307 -0.594292 0.638829
v 0.076311 -0.356282 0.758170
v 0.066152 -0.711939 0.804477
v 0.076306 -0.579516 0.603157
v -0.065969 -0.560210 0.632050
v 0.076307 -0.558620 0.624053
v -0.065958 -0.650982 0.802912
v 0.076304 -0.642986 0.804503
v -0.066006 -0.579516 0.644950
v 0.076307 -0.571519 0.643359
v -0.066153 -0.711939 0.804477
v -0.065928 -0.571519 0.604748
v -0.065912 -0.631677 0.815812
v 0.076307 -0.587513 0.643359
v 0.076310 -0.390364 0.751391
vt 0.973644 0.113634
vt 0.988710 0.100465
vt 0.992202 0.109054
vt 0.136524 0.870575
vt 0.121549 0.872216
vt 0.147784 0.865944
vt 0.875343 0.155432
vt 0.882692 0.148199
vt 0.884722 0.152739
vt 0.153045 0.605662
vt 0.145399 0.561197
vt 0.156077 0.605570
vt 0.903714 0.128537
vt 0.895440 0.138864
vt 0.899292 0.127251
vt 0.902882 0.117584
vt 0.148386 0.561473
vt 0.158865 0.605904
vt 0.889957 0.144642
vt 0.893586 0.147738
vt 0.150468 0.606125
vt 0.142248 0.561280
vt 0.152096 0.623706
vt 0.141750 0.615841
vt 0.151741 0.614774
vt 0.154366 0.614268
vt 0.157491 0.614129
vt 0.160418 0.614493
vt 0.155346 0.623200
vt 0.159376 0.623402
vt 0.162963 0.623663
vt 0.296484 0.634124
vt 0.295280 0.636708
vt 0.292388 0.638533
vt 0.295674 0.626177
vt 0.171329 0.616365
vt 0.169732 0.607728
vt 0.456298 0.034457
vt 0.459684 0.035353
vt 0.456737 0.037054
vt 0.453763 0.034884
vt 0.454400 0.038651
vt 0.889088 0.086587
vt 0.891074 0.078240
vt 0.894820 0.085257
vt 0.899352 0.140996
vt 0.895538 0.109972
vt 0.900877 0.111353
vt 0.900299 0.108868
vt 0.901409 0.113647
vt 0.896069 0.112469
vt 0.897767 0.118096
vt 0.896524 0.114781
vt 0.307811 0.597783
vt 0.315768 0.578365
vt 0.321130 0.598374
vt 0.349934 0.594370
vt 0.335463 0.577227
vt 0.345218 0.574590
vt 0.324802 0.577910
vt 0.330119 0.598011
vt 0.296735 0.596743
vt 0.303315 0.577804
vt 0.340304 0.596547
vt 0.414638 0.969920
vt 0.407303 0.965304
vt 0.410833 0.962710
vt 0.338356 0.011295
vt 0.355988 0.001953
vt 0.357148 0.006801
vt 0.588754 0.009984
vt 0.593233 0.008879
vt 0.592977 0.011588
vt 0.590779 0.014095
vt 0.587907 0.015016
vt 0.587116 0.010658
vt 0.400653 0.966289
vt 0.403991 0.965559
vt 0.401701 0.967451
vt 0.402453 0.968406
vt 0.404967 0.962557
vt 0.401982 0.963850
vt 0.405004 0.966893
vt 0.409779 0.960905
vt 0.406512 0.964007
vt 0.688487 0.802209
vt 0.410411 0.961710
vt 0.692129 0.805781
vt 0.408838 0.971369
vt 0.059999 0.007529
vt 0.051428 0.004316
vt 0.061314 0.001953
vt 0.063403 0.005437
vt 0.406576 0.972376
vt 0.405480 0.973433
vt 0.592336 0.001953
vt 0.588990 0.008565
vt 0.588345 0.002704
vt 0.706947 0.833255
vt 0.424078 0.986793
vt 0.359511 0.916242
vt 0.516038 0.866634
vt 0.515492 0.870391
vt 0.356940 0.919506
vt 0.355252 0.917551
vt 0.353648 0.919395
vt 0.355275 0.921815
vt 0.353476 0.923796
vt 0.351401 0.921747
vt 0.302537 0.876675
vt 0.309852 0.869932
vt 0.303266 0.879721
vt 0.433955 0.842452
vt 0.437741 0.841515
vt 0.577501 0.016660
vt 0.806375 0.332627
vt 0.763921 0.025653
vt 0.809884 0.331692
vt 0.812083 0.332718
vt 0.813578 0.334829
vt 0.701292 0.069345
vt 0.788195 0.344707
vt 0.780897 0.348319
vt 0.725101 0.053734
vt 0.755083 0.103792
vt 0.756666 0.107254
vt 0.709983 0.064446
vt 0.798663 0.338068
vt 0.683209 0.075755
vt 0.773131 0.351173
vt 0.764497 0.353785
vt 0.692039 0.073067
vt 0.801588 0.231743
vt 0.291034 0.599651
vt 0.290566 0.576654
vt 0.292485 0.597632
vt 0.290708 0.602384
vt 0.692985 0.807195
vt 0.121137 0.613438
vt 0.139476 0.561726
vt 0.976535 0.123190
vt 0.995272 0.118565
vt 0.968369 0.104518
vt 0.983644 0.093613
vt 0.039883 0.098538
vt 0.176583 0.090766
vt 0.178424 0.098789
vt 0.262485 0.315497
vt 0.220600 0.094201
vt 0.272863 0.314160
vt 0.229376 0.316375
vt 0.190358 0.098121
vt 0.241696 0.316560
vt 0.080431 0.310097
vt 0.034128 0.099070
vt 0.083186 0.309593
vt 0.202075 0.097140
vt 0.253765 0.316290
vt 0.210499 0.096070
vt 0.230074 0.092038
vt 0.282492 0.311780
vt 0.089174 0.309375
vt 0.050948 0.316955
vt 0.031432 0.099620
vt 0.037082 0.098730
vt 0.086262 0.309370
vt 0.224316 0.040477
vt 0.231455 0.030521
vt 0.233381 0.038532
vt 0.241214 0.028317
vt 0.243126 0.036312
vt 0.207246 0.042764
vt 0.214032 0.033757
vt 0.215896 0.041802
vt 0.195002 0.043400
vt 0.205429 0.034722
vt 0.222284 0.032373
vt 0.126275 0.907750
vt 0.105839 0.902386
vt 0.124459 0.897934
vt 0.950374 0.094859
vt 0.964434 0.089448
vt 0.976653 0.088429
vt 0.128339 0.879348
vt 0.110225 0.876917
vt 0.105571 0.893034
vt 0.124964 0.887411
vt 0.168067 0.044822
vt 0.193184 0.035358
vt 0.961671 0.098900
vt 0.106459 0.884712
vt 0.978422 0.132993
vt 0.997884 0.137642
vt 0.977994 0.143517
vt 0.138135 0.941579
vt 0.152233 0.936268
vt 0.164370 0.935304
vt 0.865516 0.152306
vt 0.865760 0.157273
vt 0.530743 0.515575
vt 0.517483 0.472450
vt 0.520335 0.471100
vt 0.837872 0.144280
vt 0.849922 0.149748
vt 0.847399 0.153418
vt 0.833662 0.134135
vt 0.841235 0.141134
vt 0.527995 0.516864
vt 0.514939 0.474045
vt 0.857427 0.152421
vt 0.855591 0.156823
vt 0.533252 0.514823
vt 0.523012 0.470245
vt 0.539739 0.531246
vt 0.545417 0.519555
vt 0.546659 0.529761
vt 0.533451 0.523851
vt 0.536020 0.523115
vt 0.530599 0.525138
vt 0.525658 0.518420
vt 0.536610 0.532263
vt 0.533104 0.534263
vt 0.528150 0.526784
vt 0.421242 0.607807
vt 0.417838 0.607485
vt 0.415597 0.605723
vt 0.519259 0.533382
vt 0.412735 0.598271
vt 0.516784 0.524955
vt 0.530021 0.536115
vt 0.399530 0.005054
vt 0.402141 0.002719
vt 0.402926 0.005234
vt 0.404596 0.001953
vt 0.405735 0.005599
vt 0.826395 0.093706
vt 0.831941 0.100252
vt 0.826226 0.101658
vt 0.836766 0.124026
vt 0.832021 0.125194
vt 0.832631 0.127673
vt 0.837422 0.126492
vt 0.833194 0.129958
vt 0.838454 0.132278
vt 0.373203 0.564674
vt 0.389065 0.578413
vt 0.377443 0.584949
vt 0.355113 0.572542
vt 0.359510 0.591968
vt 0.364935 0.568342
vt 0.369258 0.588681
vt 0.384064 0.558555
vt 0.398481 0.572488
vt 0.582534 0.385642
vt 0.574103 0.383696
vt 0.581915 0.381341
vt 0.318406 0.010939
vt 0.319566 0.015788
vt 0.268463 0.041878
vt 0.272956 0.040838
vt 0.269917 0.044177
vt 0.273008 0.045421
vt 0.274719 0.040698
vt 0.275986 0.044943
vt 0.586479 0.391053
vt 0.584664 0.388171
vt 0.587282 0.388401
vt 0.583704 0.391248
vt 0.584914 0.391119
vt 0.586129 0.385403
vt 0.584014 0.385329
vt 0.583959 0.380897
vt 0.582937 0.380982
vt 0.499925 0.071418
vt 0.494863 0.071256
vt 0.583006 0.388372
vt 0.577132 0.388787
vt 0.179262 0.001953
vt 0.173614 0.008104
vt 0.170244 0.004109
vt 0.169981 0.007806
vt 0.171298 0.008241
vt 0.577987 0.391076
vt 0.266131 0.035295
vt 0.272107 0.039679
vt 0.555481 0.388900
vt 0.464965 0.080041
vt 0.573563 0.242145
vt 0.575826 0.239139
vt 0.651035 0.385107
vt 0.650493 0.389160
vt 0.650009 0.391939
vt 0.653067 0.388993
vt 0.652868 0.391403
vt 0.649870 0.394603
vt 0.652782 0.394643
vt 0.719232 0.397278
vt 0.718872 0.387411
vt 0.720229 0.394946
vt 0.716549 0.398905
vt 0.648785 0.277021
vt 0.650724 0.280306
vt 0.335336 0.021657
vt 0.337985 0.022638
vt 0.286009 0.041699
vt 0.717763 0.358189
vt 0.714224 0.359313
vt 0.588033 0.076737
vt 0.712842 0.361389
vt 0.712627 0.363994
vt 0.739603 0.358710
vt 0.664450 0.079952
vt 0.747707 0.357895
vt 0.637581 0.137865
vt 0.635633 0.134585
vt 0.635877 0.079539
vt 0.727195 0.358681
vt 0.654440 0.080446
vt 0.755801 0.356189
vt 0.674291 0.078170
vt 0.665309 0.267400
vt 0.662254 0.265109
vt 0.404888 0.572509
vt 0.402679 0.571363
vt 0.394923 0.551776
vt 0.406421 0.574802
vt 0.493280 0.071593
vt 0.562727 0.508105
vt 0.564236 0.514769
vt 0.996978 0.128413
vt 0.996589 0.146065
vt 0.974679 0.151606
vt 0.402739 0.011996
vt 0.279222 0.074748
vt 0.277245 0.066754
vt 0.302022 0.306074
vt 0.239505 0.089695
vt 0.249365 0.086808
vt 0.331958 0.291920
vt 0.268269 0.079546
vt 0.462021 0.219082
vt 0.408079 0.009879
vt 0.410733 0.009150
vt 0.321053 0.297644
vt 0.257368 0.083962
vt 0.310162 0.302849
vt 0.292159 0.309560
vt 0.453892 0.222390
vt 0.491421 0.211890
vt 0.440128 0.001953
vt 0.459331 0.219879
vt 0.405300 0.010908
vt 0.456482 0.221071
vt 0.261785 0.031516
vt 0.250915 0.025868
vt 0.259930 0.023370
vt 0.252821 0.033883
vt 0.278042 0.025836
vt 0.267917 0.020872
vt 0.276026 0.017841
vt 0.289249 0.020864
vt 0.287233 0.012870
vt 0.269893 0.028891
vt 0.110478 0.921780
vt 0.129097 0.917328
vt 0.966558 0.160437
vt 0.981521 0.158688
vt 0.955332 0.165148
vt 0.125910 0.942509
vt 0.140966 0.932148
vt 0.114469 0.930242
vt 0.134308 0.926484
vt 0.313916 0.009948
vt 0.311900 0.001953
vt 0.992811 0.153905
vt 0.119025 0.937262
vt 0.506846 0.428067
vt 0.509743 0.426722
vt 0.541870 0.418732
vt 0.504226 0.429620
vt 0.414518 0.477424
vt 0.417274 0.474748
vt 0.334156 0.528198
vt 0.344040 0.526105
vt 0.362151 0.518434
vt 0.373011 0.512468
vt 0.512450 0.425860
vt 0.383841 0.505835
vt 0.353893 0.522026
vt 0.134858 0.516791
vt 0.137886 0.516996
vt 0.131672 0.516897
vt 0.099386 0.524282
vt 0.128861 0.517353
vt 0.230769 0.508355
vt 0.231130 0.512161
vt 0.324391 0.530788
vt 0.304762 0.532114
vt 0.313755 0.531594
vt 0.292373 0.531691
vt 0.279712 0.530657
vt 0.110056 0.568828
vt 0.552470 0.463298
vt 0.099056 0.020855
vt 0.094225 0.017035
vt 0.097931 0.016149
vt 0.488207 0.011972
vt 0.490788 0.006380
vt 0.491913 0.011091
vt 0.248110 0.007269
vt 0.245518 0.012812
vt 0.244404 0.008155
vt 0.192213 0.010814
vt 0.197033 0.014586
vt 0.193328 0.015475
vt 0.545162 0.008335
vt 0.540644 0.004378
vt 0.544023 0.003570
vt 0.014039 0.027024
vt 0.017063 0.021338
vt 0.018856 0.026055
vt 0.113873 0.017286
vt 0.109048 0.013491
vt 0.112754 0.012605
vt 0.473379 0.015489
vt 0.475965 0.009921
vt 0.477085 0.014608
vt 0.071222 0.017762
vt 0.066279 0.013471
vt 0.069984 0.012585
vt 0.048949 0.016774
vt 0.042885 0.014306
vt 0.048069 0.013066
vt 0.538403 0.009948
vt 0.537264 0.005186
vt 0.023100 0.023580
vt 0.504581 0.017945
vt 0.500083 0.014078
vt 0.503463 0.013270
vt 0.001953 0.014062
vt 0.007584 0.017116
vt 0.002741 0.018878
vt 0.557248 0.234279
vt 0.557789 0.238040
vt 0.529749 0.108584
vt 0.530600 0.094823
vt 0.528299 0.097859
vt 0.099626 0.005497
vt 0.097144 0.011502
vt 0.095920 0.006384
vt 0.050860 0.047656
vt 0.055093 0.042727
vt 0.055990 0.046430
vt 0.477431 0.396005
vt 0.478945 0.392509
vt 0.379274 0.337193
vt 0.377881 0.333647
vt 0.427844 0.269747
vt 0.424645 0.252019
vt 0.421908 0.254662
vt 0.086815 0.018807
vt 0.084237 0.024408
vt 0.083109 0.019693
vt 0.498199 0.004610
vt 0.503031 0.008440
vt 0.499326 0.009326
vt 0.082326 0.015060
vt 0.077393 0.010813
vt 0.081099 0.009928
vt 0.051561 0.027901
vt 0.045543 0.025422
vt 0.050691 0.024191
vt 0.551913 0.006676
vt 0.547405 0.002761
vt 0.550784 0.001953
vt 0.005302 0.023038
vt 0.011476 0.021176
vt 0.009267 0.025903
vt 0.120165 0.010833
vt 0.117578 0.016399
vt 0.116459 0.011719
vt 0.464849 0.012578
vt 0.469673 0.016373
vt 0.465968 0.017259
vt 0.093437 0.012383
vt 0.092215 0.007270
vt 0.049974 0.043951
vt 0.054199 0.039023
vt 0.535018 0.010738
vt 0.533884 0.005994
vt 0.019462 0.019829
vt 0.025919 0.019570
vt 0.501204 0.018768
vt 0.496703 0.014885
vt 0.009129 0.019532
vt 0.089732 0.013266
vt 0.084804 0.009042
vt 0.088510 0.008156
vt 0.053310 0.035317
vt 0.047315 0.032833
vt 0.052431 0.031610
vt 0.062573 0.014357
vt 0.060106 0.020423
vt 0.058868 0.015243
vt 0.041999 0.010601
vt 0.046292 0.005656
vt 0.047184 0.009360
vt 0.527123 0.007611
vt 0.524856 0.013074
vt 0.523743 0.008420
vt 0.021329 0.011896
vt 0.023489 0.005886
vt 0.026114 0.009989
vt 0.110168 0.018176
vt 0.105341 0.014377
vt 0.479672 0.009037
vt 0.480792 0.013728
vt 0.230704 0.016388
vt 0.225878 0.012584
vt 0.229583 0.011699
vt 0.211862 0.011072
vt 0.214447 0.005497
vt 0.215572 0.010199
vt 0.774052 0.099287
vt 0.772476 0.095820
vt 0.079404 0.020579
vt 0.076823 0.026170
vt 0.075699 0.021464
vt 0.505610 0.002838
vt 0.510439 0.006659
vt 0.506735 0.007550
vt 0.234406 0.015490
vt 0.233287 0.010813
vt 0.208155 0.011947
vt 0.210741 0.006383
vt 0.086027 0.014159
vt 0.046429 0.029128
vt 0.219595 0.019076
vt 0.214761 0.015242
vt 0.218466 0.014356
vt 0.222986 0.008444
vt 0.225564 0.002838
vt 0.226693 0.007561
vt 0.259227 0.004612
vt 0.256640 0.010176
vt 0.255522 0.005497
vt 0.181098 0.013474
vt 0.185923 0.017266
vt 0.182220 0.018164
vt 0.241813 0.013700
vt 0.236993 0.009927
vt 0.240699 0.009041
vt 0.200739 0.013701
vt 0.203330 0.008156
vt 0.204446 0.012823
vt 0.080530 0.025291
vt 0.501904 0.003724
vt 0.056399 0.021301
vt 0.055162 0.016129
vt 0.041112 0.006895
vt 0.045399 0.001953
vt 0.270343 0.001953
vt 0.267764 0.007553
vt 0.266637 0.002839
vt 0.169981 0.016131
vt 0.174814 0.019959
vt 0.171110 0.020851
vt 0.238109 0.014594
vt 0.207036 0.007270
vt 0.619174 0.144235
vt 0.507959 0.017125
vt 0.506844 0.012462
vt 0.003065 0.009319
vt 0.007083 0.014293
vt 0.142681 0.461669
vt 0.120048 0.338445
vt 0.128653 0.322609
vt 0.124861 0.322943
vt 0.245158 0.500880
vt 0.223177 0.382973
vt 0.225604 0.380067
vt 0.223299 0.018184
vt 0.222172 0.013470
vt 0.219279 0.009322
vt 0.221857 0.003724
vt 0.103332 0.004612
vt 0.100853 0.010628
vt 0.051746 0.051362
vt 0.056888 0.050132
vt 0.106463 0.019069
vt 0.101637 0.015263
vt 0.483376 0.008151
vt 0.484499 0.012849
vt 0.521472 0.013871
vt 0.520362 0.009228
vt 0.019820 0.009454
vt 0.019519 0.003084
vt 0.091648 0.022636
vt 0.090521 0.017921
vt 0.495620 0.010210
vt 0.264057 0.008429
vt 0.262933 0.003726
vt 0.173687 0.015245
vt 0.178518 0.019063
vt 0.518093 0.014679
vt 0.513602 0.010845
vt 0.516983 0.010036
vt 0.014803 0.001953
vt 0.011788 0.007611
vt 0.010028 0.002803
vt 0.110742 0.002839
vt 0.108269 0.008880
vt 0.107036 0.003725
vt 0.053518 0.058772
vt 0.057786 0.053834
vt 0.058682 0.057537
vt 0.017481 0.007777
vt 0.511337 0.016307
vt 0.510224 0.011653
vt 0.005906 0.005368
vt 0.007703 0.011495
vt 0.531631 0.011520
vt 0.530503 0.006802
vt 0.021131 0.017510
vt 0.026972 0.014793
vt 0.212184 0.020850
vt 0.211055 0.016128
vt 0.230397 0.006673
vt 0.251817 0.006383
vt 0.249224 0.011929
vt 0.188508 0.011701
vt 0.189625 0.016369
vt 0.127575 0.009061
vt 0.124991 0.014632
vt 0.123871 0.009947
vt 0.457439 0.014348
vt 0.462263 0.018148
vt 0.458560 0.019040
vt 0.078624 0.015963
vt 0.073687 0.011699
vt 0.044657 0.021716
vt 0.049822 0.020482
vt 0.514713 0.015490
vt 0.009355 0.009147
vt 0.528244 0.012298
vt 0.021788 0.014725
vt 0.260348 0.009302
vt 0.177393 0.014360
vt 0.074924 0.016865
vt 0.043771 0.018011
vt 0.131281 0.008175
vt 0.128697 0.013752
vt 0.453734 0.015234
vt 0.454856 0.019933
vt 0.049087 0.040244
vt 0.252933 0.011051
vt 0.184803 0.012588
vt 0.548540 0.007510
vt 0.014267 0.021801
vt 0.102760 0.019962
vt 0.487082 0.007266
vt 0.114448 0.001953
vt 0.111977 0.008005
vt 0.054403 0.062477
vt 0.059575 0.061241
vt 0.472260 0.010807
vt 0.199624 0.009041
vt 0.104561 0.009755
vt 0.052632 0.055067
vt 0.636352 0.788546
vt 0.633305 0.790825
vt 0.652767 0.770053
vt 0.650299 0.796801
vt 0.649351 0.793097
vt 0.067519 0.018656
vt 0.095352 0.021747
vt 0.494494 0.005495
vt 0.134987 0.007289
vt 0.132405 0.012874
vt 0.450029 0.016119
vt 0.451152 0.020824
vt 0.227002 0.017286
vt 0.218152 0.004610
vt 0.121285 0.015515
vt 0.461144 0.013463
vt 0.874177 0.150555
vt 0.145253 0.625507
vt 0.173699 0.625100
vt 0.459442 0.033925
vt 0.887353 0.079105
vt 0.337197 0.006446
vt 0.054353 0.008353
vt 0.062331 0.006514
vt 0.525818 0.879614
vt 0.522034 0.879076
vt 0.518749 0.877134
vt 0.524866 0.860089
vt 0.521100 0.861077
vt 0.516453 0.874084
vt 0.517995 0.863365
vt 0.303513 0.874309
vt 0.330895 0.857821
vt 0.423461 0.833171
vt 0.424436 0.836856
vt 0.426781 0.839920
vt 0.443327 0.832141
vt 0.442375 0.828449
vt 0.442791 0.835913
vt 0.430118 0.841887
vt 0.440839 0.839196
vt 0.522525 0.023182
vt 0.524445 0.021112
vt 0.762987 0.111186
vt 0.762339 0.092033
vt 0.758879 0.093622
vt 0.756282 0.096413
vt 0.766777 0.111052
vt 0.759440 0.109851
vt 0.754949 0.099984
vt 0.796602 0.001953
vt 0.808888 0.219961
vt 0.805415 0.221556
vt 0.805970 0.237800
vt 0.809542 0.239125
vt 0.803177 0.235209
vt 0.802809 0.224354
vt 0.801466 0.227931
vt 0.122798 0.620066
vt 0.001953 0.106469
vt 0.107363 0.912274
vt 0.938245 0.095908
vt 0.166248 0.036780
vt 0.286440 0.835546
vt 0.287644 0.838047
vt 0.283841 0.834001
vt 0.294787 0.867457
vt 0.280980 0.834106
vt 0.521090 0.542246
vt 0.399099 0.003671
vt 0.830105 0.092793
vt 0.838064 0.128760
vt 0.178548 0.006445
vt 0.577994 0.392592
vt 0.270031 0.034161
vt 0.559733 0.241314
vt 0.562786 0.243607
vt 0.566481 0.244565
vt 0.576180 0.231725
vt 0.574244 0.228435
vt 0.547832 0.074243
vt 0.570263 0.244046
vt 0.576747 0.235478
vt 0.654749 0.264659
vt 0.651462 0.266560
vt 0.649179 0.269583
vt 0.661263 0.283055
vt 0.664546 0.281142
vt 0.657476 0.283572
vt 0.648242 0.273255
vt 0.653775 0.282606
vt 0.638128 0.141637
vt 0.634909 0.148336
vt 0.631624 0.150249
vt 0.637193 0.145315
vt 0.628872 0.131334
vt 0.625089 0.131847
vt 0.632574 0.132292
vt 0.666837 0.278112
vt 0.667786 0.274433
vt 0.658552 0.264149
vt 0.667253 0.270672
vt 0.301719 0.896917
vt 0.297562 0.903447
vt 0.301778 0.899691
vt 0.300160 0.902243
vt 0.401012 0.474561
vt 0.403660 0.477296
vt 0.407152 0.478806
vt 0.418848 0.467418
vt 0.417454 0.463866
vt 0.418788 0.471238
vt 0.410960 0.478856
vt 0.141563 0.465308
vt 0.141906 0.469098
vt 0.249145 0.514137
vt 0.250271 0.510503
vt 0.246710 0.517059
vt 0.143677 0.472468
vt 0.146607 0.474903
vt 0.243333 0.518822
vt 0.239513 0.519153
vt 0.150247 0.476032
vt 0.154047 0.475686
vt 0.235844 0.518004
vt 0.157425 0.473919
vt 0.159855 0.470994
vt 0.160979 0.467353
vt 0.231879 0.504724
vt 0.232909 0.515549
vt 0.195919 0.009928
vt 0.541784 0.009146
vt 0.546883 0.102711
vt 0.571207 0.226117
vt 0.545923 0.106383
vt 0.567527 0.225139
vt 0.543616 0.109406
vt 0.546354 0.098942
vt 0.544421 0.095655
vt 0.563761 0.225649
vt 0.540312 0.111324
vt 0.560477 0.227567
vt 0.536524 0.111840
vt 0.558191 0.230598
vt 0.532812 0.110878
vt 0.541378 0.093352
vt 0.537685 0.092384
vt 0.527844 0.105319
vt 0.533898 0.092903
vt 0.527333 0.101547
vt 0.399613 0.471015
vt 0.361469 0.344308
vt 0.364108 0.347046
vt 0.367592 0.348548
vt 0.371395 0.348593
vt 0.403980 0.460998
vt 0.461182 0.395752
vt 0.407530 0.459577
vt 0.399676 0.467192
vt 0.401220 0.463671
vt 0.463833 0.398496
vt 0.414822 0.461131
vt 0.411333 0.459624
vt 0.467329 0.400013
vt 0.471144 0.400066
vt 0.474692 0.398659
vt 0.477592 0.385170
vt 0.479000 0.388704
vt 0.474942 0.382428
vt 0.439477 0.262268
vt 0.471448 0.380899
vt 0.437950 0.265760
vt 0.439529 0.258457
vt 0.438123 0.254914
vt 0.467649 0.380826
vt 0.435200 0.268405
vt 0.464109 0.382224
vt 0.431643 0.269805
vt 0.461367 0.384876
vt 0.379205 0.341009
vt 0.459850 0.388379
vt 0.377685 0.344514
vt 0.459786 0.392197
vt 0.374943 0.347176
vt 0.424363 0.268238
vt 0.421733 0.265510
vt 0.375242 0.330915
vt 0.420336 0.261961
vt 0.371759 0.329414
vt 0.420395 0.258151
vt 0.367949 0.329371
vt 0.364401 0.330783
vt 0.361659 0.333443
vt 0.435473 0.252176
vt 0.360074 0.340759
vt 0.431980 0.250664
vt 0.428178 0.250609
vt 0.360139 0.336944
vt 0.087943 0.023523
vt 0.468555 0.011693
vt 0.497832 0.019608
vt 0.048201 0.036539
vt 0.063813 0.019543
vt 0.770235 0.109465
vt 0.772841 0.106672
vt 0.766133 0.091897
vt 0.774179 0.103098
vt 0.769694 0.093226
vt 0.509315 0.001953
vt 0.215890 0.019965
vt 0.040226 0.003190
vt 0.271470 0.006674
vt 0.621824 0.133760
vt 0.627854 0.150771
vt 0.624169 0.149815
vt 0.619550 0.136787
vt 0.618618 0.140465
vt 0.621122 0.147522
vt 0.226715 0.376440
vt 0.226357 0.372647
vt 0.136233 0.336965
vt 0.137350 0.333339
vt 0.208370 0.370696
vt 0.210795 0.367795
vt 0.214176 0.366041
vt 0.133805 0.339882
vt 0.207256 0.374317
vt 0.224572 0.369274
vt 0.221631 0.366836
vt 0.130435 0.341647
vt 0.217981 0.365701
vt 0.126632 0.341996
vt 0.148471 0.456951
vt 0.122985 0.340874
vt 0.145110 0.458730
vt 0.117931 0.331273
vt 0.118279 0.335067
vt 0.136993 0.329539
vt 0.135221 0.326163
vt 0.119058 0.327635
vt 0.121492 0.324710
vt 0.132293 0.323730
vt 0.234304 0.501812
vt 0.160633 0.463551
vt 0.158852 0.460170
vt 0.215995 0.385061
vt 0.237673 0.500062
vt 0.155917 0.457730
vt 0.212344 0.383922
vt 0.209402 0.381478
vt 0.152274 0.456601
vt 0.207616 0.378105
vt 0.241483 0.499734
vt 0.219801 0.384727
vt 0.248132 0.503325
vt 0.249918 0.506708
vt 0.014648 0.007244
vt 0.229269 0.001953
vt 0.115684 0.007126
vt 0.529533 0.878659
vt 0.641107 0.807207
vt 0.637397 0.806631
vt 0.534578 0.873053
vt 0.532608 0.876352
vt 0.634149 0.804663
vt 0.535158 0.869255
vt 0.631869 0.801594
vt 0.534239 0.865556
vt 0.630905 0.797889
vt 0.531960 0.862513
vt 0.631404 0.794109
vt 0.528672 0.860592
vt 0.640043 0.787591
vt 0.644765 0.806215
vt 0.643815 0.788114
vt 0.647087 0.790042
vt 0.647808 0.803895
vt 0.649753 0.800591
vt 0.136111 0.011993
vn 0.0009 0.9863 -0.1650
vn 0.0013 0.9863 -0.1650
vn 0.0005 0.9863 -0.1650
vn -0.0098 -0.9865 0.1637
vn -0.0194 -0.9861 0.1650
vn -0.0010 -0.9868 0.1621
vn 0.0000 1.0000 0.0000
vn 0.4985 0.3142 0.8080
vn 0.8935 0.1476 0.4241
vn 0.8915 0.2013 0.4059
vn 0.0006 1.0000 -0.0004
vn -0.0091 0.9881 -0.1533
vn 0.9964 0.0281 0.0797
vn 0.9924 0.0970 0.0760
vn 0.1098 0.3367 0.9352
vn 0.4894 0.2868 0.8236
vn 0.4985 0.3142 0.8079
vn 0.0860 0.4480 0.8899
vn -0.0060 0.3735 0.9276
vn 0.1038 0.3996 0.9108
vn 0.4738 0.4263 0.7706
vn 0.8512 0.3542 0.3873
vn 0.9636 0.2569 0.0734
vn 0.4494 0.5109 0.7328
vn 0.8404 0.4350 0.3233
vn 0.9394 0.3390 0.0506
vn 0.4494 0.5109 0.7329
vn 0.9544 0.2986 -0.0017
vn 0.9199 0.3922 -0.0022
vn 0.9924 0.1230 -0.0026
vn 0.9640 0.2658 0.0007
vn 0.9965 0.0838 -0.0003
vn 0.0000 0.6189 -0.7855
vn -0.0670 0.9447 -0.3210
vn -0.0000 0.5556 -0.8315
vn 0.0000 0.0617 -0.9981
vn 0.0000 -0.0093 -1.0000
vn 0.0000 -0.2739 -0.9618
vn -0.0000 -0.2783 -0.9605
vn -0.0000 -0.1803 -0.9836
vn -0.0000 0.2225 -0.9749
vn 0.0000 -0.1794 -0.9838
vn -0.0118 0.7689 -0.6393
vn -0.0000 0.2268 -0.9739
vn -0.0111 0.9830 -0.1830
vn -0.0110 0.7506 -0.6607
vn 0.9124 -0.1337 -0.3868
vn 0.7147 -0.2286 -0.6610
vn 0.6896 -0.2362 -0.6846
vn 0.0000 -0.3282 -0.9446
vn 0.1594 -0.3249 -0.9322
vn 0.0000 -0.3286 -0.9445
vn 0.4296 -0.2973 -0.8527
vn 0.4086 -0.3010 -0.8617
vn 0.9992 -0.0111 -0.0376
vn 0.9283 -0.1230 -0.3510
vn 0.1524 -0.3254 -0.9332
vn -0.0023 -0.3762 -0.9265
vn -0.1762 -0.4772 -0.8610
vn -0.2025 -0.4260 -0.8818
vn -0.0118 0.9999 0.0000
vn -0.0703 0.9975 -0.0091
vn -0.0274 0.9984 -0.0486
vn -0.0608 0.9981 -0.0133
vn -0.1093 0.9940 -0.0053
vn -0.1225 0.9924 -0.0122
vn -0.1250 0.9922 -0.0007
vn -0.9876 0.1185 -0.1031
vn -0.7796 -0.2464 -0.5758
vn -0.7929 0.0812 -0.6040
vn -0.2487 0.0190 -0.9684
vn -0.7927 0.0832 -0.6039
vn -0.8925 -0.4360 -0.1156
vn -0.9861 -0.1482 -0.0748
vn -0.2263 -0.2155 -0.9499
vn -0.9618 -0.2428 -0.1268
vn -0.6171 -0.5526 -0.5602
vn -0.9960 -0.0325 -0.0830
vn -0.7300 -0.3845 -0.5650
vn -0.7540 -0.2191 -0.6193
vn -0.0230 -0.3851 -0.9226
vn -0.9971 -0.0025 -0.0762
vn -0.9961 0.0432 -0.0770
vn -0.9970 -0.0165 -0.0759
vn -0.9921 -0.1019 -0.0738
vn -0.0408 -0.1205 -0.9919
vn -0.0446 0.0040 -0.9990
vn -0.0468 0.9969 -0.0637
vn -0.0290 0.9983 -0.0499
vn -0.0000 -0.3297 -0.9441
vn -0.0000 -0.3299 -0.9440
vn -0.9896 -0.1382 -0.0405
vn -1.0000 -0.0028 0.0037
vn -0.9055 -0.3318 -0.2645
vn -0.9678 -0.1301 -0.2157
vn -0.9400 -0.0514 -0.3374
vn -0.9403 -0.0980 -0.3259
vn -0.9290 0.1013 -0.3560
vn -0.9334 0.0362 -0.3571
vn -0.9996 -0.0270 -0.0008
vn -0.9677 -0.1301 -0.2157
vn -0.9998 -0.0214 0.0004
vn -1.0000 0.0003 -0.0009
vn -0.9999 -0.0089 -0.0051
vn -0.1419 0.9899 0.0023
vn -0.9991 -0.0229 -0.0365
vn -1.0000 -0.0026 -0.0003
vn -0.9994 -0.0178 -0.0280
vn -0.9988 0.0196 0.0443
vn -1.0000 -0.0051 0.0015
vn -0.4516 0.2939 0.8424
vn -0.7647 0.2133 0.6081
vn -0.4170 0.2993 0.8582
vn -0.9887 0.0495 0.1413
vn -0.9998 0.0056 0.0194
vn -0.9998 0.0055 0.0194
vn -0.8226 0.1888 0.5364
vn -0.9708 0.0799 0.2260
vn -0.0000 0.3284 0.9445
vn -0.1411 0.3260 0.9348
vn -0.0000 0.3285 0.9445
vn -0.1479 0.3251 0.9340
vn -0.1411 0.3254 0.9350
vn -1.0000 -0.0025 -0.0002
vn -1.0000 -0.0033 -0.0010
vn 0.9999 0.0129 -0.0089
vn 0.9973 -0.0181 -0.0718
vn 0.9993 0.0331 0.0186
vn 1.0000 -0.0012 -0.0046
vn -0.2174 -0.3218 -0.9215
vn -0.0001 -0.3297 -0.9441
vn 0.0000 0.3480 0.9375
vn 0.1077 0.3270 0.9389
vn 0.0002 0.9863 -0.1650
vn 0.0016 0.9863 -0.1649
vn 0.0030 0.9863 -0.1650
vn 0.9941 0.0355 0.1020
vn 1.0000 0.0000 0.0001
vn 0.9994 -0.0115 -0.0331
vn 0.4341 -0.2963 -0.8508
vn 0.1656 -0.3243 -0.9314
vn 0.1628 -0.3244 -0.9318
vn 0.9968 -0.0262 -0.0752
vn 0.9381 -0.1140 -0.3272
vn 0.9298 -0.1210 -0.3475
vn 0.1070 0.3269 0.9390
vn 0.4685 0.2905 0.8343
vn 0.4837 0.2878 0.8266
vn 0.7271 -0.2258 -0.6484
vn 0.7167 -0.2294 -0.6586
vn 0.4424 -0.2949 -0.8469
vn 0.0000 -0.3288 -0.9444
vn 0.9956 0.0309 0.0890
vn 0.0000 0.3288 0.9444
vn 0.1057 0.3270 0.9391
vn 0.8712 0.1614 0.4637
vn 0.8870 0.1518 0.4361
vn 0.9942 0.0355 0.1020
vn 0.2593 -0.3484 -0.9008
vn 0.1238 -0.3360 -0.9337
vn 0.1225 -0.3355 -0.9340
vn 0.0000 -0.3187 -0.9479
vn 0.8468 -0.1767 -0.5018
vn 0.5049 -0.3013 -0.8089
vn 0.4887 -0.3061 -0.8170
vn 0.9960 -0.0293 -0.0842
vn 0.8812 -0.1570 -0.4460
vn 0.8467 -0.1767 -0.5018
vn 0.2665 -0.3479 -0.8989
vn -0.0000 -0.9865 0.1636
vn -0.0001 -0.9863 0.1650
vn -0.0003 -0.9865 0.1636
vn 0.0170 0.9861 -0.1650
vn 0.0197 0.9861 -0.1650
vn 0.0056 0.9863 -0.1650
vn -0.0022 -0.9865 0.1637
vn -0.0055 -0.9863 0.1650
vn -0.0013 -0.9863 0.1650
vn -0.0010 -0.9865 0.1637
vn 0.9974 -0.0236 -0.0677
vn 0.0041 0.9863 -0.1650
vn 0.0054 0.9863 -0.1650
vn 0.0029 0.9863 -0.1650
vn -0.0028 -0.9863 0.1651
vn -0.0022 -0.9865 0.1638
vn -0.0010 0.9863 -0.1650
vn -0.0013 0.9863 -0.1650
vn -0.0017 0.9863 -0.1650
vn 0.0193 -0.9861 0.1650
vn 0.0098 -0.9865 0.1637
vn 0.0010 -0.9868 0.1621
vn -0.4985 0.3142 0.8079
vn -0.8935 0.1476 0.4241
vn -0.4893 0.2868 0.8236
vn -0.0006 1.0000 -0.0004
vn 0.0091 0.9881 -0.1533
vn -0.0007 1.0000 -0.0005
vn -0.8915 0.2013 0.4059
vn -0.9964 0.0281 0.0797
vn -0.1098 0.3367 0.9352
vn -0.1075 0.3269 0.9389
vn -0.0860 0.4480 0.8899
vn 0.0060 0.3735 0.9276
vn 0.0108 0.4114 0.9114
vn -0.4738 0.4264 0.7705
vn -0.1038 0.3996 0.9108
vn -0.8512 0.3542 0.3873
vn -0.9924 0.0970 0.0760
vn -0.4494 0.5109 0.7329
vn -0.8404 0.4350 0.3233
vn -0.9636 0.2569 0.0734
vn -0.9199 0.3922 -0.0022
vn -0.9544 0.2986 -0.0017
vn -0.9640 0.2658 0.0007
vn -0.9924 0.1230 -0.0026
vn -0.9965 0.0838 -0.0003
vn -0.9395 0.3387 0.0507
vn 0.0670 0.9447 -0.3210
vn 0.0118 0.7689 -0.6392
vn 0.0112 0.9831 -0.1830
vn -0.7148 -0.2286 -0.6609
vn -0.9124 -0.1337 -0.3868
vn -0.6896 -0.2362 -0.6846
vn -0.1594 -0.3249 -0.9322
vn -0.1524 -0.3254 -0.9332
vn -0.4296 -0.2973 -0.8527
vn -0.4086 -0.3010 -0.8617
vn -0.9281 -0.1228 -0.3515
vn -0.9992 -0.0111 -0.0376
vn 0.1762 -0.4772 -0.8610
vn 0.0023 -0.3762 -0.9265
vn 0.2025 -0.4260 -0.8818
vn 0.0118 0.9999 0.0000
vn 0.0274 0.9984 -0.0486
vn 0.0703 0.9975 -0.0091
vn 0.0608 0.9981 -0.0133
vn 0.1093 0.9940 -0.0053
vn 0.1250 0.9922 -0.0007
vn 0.1225 0.9924 -0.0122
vn 0.9876 0.1185 -0.1031
vn 0.7796 -0.2464 -0.5758
vn 0.9861 -0.1482 -0.0748
vn 0.2487 0.0190 -0.9684
vn 0.7927 0.0832 -0.6039
vn 0.8925 -0.4360 -0.1156
vn 0.6171 -0.5526 -0.5602
vn 0.9618 -0.2428 -0.1268
vn 0.7300 -0.3844 -0.5651
vn 0.9960 -0.0325 -0.0829
vn 0.7540 -0.2191 -0.6192
vn 0.2263 -0.2155 -0.9499
vn 0.0230 -0.3851 -0.9226
vn 0.9961 0.0432 -0.0770
vn 0.9971 -0.0025 -0.0762
vn 0.9970 -0.0165 -0.0759
vn 0.9921 -0.1016 -0.0739
vn 0.9971 -0.0024 -0.0762
vn 0.9920 -0.1019 -0.0739
vn 0.0408 -0.1205 -0.9919
vn 0.0468 0.9969 -0.0637
vn 0.0290 0.9983 -0.0499
vn 1.0000 -0.0028 0.0037
vn 0.9896 -0.1382 -0.0405
vn 0.9055 -0.3318 -0.2645
vn 0.9403 -0.0980 -0.3259
vn 0.9677 -0.1302 -0.2158
vn 0.9400 -0.0514 -0.3374
vn 0.9290 0.1013 -0.3560
vn 0.9334 0.0362 -0.3571
vn 0.9996 -0.0270 -0.0008
vn 0.9998 -0.0214 0.0004
vn 0.9995 -0.0331 0.0018
vn 1.0000 0.0003 -0.0009
vn 0.9999 -0.0089 -0.0051
vn 0.1418 0.9899 0.0023
vn 0.1419 0.9899 0.0023
vn 0.9991 -0.0229 -0.0366
vn 0.9994 -0.0178 -0.0280
vn 1.0000 -0.0026 -0.0003
vn 0.9988 0.0195 0.0443
vn 0.9988 0.0195 0.0444
vn 1.0000 -0.0051 0.0015
vn 0.7647 0.2133 0.6080
vn 0.4516 0.2939 0.8424
vn 0.4170 0.2993 0.8582
vn 0.9998 0.0055 0.0194
vn 0.9998 0.0056 0.0194
vn 0.9887 0.0495 0.1413
vn 0.9708 0.0799 0.2260
vn 0.8226 0.1888 0.5364
vn 0.1411 0.3254 0.9350
vn 0.1479 0.3251 0.9340
vn 1.0000 -0.0032 -0.0007
vn 1.0000 -0.0025 -0.0002
vn -0.9999 0.0129 -0.0089
vn -0.9993 0.0331 0.0186
vn -0.9973 -0.0181 -0.0718
vn -1.0000 -0.0012 -0.0046
vn -1.0000 -0.0013 -0.0047
vn 0.2174 -0.3227 -0.9212
vn 0.0025 -0.3762 -0.9265
vn 0.0001 -0.3297 -0.9441
vn -0.0000 0.3668 0.9303
vn -0.0002 0.9863 -0.1650
vn -0.0018 0.9863 -0.1650
vn -0.0030 0.9863 -0.1651
vn -0.0040 0.9863 -0.1650
vn -0.9941 0.0355 0.1020
vn -0.9994 -0.0115 -0.0331
vn -1.0000 0.0001 0.0001
vn -0.4341 -0.2963 -0.8508
vn -0.1656 -0.3243 -0.9314
vn -0.4424 -0.2949 -0.8470
vn -0.9968 -0.0262 -0.0752
vn -0.9380 -0.1140 -0.3273
vn -0.1070 0.3269 0.9390
vn -0.4685 0.2905 0.8343
vn -0.1057 0.3270 0.9391
vn -0.9298 -0.1210 -0.3475
vn -0.7271 -0.2258 -0.6484
vn -0.7167 -0.2294 -0.6586
vn -0.1628 -0.3244 -0.9318
vn -0.9956 0.0308 0.0885
vn -0.9942 0.0355 0.1020
vn -0.4835 0.2878 0.8267
vn -0.8712 0.1614 0.4636
vn -0.8868 0.1520 0.4365
vn -0.2593 -0.3484 -0.9008
vn -0.1238 -0.3360 -0.9337
vn -0.2665 -0.3479 -0.8989
vn -0.1225 -0.3355 -0.9340
vn -0.8467 -0.1767 -0.5018
vn -0.5049 -0.3013 -0.8089
vn -0.8812 -0.1570 -0.4460
vn -0.9960 -0.0293 -0.0842
vn -0.9974 -0.0236 -0.0677
vn -0.4887 -0.3061 -0.8170
vn 0.0001 -0.9863 0.1650
vn 0.0003 -0.9865 0.1636
vn -0.0168 0.9861 -0.1650
vn -0.0196 0.9861 -0.1650
vn -0.0200 0.9861 -0.1650
vn 0.0055 -0.9863 0.1650
vn 0.0022 -0.9865 0.1637
vn 0.0009 -0.9863 0.1650
vn 0.0010 -0.9865 0.1637
vn -1.0000 0.0001 -0.0000
vn -0.0055 0.9863 -0.1650
vn 0.0028 -0.9863 0.1651
vn 0.0011 -0.9868 0.1621
vn -0.8905 0.1496 0.4296
vn -0.4865 0.2873 0.8251
vn -0.9961 0.0290 0.0834
vn -1.0000 -0.0001 -0.0000
vn -0.1616 -0.3245 -0.9320
vn -0.7151 -0.2299 -0.6601
vn -0.9292 -0.1216 -0.3491
vn -0.1071 0.3269 0.9390
vn -0.4835 0.2878 0.8266
vn -0.9967 -0.0265 -0.0761
vn -0.4323 -0.2965 -0.8516
vn 0.8905 0.1496 0.4296
vn 0.9960 0.0292 0.0841
vn 0.4863 0.2873 0.8252
vn 0.1071 0.3269 0.9390
vn 1.0000 -0.0000 -0.0000
vn 0.1620 -0.3245 -0.9319
vn 0.7151 -0.2299 -0.6601
vn 0.4325 -0.2965 -0.8515
vn 0.9292 -0.1216 -0.3491
vn 0.9968 -0.0264 -0.0757
vn 0.0000 0.3289 0.9444
vn -0.8906 0.1496 0.4296
vn -0.0000 0.7069 0.7073
vn 0.0000 0.3827 0.9239
vn -0.0000 0.7071 0.7071
vn 0.0003 0.3825 0.9239
vn 0.0000 0.7071 -0.7071
vn -0.0000 0.9239 -0.3827
vn -0.0001 0.9239 -0.3827
vn 0.0000 0.7070 -0.7072
vn -0.0000 -0.9237 -0.3831
vn 0.0000 -0.7071 -0.7071
vn 0.0000 -0.9239 -0.3827
vn 0.0003 -0.7071 -0.7071
vn 0.0000 0.7072 -0.7070
vn 0.0002 0.9239 -0.3825
vn 0.0000 -0.0003 1.0000
vn 0.0000 -0.3827 0.9239
vn -0.0000 0.0000 1.0000
vn 0.0003 -0.3828 0.9238
vn -0.0000 -0.3831 -0.9237
vn 0.0000 -0.3827 -0.9239
vn -0.0004 -0.3831 -0.9237
vn 0.0000 -0.3832 0.9237
vn 0.0000 -0.7071 0.7071
vn 0.0009 -0.7077 0.7065
vn 1.0000 -0.0031 0.0014
vn 1.0000 -0.0030 0.0017
vn 1.0000 -0.0032 0.0012
vn 0.9960 -0.0325 -0.0830
vn -0.0000 -0.0000 -1.0000
vn 0.0000 0.3824 -0.9240
vn -0.0000 0.3827 -0.9239
vn -0.0006 0.3824 -0.9240
vn 0.0000 -0.0004 -1.0000
vn -1.0000 -0.0000 -0.0000
vn 0.0000 -0.7070 0.7072
vn -0.0001 -0.7070 0.7072
vn -0.0000 0.9237 0.3832
vn -0.0000 0.9239 0.3827
vn 0.0009 0.7067 0.7075
vn -0.0000 -0.9243 0.3817
vn 0.0000 -1.0000 -0.0000
vn -0.0000 -0.9239 0.3827
vn 0.0015 -1.0000 -0.0008
vn -0.0001 0.3827 -0.9239
vn -0.0000 -0.0001 -1.0000
vn -0.0004 0.7070 -0.7072
vn 0.0000 -0.0008 -1.0000
vn -0.0010 -0.0008 -1.0000
vn -0.0000 -0.7077 0.7065
vn 0.0018 -0.9243 0.3817
vn -0.0000 0.9239 -0.3826
vn 0.0004 1.0000 0.0004
vn 0.0000 -0.9238 0.3829
vn -0.0003 -0.9238 0.3829
vn 0.0000 0.9236 -0.3834
vn -0.0018 0.9236 -0.3834
vn -0.0000 0.7063 -0.7079
vn 0.0000 0.9239 -0.3825
vn 0.0003 1.0000 0.0002
vn 0.0000 0.3823 0.9240
vn 0.0007 -0.0004 1.0000
vn -1.0000 -0.0008 0.0016
vn -1.0000 -0.0006 0.0020
vn 0.0000 -1.0000 0.0002
vn -0.0003 -1.0000 0.0002
vn -0.0000 -0.9238 0.3828
vn -0.0000 0.7068 0.7074
vn -0.0001 0.3827 0.9239
vn 0.0006 0.3823 0.9240
vn 0.0000 1.0000 0.0004
vn 0.0008 0.9237 0.3832
vn -0.0000 -0.7072 0.7070
vn 0.0001 -0.9239 0.3827
vn -0.0006 -0.0004 -1.0000
vn 0.0000 1.0000 0.0002
vn 0.0000 1.0000 0.0001
vn 0.0004 0.9237 0.3830
vn -0.0002 -0.9238 0.3828
vn -0.0000 -1.0000 0.0003
vn -0.0004 -1.0000 0.0002
vn 0.0000 -0.9240 -0.3824
vn -0.0004 -0.9240 -0.3824
vn 0.0000 0.9238 0.3830
vn -0.0000 0.9237 0.3830
vn 0.0006 0.7068 0.7074
vn 1.0000 -0.0007 0.0022
vn 0.9991 -0.0230 -0.0366
vn 1.0000 -0.0027 -0.0003
vn 0.0000 -0.0004 1.0000
vn 0.0007 -0.3832 0.9237
vn 1.0000 0.0002 0.0001
vn 0.0000 -0.3830 0.9238
vn 0.0004 -0.7072 0.7070
vn 0.0004 0.9238 0.3829
vn 0.0000 1.0000 -0.0002
vn -0.0006 1.0000 -0.0002
vn 0.0000 -0.0001 1.0000
vn -0.0000 -0.7074 -0.7068
vn -0.0005 -0.7074 -0.7068
vn 0.0002 0.7070 0.7072
vn -0.0000 0.3824 0.9240
vn 0.0006 -0.0004 1.0000
vn 0.0000 0.3817 -0.9243
vn -0.0015 0.3817 -0.9243
vn -0.0001 -1.0000 0.0002
vn -0.0001 0.7071 -0.7071
vn 0.0000 -0.3828 -0.9238
vn -0.0003 -0.3828 -0.9238
vn 0.0000 -0.7072 -0.7070
vn -0.0000 0.7067 0.7075
vn 0.0009 0.3822 0.9241
vn 0.0000 0.7070 0.7072
vn 0.0005 0.3824 0.9240
vn -0.0018 0.7063 -0.7079
vn -0.0006 -0.3831 -0.9237
vn 0.0000 0.3822 0.9241
vn 0.0006 -0.0003 1.0000
vn 0.0000 -0.7073 -0.7069
vn -0.0004 -0.7072 -0.7070
vn -0.0000 -0.9240 -0.3825
vn -0.0001 0.9239 -0.3826
vn -0.0000 -1.0000 -0.0008
vn 0.0010 -0.9237 -0.3831
vn 0.0000 0.9238 0.3829
vn 0.0004 0.7069 0.7073
vn 0.0001 0.7072 -0.7070
vn 0.0001 1.0000 0.0001
vn -1.0000 -0.0032 0.0017
vn -1.0000 -0.0037 0.0004
vn -1.0000 -0.0032 0.0012
vn -0.9960 -0.0325 -0.0831
vn 0.0000 -0.3828 0.9238
vn 0.0001 -0.7071 0.7071
vn 0.0000 0.3825 0.9240
vn 0.0002 -0.0001 1.0000
vn -0.0004 -0.9240 -0.3825
vn 0.0006 -0.3830 0.9238
vn -0.0002 -0.0001 -1.0000
vn 0.0010 0.9863 -0.1650
vn 0.0017 0.9863 -0.1650
vn -0.0056 -0.9863 0.1650
vn -0.0196 -0.9861 0.1650
vn -0.0108 0.4114 0.9114
vn 0.9306 0.3661 -0.0009
vn -0.0744 0.9535 -0.2920
vn -0.8923 -0.4364 -0.1155
vn -0.7300 -0.3845 -0.5651
vn -0.7540 -0.2190 -0.6193
vn -0.2174 -0.3227 -0.9212
vn -0.9920 -0.1019 -0.0739
vn -0.9971 -0.0024 -0.0762
vn -1.0000 -0.0030 0.0021
vn -1.0000 -0.0028 0.0036
vn -1.0000 -0.0027 0.0037
vn -1.0000 -0.0037 0.0003
vn -1.0000 -0.0028 0.0032
vn -1.0000 -0.0027 0.0036
vn -1.0000 -0.0028 0.0033
vn -1.0000 -0.0028 0.0035
vn -0.9995 -0.0331 0.0018
vn -1.0000 0.0006 -0.0009
vn -1.0000 -0.0059 -0.0028
vn -0.9999 -0.0090 -0.0051
vn -0.9999 -0.0091 -0.0050
vn -1.0000 -0.0059 -0.0029
vn -0.1418 0.9899 0.0023
vn -1.0000 0.0015 0.0080
vn -0.9999 0.0023 0.0103
vn -1.0000 -0.0034 -0.0010
vn -1.0000 -0.0034 -0.0011
vn -1.0000 -0.0033 -0.0009
vn -1.0000 -0.0031 -0.0006
vn -1.0000 -0.0024 -0.0003
vn 0.0018 0.9863 -0.1650
vn 0.0040 0.9863 -0.1650
vn 0.9380 -0.1140 -0.3272
vn -0.0000 -0.9865 0.1635
vn -0.0002 -0.9863 0.1650
vn -0.0005 -0.9863 0.1650
vn 0.0195 0.9861 -0.1650
vn 0.0194 0.9861 -0.1650
vn -0.0029 -0.9863 0.1651
vn -0.0006 -0.9863 0.1650
vn -0.0014 -0.9863 0.1650
vn 0.0039 0.9863 -0.1650
vn 0.0055 0.9863 -0.1650
vn -0.0015 -0.9863 0.1650
vn 0.0001 -0.9868 0.1622
vn 0.0000 -0.9868 0.1620
vn 0.0000 -0.9866 0.1634
vn -0.0009 -0.9868 0.1621
vn -0.0011 -0.9868 0.1621
vn -0.0009 0.9863 -0.1650
vn -0.0005 0.9863 -0.1650
vn 0.0196 -0.9861 0.1650
vn 0.0056 -0.9863 0.1650
vn -0.4985 0.3142 0.8080
vn 0.0101 0.9831 -0.1831
vn -0.0008 1.0000 -0.0005
vn -0.9306 0.3661 -0.0009
vn 0.0744 0.9535 -0.2920
vn 0.0110 0.7506 -0.6607
vn 0.7540 -0.2190 -0.6193
vn 0.2024 -0.4260 -0.8818
vn 0.7540 -0.2191 -0.6193
vn 0.9921 -0.1015 -0.0739
vn 0.0446 0.0040 -0.9990
vn 1.0000 -0.0027 0.0037
vn 1.0000 -0.0030 0.0021
vn 1.0000 -0.0028 0.0036
vn 1.0000 -0.0027 0.0036
vn 1.0000 -0.0039 0.0003
vn 1.0000 -0.0029 0.0028
vn 1.0000 0.0004 -0.0009
vn 1.0000 -0.0059 -0.0028
vn 0.9999 -0.0090 -0.0051
vn 1.0000 -0.0059 -0.0029
vn 0.9999 -0.0091 -0.0050
vn 0.9999 0.0023 0.0103
vn 1.0000 0.0015 0.0079
vn 0.1479 0.3262 0.9337
vn 1.0000 -0.0033 -0.0009
vn 1.0000 -0.0033 -0.0010
vn 1.0000 -0.0034 -0.0012
vn -0.0021 0.9863 -0.1651
vn -0.0015 0.9863 -0.1650
vn -0.0029 0.9863 -0.1651
vn -0.4836 0.2878 0.8266
vn -0.8468 -0.1767 -0.5018
vn 0.0005 -0.9863 0.1650
vn 0.0002 -0.9863 0.1650
vn -0.0168 0.9862 -0.1650
vn -0.0056 0.9863 -0.1650
vn -0.0197 0.9861 -0.1650
vn 0.0029 -0.9863 0.1651
vn 0.0012 -0.9863 0.1650
vn -0.0041 0.9863 -0.1650
vn 0.0015 -0.9863 0.1650
vn -0.0001 -0.9868 0.1621
vn 0.0000 -0.9868 0.1621
vn 0.0003 -0.9865 0.1635
vn -1.0000 -0.0001 -0.0001
vn -1.0000 0.0001 -0.0001
vn 1.0000 -0.0001 -0.0001
vn 1.0000 0.0001 -0.0000
vn 1.0000 -0.0001 -0.0000
vn 1.0000 0.0001 -0.0001
vn 0.8906 0.1496 0.4296
vn 0.0003 0.7069 0.7073
vn -0.0000 0.3825 0.9239
vn -0.0003 0.7070 -0.7072
vn 0.0003 -0.9237 -0.3831
vn 0.0002 0.7072 -0.7070
vn 0.0005 -0.0003 1.0000
vn -0.0004 -0.7071 -0.7071
vn 0.0009 -0.3832 0.9237
vn 1.0000 -0.0028 0.0034
vn 1.0000 -0.0031 0.0019
vn 1.0000 -0.0028 0.0035
vn 1.0000 -0.0031 0.0018
vn 1.0000 -0.0032 0.0015
vn 1.0000 -0.0032 0.0018
vn 1.0000 -0.0033 0.0014
vn 1.0000 -0.0031 0.0017
vn 1.0000 -0.0032 0.0019
vn 1.0000 -0.0040 0.0002
vn 1.0000 -0.0030 0.0019
vn 1.0000 -0.0030 0.0020
vn 1.0000 -0.0033 0.0013
vn 1.0000 -0.0031 0.0016
vn 1.0000 -0.0032 0.0013
vn 1.0000 -0.0031 0.0015
vn 1.0000 -0.0038 0.0004
vn 1.0000 -0.0031 0.0013
vn 1.0000 -0.0033 0.0011
vn -1.0000 -0.0000 -0.0001
vn -1.0000 -0.0000 -0.0002
vn -1.0000 0.0000 0.0002
vn -1.0000 0.0000 0.0001
vn -1.0000 0.0001 -0.0002
vn -0.0001 -0.3827 0.9239
vn 0.0009 0.9237 0.3832
vn 0.0015 -0.9243 0.3817
vn -0.0001 -0.0001 -1.0000
vn -0.0004 0.3824 -0.9240
vn -0.0011 -0.3831 -0.9237
vn 0.0018 -0.7077 0.7065
vn 0.0004 0.9239 -0.3826
vn -0.0003 -0.7071 0.7072
vn 0.0003 0.9239 -0.3825
vn -1.0000 -0.0007 0.0019
vn -1.0000 -0.0007 0.0017
vn -1.0000 -0.0007 0.0018
vn -1.0000 -0.0006 0.0019
vn -1.0000 -0.0008 0.0015
vn -0.9991 -0.0230 -0.0365
vn -1.0000 -0.0010 0.0013
vn -0.0003 -0.9238 0.3828
vn 0.0008 1.0000 0.0004
vn 0.0001 -0.7072 0.7070
vn -0.0007 -0.3831 -0.9237
vn 0.0004 1.0000 0.0002
vn -0.0002 -0.7070 0.7072
vn -0.0004 -0.9238 0.3829
vn 0.0005 0.9238 0.3830
vn 1.0000 -0.0007 0.0018
vn 1.0000 -0.0007 0.0019
vn 1.0000 -0.0007 0.0017
vn 1.0000 -0.0006 0.0019
vn 1.0000 -0.0006 0.0020
vn 1.0000 -0.0006 0.0022
vn 1.0000 0.0000 -0.0001
vn 1.0000 -0.0001 0.0001
vn 1.0000 -0.0000 -0.0002
vn 0.0005 -0.3830 0.9238
vn -0.0006 0.9236 -0.3834
vn 0.0001 -0.0001 1.0000
vn -0.0006 -0.9240 -0.3824
vn 0.0002 0.9239 0.3827
vn 0.0006 0.3824 0.9240
vn -0.0016 -0.0008 -1.0000
vn -0.0001 -0.9239 0.3827
vn -0.0003 -0.7073 -0.7069
vn 0.0008 0.7067 0.7075
vn -0.0018 0.3817 -0.9243
vn -0.0006 -0.7074 -0.7068
vn 0.0007 0.3822 0.9241
vn -0.0001 0.7070 -0.7072
vn -0.0005 -0.0004 -1.0000
vn 0.0010 -1.0000 -0.0008
vn -0.0004 -1.0000 0.0003
vn 0.0001 0.3827 -0.9239
vn 0.0001 0.9239 -0.3827
vn -1.0000 -0.0031 0.0017
vn -1.0000 -0.0032 0.0013
vn -1.0000 -0.0031 0.0016
vn -1.0000 -0.0030 0.0017
vn -1.0000 -0.0031 0.0015
vn -1.0000 -0.0031 0.0018
vn -1.0000 -0.0031 0.0014
vn -1.0000 -0.0030 0.0018
vn -1.0000 -0.0032 0.0020
vn -1.0000 -0.0028 0.0020
vn -1.0000 -0.0029 0.0019
vn -1.0000 -0.0032 0.0019
vn -1.0000 -0.0031 0.0013
vn -1.0000 -0.0031 0.0012
vn -1.0000 -0.0038 0.0002
vn -1.0000 -0.0031 0.0011
vn 0.0002 0.3825 0.9240
vn -0.0002 -0.3828 -0.9238
g magazin_low_magazin_low_1911_1:012_mehaniz.001
usemtl mehaniz.001
s 1
f 1935/3698/2007 1936/3699/2008 1937/3700/2009
f 1938/3701/2010 1939/3702/2011 1940/3703/2012
f 1941/3704/2013 1942/3705/2013 1943/3706/2013
f 1944/3707/2014 1945/3708/2015 1946/3709/2016
f 1947/3710/2017 1948/3711/2013 1949/3712/2017
f 1949/3712/2017 1950/3713/2018 1947/3710/2017
f 1946/3709/2016 1951/3714/2019 1952/3715/2020
f 1943/3706/2013 1953/3716/2013 1954/3717/2013
f 1955/3718/2021 1956/3719/2022 1944/3707/2023
f 1957/3720/2024 1958/3721/2025 1959/3722/2026
f 1955/3718/2021 1960/3723/2027 1959/3722/2026
f 1961/3724/2028 1952/3715/2020 1962/3725/2029
f 1960/3723/2027 1946/3709/2016 1961/3724/2028
f 1963/3726/2030 1961/3724/2028 1964/3727/2031
f 1964/3727/2031 1962/3725/2029 1965/3728/2032
f 1959/3722/2026 1963/3726/2033 1957/3720/2024
f 1966/3729/2034 1967/3730/2035 1968/3731/2035
f 1969/3732/2036 1970/3733/2037 1971/3734/2038
f 1971/3734/2038 1962/3725/2029 1952/3715/2020
f 1970/3733/2037 1965/3728/2032 1962/3725/2029
f 1972/3735/2039 1968/3736/2040 1967/3737/2041
f 1973/3738/2042 1967/3737/2041 1966/3739/2043
f 1974/3740/2044 1966/3741/2043 1969/3742/2045
f 1954/3717/2013 1948/3711/2013 1975/3743/2013
f 1969/3742/2045 1976/3744/2046 1974/3740/2044
f 1977/3745/2047 1976/3744/2046 1978/3746/2048
f 1979/3747/2049 1980/3748/2050 1977/3745/2047
f 1979/3747/2049 1981/3749/2051 1982/3750/2052
f 1947/3751/2053 1983/3752/2054 1975/3753/2055
f 1941/3754/2056 1984/3755/2057 1985/3756/2058
f 1975/3753/2055 1986/3757/2059 1954/3758/2060
f 1950/3759/2061 1987/3760/2062 1947/3751/2053
f 1954/3758/2060 1984/3755/2057 1943/3761/2063
f 1988/3762/2064 1989/3763/2065 1990/3764/2066
f 1991/3765/2013 1958/3766/2067 1988/3767/2067
f 1992/3768/2068 1957/3769/2069 1963/3770/2070
f 1964/3771/2071 1992/3768/2068 1963/3770/2070
f 1964/3771/2071 1965/3772/2072 1993/3773/2073
f 1993/3774/2074 1994/3775/2075 1992/3776/2076
f 1994/3775/2075 1995/3777/2077 1992/3776/2078
f 1996/3778/2079 1994/3775/2075 1997/3779/2080
f 1994/3775/2075 1989/3763/2065 1998/3780/2081
f 1999/3781/2082 2000/3782/2083 1996/3778/2079
f 2000/3782/2083 1990/3764/2066 1989/3763/2065
f 2001/3783/2084 2002/3784/2085 1999/3781/2082
f 2003/3785/2086 1990/3764/2066 2002/3784/2085
f 2004/3786/2087 1998/3780/2081 1989/3763/2065
f 2004/3787/2088 1958/3788/2089 2005/3789/2090
f 2006/3790/2091 2004/3787/2088 2005/3789/2090
f 1995/3777/2077 2007/3791/2092 2006/3792/2093
f 2005/3793/2094 1995/3794/2095 2006/3795/2094
f 1988/3762/2064 2008/3796/2096 1991/3797/2097
f 2009/3798/2098 2010/3799/2099 2011/3800/2099
f 1996/3778/2079 2009/3798/2098 1999/3781/2082
f 1997/3779/2080 2012/3801/2100 1996/3778/2079
f 2012/3801/2100 2013/3802/2101 2009/3798/2098
f 2014/3803/2102 2012/3801/2100 2015/3804/2103
f 2016/3805/2104 1997/3779/2080 1993/3774/2074
f 2017/3806/2105 2015/3804/2103 2016/3805/2104
f 1972/3807/2106 2013/3802/2107 2014/3803/2102
f 2013/3802/2101 1974/3808/2108 2009/3798/2098
f 2018/3809/2109 2014/3803/2102 2017/3806/2105
f 2009/3798/2098 2019/3810/2110 2020/3811/2110
f 1993/3773/2073 1965/3772/2072 2021/3812/2111
f 1981/3813/2112 2022/3814/2113 1982/3815/2114
f 1982/3815/2114 2022/3814/2113 1980/3816/2115
f 1980/3816/2115 2022/3814/2113 1976/3817/2116
f 2023/3818/2117 1948/3819/2118 1953/3820/2119
f 2024/3821/2120 2025/3822/2121 2026/3823/2122
f 2027/3824/2123 1949/3825/2124 1948/3819/2118
f 2028/3826/2125 1942/3827/2126 2029/3828/2127
f 2030/3829/2128 1953/3820/2119 1942/3827/2129
f 1976/3817/2116 2022/3814/2130 2031/3830/2131
f 1977/3831/2132 2032/3832/2133 1979/3833/2134
f 2032/3832/2133 1977/3831/2132 1951/3714/2019
f 1951/3714/2019 1977/3831/2132 1978/3834/2135
f 1979/3833/2134 2032/3832/2133 1950/3759/2061
f 1971/3734/2038 1951/3714/2019 1978/3834/2135
f 1951/3714/2019 1971/3734/2038 1952/3715/2020
f 1971/3734/2038 1978/3834/2135 1969/3732/2036
f 1988/3762/2064 2033/3835/2136 2008/3796/2137
f 2034/3836/2138 2035/3837/2139 1955/3718/2021
f 1959/3722/2026 1958/3721/2025 1955/3718/2021
f 1958/3721/2025 2034/3836/2138 1955/3718/2021
f 2036/3838/2140 1937/3700/2140 2037/3839/2140
f 2038/3840/2141 2039/3841/2142 1936/3699/2008
f 2040/3842/2143 1940/3843/2144 2041/3844/2145
f 2042/3845/2146 1935/3846/2147 2043/3847/2148
f 2044/3848/2149 2045/3849/2150 2046/3850/2151
f 2047/3851/2152 2048/3852/2153 2049/3853/2154
f 2046/3850/2151 2050/3854/2155 2051/3855/2156
f 2051/3855/2156 2038/3856/2157 2042/3845/2146
f 2043/3847/2148 2036/3857/2158 2052/3858/2158
f 2053/3859/2159 2041/3844/2145 2044/3848/2149
f 2054/3860/2160 2055/3861/2161 2047/3851/2152
f 2049/3853/2154 2056/3862/2162 2057/3863/2163
f 2057/3863/2163 2040/3842/2164 2053/3859/2159
f 1936/3864/2165 2058/3865/2166 1937/3866/2167
f 1937/3866/2167 2059/3867/2168 2037/3868/2168
f 2060/3869/2169 2061/3870/2170 2039/3871/2171
f 2062/3872/2172 2063/3873/2173 2060/3869/2174
f 2039/3871/2171 2064/3874/2175 1936/3864/2165
f 2065/3875/2176 2058/3876/2177 2066/3877/2178
f 2045/3878/2179 2062/3879/2180 2060/3880/2181
f 2067/3881/2182 2063/3882/2183 1938/3701/2010
f 2066/3877/2178 2064/3883/2184 2068/3884/2185
f 2041/3885/2145 1939/3886/2186 2062/3872/2172
f 2050/3887/2187 2060/3880/2188 2039/3841/2189
f 2068/3884/2185 2061/3888/2190 2067/3881/2191
f 2066/3877/2178 2067/3881/2182 1940/3703/2012
f 2069/3889/2192 2070/3890/2193 2071/3891/2194
f 2072/3892/2195 2073/3893/2196 2074/3894/2197
f 2075/3895/2013 1941/3704/2013 2076/3896/2013
f 2077/3897/2198 2078/3898/2199 2079/3899/2200
f 2080/3900/2201 2081/3901/2013 2082/3902/2013
f 2083/3903/2202 2084/3904/2203 2080/3900/2201
f 2085/3905/2204 2086/3906/2205 2078/3898/2199
f 2087/3907/2013 2076/3896/2013 2088/3908/2013
f 2089/3909/2206 2079/3899/2200 2090/3910/2207
f 2091/3911/2208 2092/3912/2209 2093/3913/2210
f 2094/3914/2211 2089/3909/2206 2095/3915/2212
f 2096/3916/2213 2097/3917/2214 2085/3905/2204
f 2094/3914/2211 2085/3905/2204 2077/3897/2198
f 2098/3918/2215 2096/3916/2213 2094/3914/2211
f 2099/3919/2216 2100/3920/2217 2096/3916/2213
f 2098/3918/2215 2095/3915/2212 2091/3911/2208
f 2101/3921/2218 2102/3922/2218 2103/3923/2219
f 2104/3924/2220 2105/3925/2221 2106/3926/2222
f 2100/3920/2217 2106/3926/2222 2097/3917/2214
f 2107/3927/2223 2104/3924/2220 2100/3920/2217
f 2101/3928/2224 2108/3929/2039 2102/3930/2041
f 2102/3930/2041 2109/3931/2042 2103/3932/2043
f 2103/3933/2043 2110/3934/2044 2105/3935/2045
f 2081/3901/2013 2088/3908/2013 2082/3902/2013
f 2105/3935/2045 2111/3936/2046 2112/3937/2048
f 2111/3936/2046 2113/3938/2047 2112/3937/2048
f 2114/3939/2050 2115/3940/2225 2113/3938/2047
f 2115/3940/2225 2116/3941/2226 2083/3903/2202
f 2117/3942/2227 2080/3943/2228 2082/3944/2229
f 1941/3754/2056 2118/3945/2230 2076/3946/2231
f 2119/3947/2232 2082/3944/2229 2088/3948/2233
f 2120/3949/2234 2083/3950/2235 2080/3943/2228
f 2118/3945/2230 2088/3948/2233 2076/3946/2231
f 2121/3951/2236 2122/3952/2237 2123/3953/2238
f 2092/3954/2239 1991/3765/2013 2122/3955/2239
f 2091/3956/2240 2124/3957/2241 2098/3958/2242
f 2099/3959/2243 2124/3957/2241 2125/3960/2244
f 2099/3959/2243 2125/3960/2244 2107/3961/2245
f 2125/3962/2246 2126/3963/2247 2127/3964/2248
f 2128/3965/2249 2126/3963/2247 2124/3966/2250
f 2126/3963/2247 2129/3967/2251 2127/3964/2248
f 2126/3963/2247 2121/3951/2236 2130/3968/2252
f 2130/3968/2252 2131/3969/2253 2129/3967/2251
f 2130/3968/2252 2123/3953/2238 2132/3970/2254
f 2132/3970/2254 2133/3971/2255 2131/3969/2253
f 2123/3953/2238 2134/3972/2256 2132/3970/2254
f 2135/3973/2257 2136/3974/2258 2121/3951/2236
f 2092/3975/2259 2136/3976/2260 2093/3977/2261
f 2137/3978/2262 2136/3976/2263 2138/3979/2264
f 2128/3965/2249 2138/3980/2265 2135/3973/2257
f 2093/3981/2266 2128/3982/2267 2091/3956/2240
f 2122/3952/2237 1991/3983/2097 2008/3984/2096
f 2139/3985/2268 2140/3986/2268 2141/3987/2269
f 2129/3967/2251 2141/3987/2269 2142/3988/2270
f 2127/3964/2248 2142/3988/2270 2143/3989/2271
f 2142/3988/2270 2141/3987/2269 2144/3990/2272
f 2142/3988/2270 2145/3991/2273 2143/3989/2271
f 2127/3964/2248 2146/3992/2274 2125/3962/2246
f 2147/3993/2275 2143/3989/2271 2145/3991/2273
f 2144/3990/2272 2108/3994/2276 2145/3991/2273
f 2144/3990/2272 2110/3995/2277 2109/3996/2278
f 2145/3991/2273 2148/3997/2279 2147/3993/2275
f 2141/3987/2269 2149/3998/2280 2150/3999/2280
f 2146/4000/2281 2147/4001/2282 2151/4002/2282
f 2116/4003/2283 2152/4004/2284 2153/4005/2285
f 2152/4004/2284 2114/4006/2286 2153/4005/2285
f 2114/4006/2287 2111/4007/2288 2153/4005/2285
f 2081/4008/2289 2154/4009/2290 2087/4010/2291
f 2155/4011/2292 2156/4012/2293 2157/4013/2294
f 2084/4014/2295 2158/4015/2296 2081/4008/2289
f 2075/4016/2297 2028/3826/2125 2029/3828/2127
f 2087/4010/2291 2159/4017/2298 2075/4016/2297
f 2160/4018/2299 2161/4019/2299 2153/4005/2300
f 2113/4020/2301 2115/4021/2302 2162/4022/2303
f 2162/4022/2303 2086/3906/2205 2113/4020/2301
f 2086/3906/2205 2112/4023/2304 2113/4020/2301
f 2115/4021/2302 2083/3950/2235 2162/4022/2303
f 2106/3926/2222 2112/4023/2304 2086/3906/2205
f 2086/3906/2205 2097/3917/2214 2106/3926/2222
f 2106/3926/2222 2105/3925/2221 2112/4023/2305
f 2163/4024/2306 2122/3952/2307 2008/3984/2308
f 2090/3910/2207 2034/4025/2138 2089/3909/2206
f 2095/3915/2212 2089/3909/2206 2092/3912/2209
f 2092/3912/2209 2034/4025/2138 2164/4026/2309
f 2036/3838/2310 2165/4027/2310 2069/3889/2310
f 2071/3891/2311 2166/4028/2312 2167/4029/2313
f 2168/4030/2314 2169/4031/2315 2074/4032/2316
f 2170/4033/2317 2069/4034/2318 2071/4035/2319
f 2171/4036/2320 2172/4037/2321 2169/4031/2315
f 2173/4038/2322 2174/4039/2323 2175/4040/2324
f 2176/4041/2325 2167/4042/2326 2172/4037/2321
f 2177/4043/2327 2071/4035/2319 2167/4042/2326
f 2178/4044/2328 2036/3857/2158 2069/4034/2318
f 2179/4045/2329 2169/4031/2315 2168/4030/2330
f 2054/4046/2160 2175/4040/2324 2180/4047/2160
f 2181/4048/2331 2182/4049/2332 2174/4039/2323
f 2183/4050/2333 2168/4030/2330 2182/4049/2332
f 2070/4051/2334 2184/4052/2335 2185/4053/2336
f 2165/4054/2337 2059/3867/2168 2184/4052/2335
f 2186/4055/2338 2187/4056/2339 2188/4057/2340
f 2189/4058/2341 2188/4057/2340 2072/4059/2342
f 2166/4060/2343 2185/4053/2336 2187/4056/2339
f 2184/4061/2344 2065/3875/2176 2190/4062/2345
f 2172/4063/2346 2189/4064/2347 2169/4065/2348
f 2188/4066/2349 2191/4067/2350 2073/3893/2196
f 2185/4068/2351 2190/4062/2345 2192/4069/2352
f 2169/4070/2315 2072/4059/2342 2074/4071/2353
f 2167/4029/2313 2186/4072/2354 2172/4063/2346
f 2187/4073/2355 2192/4069/2352 2191/4067/2350
f 2191/4067/2350 2190/4062/2345 2074/3894/2356
f 2193/4074/2357 2179/4045/2329 2183/4050/2333
f 2194/4075/2358 2183/4050/2333 2181/4048/2331
f 2195/4076/2160 2173/4038/2322 2054/4046/2160
f 2196/4077/2359 2197/4078/2360 2198/4079/2360
f 2199/4080/2158 2178/4044/2328 2200/4081/2361
f 2201/4082/2362 2170/4033/2317 2177/4043/2327
f 2202/4083/2363 2177/4043/2327 2176/4041/2325
f 2203/4084/2364 2181/4048/2365 2173/4038/2322
f 2204/4085/2366 2176/4041/2325 2171/4036/2320
f 2205/4086/2367 2178/4044/2328 2170/4033/2317
f 2206/4087/2368 2053/3859/2159 2207/4088/2369
f 2208/4089/2370 2057/3863/2163 2206/4087/2368
f 2195/4090/2160 2047/3851/2152 2209/4091/2371
f 2210/4092/2372 2211/4093/2372 2207/4088/2369
f 2043/3847/2148 2199/4080/2158 2212/4094/2373
f 2213/4095/2374 2042/3845/2146 2214/4096/2375
f 2215/4097/2376 2051/3855/2156 2213/4095/2374
f 2209/4091/2371 2049/3853/2154 2208/4089/2370
f 2216/4098/2377 2046/3850/2151 2215/4097/2376
f 2214/4096/2375 2043/3847/2148 2212/4094/2373
f 1986/3757/2059 2212/4094/2373 1984/3755/2057
f 2032/3832/2133 2215/4097/2376 1987/3760/2062
f 2035/3837/2139 2208/4089/2370 1956/3719/2022
f 1987/3760/2062 2213/4095/2374 1983/3752/2054
f 1983/3752/2054 2214/4096/2375 1986/3757/2059
f 2212/4094/2373 1985/3756/2058 1984/3755/2057
f 1951/3714/2019 2216/4098/2377 2032/3832/2133
f 2217/4099/2378 2209/4091/2371 2035/3837/2139
f 1956/3719/2022 2206/4087/2368 1945/3708/2015
f 1945/3708/2015 2207/4088/2369 1951/3714/2019
f 2119/3947/2232 2200/4081/2361 2205/4086/2367
f 2162/4022/2303 2202/4083/2363 2204/4085/2366
f 2090/3910/2207 2194/4075/2358 2203/4084/2364
f 2120/3949/2234 2201/4082/2362 2202/4083/2363
f 2117/3942/2227 2205/4086/2367 2201/4082/2362
f 1985/3756/2058 2200/4081/2361 2118/3945/2230
f 2086/3906/2205 2204/4085/2366 2196/4077/2359
f 2217/4100/2378 2203/4084/2364 2195/4076/2160
f 2079/3899/2200 2193/4074/2379 2194/4075/2358
f 2078/3898/2199 2196/4077/2359 2193/4074/2357
f 2156/4101/2380 2218/4102/2381 2219/4103/2382
f 2220/4104/2380 2221/4105/2381 2025/4106/2383
f 2222/4107/2384 2223/4108/2385 2224/4109/2385
f 2225/4110/2384 2226/4111/2386 2227/4112/2387
f 2228/4113/2388 2229/4114/2389 2198/4115/2390
f 2230/4116/2388 2231/4117/2389 2019/4118/2391
f 2232/4119/2392 2233/4120/2385 2234/4121/2384
f 2235/4122/2392 2236/4123/2385 2237/4124/2393
f 2238/4125/2394 2239/4126/2395 2240/4127/2396
f 2241/4128/2394 2242/4129/2395 2010/4130/2397
f 2229/4114/2389 2149/4131/2398 2243/4132/2399
f 2231/4117/2389 2020/4133/2400 2019/4118/2389
f 2244/4134/2401 2245/4135/2402 2246/4136/2395
f 2247/4137/2401 2248/4138/2402 2249/4139/2403
f 2250/4140/2404 2251/4141/2405 2252/4142/2405
f 2253/4143/2406 2254/4144/2406 2133/3971/2407
f 2255/4145/2408 2256/4146/2409 2257/4147/2410
f 2258/4148/2408 2259/4149/2411 2260/4150/2412
f 2261/4151/2413 2262/4152/2413 2196/4077/2359
f 2263/4153/2316 2264/4154/2316 2265/4155/2316
f 2266/4156/2413 2267/4157/2413 2171/4036/2320
f 2268/4158/2395 2269/4159/2414 2270/4160/2402
f 2271/4161/2395 2272/4162/2415 2273/4163/2395
f 2274/4164/2416 2275/4165/2382 2276/4166/2417
f 2277/4167/2416 2278/4168/2382 2279/4169/2418
f 2280/4170/2419 2197/4171/2420 2281/4172/2421
f 2282/4173/2419 2283/4174/2420 2284/4175/2422
f 2264/4176/2408 2285/4177/2410 2286/4178/2410
f 2287/4179/2408 2288/4180/2423 2289/4181/2424
f 2257/4147/2410 2290/4182/2387 2291/4183/2384
f 2292/4184/2410 2293/4185/2425 2259/4149/2409
f 2243/4132/2399 2294/4186/2426 2295/4187/2408
f 2211/4188/2399 2296/4189/2427 2020/4133/2398
f 2297/4190/2428 2281/4191/2421 2245/4135/2402
f 2249/4139/2428 2298/4192/2421 2282/4173/2429
f 2299/4193/2430 2300/4194/2013 2301/4195/2385
f 2302/4196/2430 2303/4197/2013 2304/4198/2431
f 2305/4199/2402 2306/4200/2432 2307/4201/2421
f 2308/4202/2402 2309/4203/2433 2011/4204/2414
f 2310/4205/2384 2311/4206/2434 2312/4207/2385
f 2313/4208/2384 2314/4209/2435 2315/4210/2436
f 2316/4211/2437 2317/4212/2013 2233/4120/2385
f 2237/4124/2437 2318/4213/2013 2319/4214/2438
f 2320/4215/2439 2321/4216/2396 2322/4217/2381
f 2323/4218/2439 2324/4219/2396 2325/4220/2440
f 2326/4221/2441 2289/4222/2442 2022/3814/2113
f 2327/4223/2421 2328/4224/2443 2329/4225/2420
f 2330/4226/2421 2331/4227/2444 2332/4228/2445
f 2333/4229/2446 2322/4217/2447 2334/4230/2382
f 2335/4231/2446 2336/4232/2381 2323/4218/2448
f 2337/4233/2449 2276/4166/2417 2300/4194/2013
f 2304/4198/2449 2338/4234/2417 2277/4167/2450
f 2339/4235/2451 2340/4236/2421 2265/4237/2402
f 2341/4238/2451 2342/4239/2421 2343/4240/2452
f 2344/4241/2399 2345/4242/2412 2346/4243/2408
f 2347/4244/2399 2348/4245/2453 2349/4246/2398
f 2350/4247/2454 2267/4248/2417 2266/4249/2013
f 2351/4250/2455 2352/4251/2417 2353/4252/2456
f 2270/4160/2402 2354/4253/2445 2327/4223/2421
f 2355/4254/2402 2332/4228/2457 2272/4162/2414
f 2307/4201/2421 2356/4255/2458 2357/4256/2420
f 2358/4257/2421 2359/4258/2459 2309/4203/2432
f 2360/4259/2420 2361/4260/2460 2362/4261/2390
f 2363/4262/2420 2364/4263/2461 2365/4264/2443
f 2366/4265/2462 2334/4230/2382 2267/4248/2417
f 2353/4252/2463 2367/4266/2382 2335/4231/2464
f 2368/4267/2465 2116/4003/2466 2153/4005/2467
f 2369/4268/2468 2246/4136/2395 2370/4269/2396
f 2371/4270/2468 2372/4271/2395 2247/4137/2469
f 2292/4272/2372 2053/3859/2159 2373/4273/2372
f 2374/4274/2470 2375/4275/2470 2053/3859/2159
f 2376/4276/2372 2355/4277/2372 2271/4278/2372
f 2377/4279/2471 2265/4237/2402 2378/4280/2395
f 2379/4281/2471 2380/4282/2402 2341/4238/2472
f 2381/4283/2399 2250/4284/2412 2255/4145/2408
f 2382/4285/2399 2260/4150/2453 2383/4286/2398
f 2384/4287/2454 2385/4288/2417 2317/4212/2013
f 2319/4214/2454 2386/4289/2417 2387/4290/2473
f 2312/4207/2385 2388/4291/2474 2389/4292/2013
f 2390/4293/2385 2391/4294/2475 2314/4209/2434
f 2392/4295/2476 2268/4158/2395 2393/4296/2396
f 2026/4297/2476 2271/4161/2395 2273/4163/2395
f 2362/4261/2390 2252/4298/2477 2394/4299/2389
f 2395/4300/2390 2396/4301/2478 2364/4263/2460
f 2161/4302/2417 2397/4303/2382 2398/4304/2417
f 2399/4305/2417 2400/4306/2382 2401/4307/2479
f 2261/4308/2390 2402/4309/2477 2262/4310/2389
f 2403/4311/2390 2404/4312/2478 2405/4313/2460
f 2389/4292/2013 2161/4302/2417 2398/4304/2417
f 2406/4314/2013 2399/4305/2417 2391/4294/2474
f 2407/4315/2480 2370/4269/2396 2408/4316/2381
f 2031/4317/2480 2409/4318/2396 2371/4270/2481
f 2295/4187/2408 2410/4319/2482 2411/4320/2410
f 2210/4321/2408 2412/4322/2483 2296/4189/2426
f 2340/4236/2421 2413/4323/2443 2360/4324/2420
f 2342/4239/2421 2365/4325/2484 2343/4240/2421
f 2414/4326/2410 2253/4327/2387 2222/4107/2485
f 2415/4328/2410 2227/4112/2425 2416/4329/2409
f 2417/4330/2389 2368/4331/2486 2263/4332/2399
f 2418/4333/2389 2326/4334/2487 2419/4335/2488
f 2420/4336/2489 2421/4337/2381 2275/4165/2382
f 2279/4169/2489 2422/4338/2381 2423/4339/2490
f 2160/4340/2491 2408/4316/2381 2397/4303/2382
f 2401/4307/2491 2424/4341/2381 2031/4317/2492
f 2411/4320/2410 2425/4342/2436 2310/4205/2384
f 2426/4343/2410 2315/4210/2493 2412/4322/2482
f 2394/4299/2389 2427/4344/2398 2344/4241/2399
f 2373/4345/2389 2349/4246/2494 2396/4301/2477
f 2428/4346/2495 2240/4127/2396 2421/4337/2381
f 2423/4339/2495 2429/4347/2396 2241/4128/2496
f 2430/4348/2390 2431/4349/2497 2417/4330/2389
f 2432/4350/2390 2419/4335/2498 2433/4351/2499
f 2291/4183/2384 2299/4193/2430 2301/4195/2385
f 2434/4352/2384 2302/4196/2500 2293/4185/2387
f 2346/4243/2408 2254/4353/2409 2414/4326/2410
f 2435/4354/2408 2416/4329/2411 2348/4245/2412
f 2436/4355/2501 2198/4115/2390 2197/4171/2420
f 2284/4175/2501 2437/4356/2390 2230/4116/2502
f 2438/4357/2503 2219/4103/2382 2385/4288/2417
f 2387/4290/2503 2439/4358/2382 2220/4104/2504
f 2357/4359/2420 2440/4360/2460 2261/4308/2390
f 2441/4361/2420 2405/4313/2461 2359/4362/2443
f 2285/4177/2410 2234/4121/2384 2286/4178/2410
f 2288/4180/2410 2442/4363/2384 2235/4122/2505
f 2223/4108/2385 2266/4249/2013 2224/4109/2385
f 2226/4111/2385 2374/4364/2013 2351/4250/2506
f 2262/4310/2389 2251/4365/2398 2381/4283/2399
f 2443/4366/2389 2383/4286/2494 2404/4312/2477
f 2323/4367/2507 2325/4368/2507 2444/4369/2508
f 2227/4370/2509 2226/4371/2509 2001/3783/2510
f 2140/4372/2511 2305/4199/2512 2239/4126/2395
f 2010/4130/2511 2308/4202/2402 2011/4204/2414
f 2155/4373/2513 2393/4296/2396 2218/4102/2381
f 2025/4106/2513 2445/4374/2396 2026/4297/2514
f 2329/4375/2420 2446/4376/2499 2430/4348/2390
f 2447/4377/2420 2433/4351/2515 2331/4378/2443
f 2448/4379/2468 2378/4280/2395 2321/4216/2396
f 2325/4220/2468 2449/4380/2395 2379/4281/2516
f 2263/4332/2399 2450/4381/2424 2264/4176/2408
f 2451/4382/2399 2289/4181/2517 2326/4334/2486
f 1935/3698/2518 2038/3840/2519 1936/3699/2008
f 1938/3701/2010 2063/3882/2520 1939/3702/2521
f 1941/3704/2013 2029/4383/2013 1942/3705/2013
f 1944/3707/2023 1956/3719/2022 1945/3708/2015
f 1947/3710/2017 1975/3743/2013 1948/3711/2013
f 1949/3712/2017 1981/3749/2051 1950/3713/2018
f 1946/3709/2016 1945/3708/2015 1951/3714/2019
f 1943/3706/2013 1942/3705/2013 1953/3716/2013
f 1955/3718/2021 2035/3837/2139 1956/3719/2022
f 1957/3720/2024 2005/4384/2522 1958/3721/2025
f 1955/3718/2021 1944/3707/2023 1960/3723/2027
f 1961/3724/2028 1946/3709/2016 1952/3715/2020
f 1960/3723/2027 1944/3707/2023 1946/3709/2016
f 1963/3726/2033 1960/3723/2027 1961/3724/2028
f 1964/3727/2031 1961/3724/2028 1962/3725/2029
f 1959/3722/2026 1960/3723/2027 1963/3726/2033
f 2021/4385/2523 1970/3733/2037 1968/3731/2035
f 1970/3733/2037 1966/3729/2034 1968/3731/2035
f 1969/3732/2036 1966/3729/2034 1970/3733/2037
f 1971/3734/2038 1970/3733/2037 1962/3725/2029
f 1970/3733/2037 2021/4385/2523 1965/3728/2032
f 1972/3735/2039 2018/4386/2524 1968/3736/2040
f 1973/3738/2042 1972/3735/2039 1967/3737/2041
f 1974/3740/2044 1973/4387/2042 1966/3741/2043
f 1954/3717/2013 1953/3716/2013 1948/3711/2013
f 1969/3742/2045 1978/3746/2048 1976/3744/2046
f 1977/3745/2047 1980/3748/2050 1976/3744/2046
f 1979/3747/2049 1982/3750/2052 1980/3748/2050
f 1979/3747/2049 1950/3713/2018 1981/3749/2051
f 1947/3751/2053 1987/3760/2062 1983/3752/2054
f 1941/3754/2056 1943/3761/2063 1984/3755/2057
f 1975/3753/2055 1983/3752/2054 1986/3757/2059
f 1950/3759/2061 2032/3832/2133 1987/3760/2062
f 1954/3758/2060 1986/3757/2059 1984/3755/2057
f 1988/3762/2064 2004/3786/2087 1989/3763/2065
f 1991/3765/2013 2164/4388/2013 1958/3766/2067
f 1992/3768/2068 1995/3794/2095 1957/3769/2069
f 1964/3771/2071 1993/3773/2073 1992/3768/2068
f 1993/3774/2074 1997/3779/2080 1994/3775/2075
f 1994/3775/2075 1998/3780/2081 1995/3777/2077
f 1996/3778/2525 2000/3782/2083 1994/3775/2075
f 1994/3775/2075 2000/3782/2083 1989/3763/2065
f 1999/3781/2082 2002/3784/2526 2000/3782/2083
f 2000/3782/2083 2002/3784/2526 1990/3764/2066
f 2001/3783/2510 2003/3785/2527 2002/3784/2526
f 2003/3785/2086 2033/3835/2528 1990/3764/2066
f 2004/3786/2087 2007/3791/2092 1998/3780/2081
f 2004/3787/2088 1988/4389/2089 1958/3788/2089
f 2006/3790/2091 2007/4390/2529 2004/3787/2530
f 1995/3777/2077 1998/3780/2081 2007/3791/2092
f 2005/3793/2094 1957/3769/2069 1995/3794/2095
f 2404/4391/2531 1999/3781/2082 2405/4392/2532
f 1999/3781/2082 2009/3798/2098 2011/3800/2533
f 2405/4392/2532 1999/3781/2082 2359/4393/2532
f 2444/4369/2534 2279/4394/2535 2423/4395/2536
f 2009/3798/2098 2444/4369/2534 2423/4395/2533
f 2359/4393/2532 1999/3781/2082 2309/4396/2535
f 2309/4396/2537 1999/3781/2082 2011/3800/2533
f 2009/3798/2098 2423/4395/2538 2241/4397/2538
f 2009/3798/2098 2241/4397/2533 2010/3799/2533
f 1996/3778/2079 2012/3801/2100 2009/3798/2098
f 1997/3779/2080 2015/3804/2103 2012/3801/2100
f 2014/3803/2102 2013/3802/2107 2012/3801/2100
f 2016/3805/2104 2015/3804/2103 1997/3779/2080
f 2017/3806/2105 2014/3803/2102 2015/3804/2103
f 1972/3807/2106 1973/4398/2539 2013/3802/2101
f 2013/3802/2101 1973/4398/2539 1974/3808/2108
f 2018/3809/2540 1972/3807/2106 2014/3803/2102
f 2009/3798/2098 1974/3808/2108 1976/4399/2116
f 1976/4399/2116 2249/4400/2541 2282/4401/2542
f 1976/4399/2116 2282/4401/2542 2009/3798/2098
f 2282/4401/2542 2284/4402/2543 2009/3798/2098
f 2315/4403/2110 2314/4404/2544 2444/4369/2534
f 2412/4405/2542 2315/4403/2542 2444/4369/2534
f 2009/3798/2098 2284/4402/2543 2230/4406/2542
f 2296/4407/2542 2412/4405/2542 2444/4369/2534
f 2020/3811/2110 2296/4407/2110 2444/4369/2534
f 2009/3798/2098 2230/4406/2542 2019/3810/2542
f 2020/3811/2110 2444/4369/2534 2009/3798/2098
f 2021/3812/2111 1968/3736/2040 2017/4408/2111
f 1968/3736/2040 2018/4386/2524 2017/4408/2111
f 2017/4408/2111 2016/4409/2545 2021/3812/2111
f 2016/4409/2545 1993/3773/2073 2021/3812/2111
f 2023/3818/2117 2027/3824/2123 1948/3819/2118
f 1981/3813/2112 1949/3825/2124 2272/4410/2121
f 1949/3825/2124 2024/3821/2120 2026/3823/2122
f 2024/3821/2120 2237/4411/2546 2319/4412/2121
f 2024/3821/2120 2319/4412/2121 2387/4413/2121
f 2272/4410/2121 2332/4414/2547 1981/3813/2112
f 2273/4415/2121 2272/4410/2121 1949/3825/2124
f 2024/3821/2120 2387/4413/2121 2220/4416/2121
f 2024/3821/2120 2220/4416/2121 2025/3822/2121
f 2026/3823/2122 2273/4415/2121 1949/3825/2124
f 2027/3824/2123 2024/3821/2120 1949/3825/2124
f 2028/3826/2125 2030/3829/2128 1942/3827/2129
f 2030/3829/2128 2023/3818/2117 1953/3820/2119
f 2022/3814/2113 2444/4417/2534 2314/4418/2544
f 2022/3814/2113 2314/4418/2544 2391/4419/2548
f 2247/4420/2549 2249/4421/2541 1976/3817/2116
f 2371/4422/2131 2247/4420/2131 1976/3817/2116
f 2022/3814/2113 2391/4419/2550 2399/4423/2550
f 2022/3814/2113 2399/4423/2549 2401/4424/2549
f 2031/3830/2551 2371/4422/2551 1976/3817/2116
f 2022/3814/2552 2401/4424/2549 2031/3830/2550
f 1988/3762/2064 1990/3764/2066 2033/3835/2528
f 2034/3836/2138 2217/4099/2378 2035/3837/2139
f 1958/3721/2025 2164/4425/2309 2034/3836/2138
f 2036/3838/2140 1935/3698/2140 1937/3700/2140
f 2038/3840/2553 2050/3887/2554 2039/3841/2189
f 2042/3845/2146 2038/3856/2157 1935/3846/2147
f 2044/3848/2149 2041/3844/2145 2045/3849/2555
f 2047/3851/2152 2055/3861/2161 2048/3852/2153
f 2046/3850/2151 2045/3849/2150 2050/3854/2155
f 2051/3855/2156 2050/3854/2155 2038/3856/2157
f 2043/3847/2148 1935/3846/2147 2036/3857/2158
f 2053/3859/2159 2040/3842/2164 2041/3844/2145
f 2054/3860/2160 2180/4426/2160 2055/3861/2161
f 2049/3853/2154 2048/3852/2153 2056/3862/2162
f 2057/3863/2163 2056/3862/2162 2040/3842/2164
f 1936/3864/2165 2064/3874/2175 2058/3865/2166
f 1937/3866/2167 2058/3865/2166 2059/3867/2168
f 2060/3869/2174 2063/3873/2173 2061/3870/2170
f 2062/3872/2172 1939/3886/2186 2063/3873/2173
f 2039/3871/2171 2061/3870/2170 2064/3874/2175
f 2065/3875/2556 2059/4427/2557 2058/3876/2558
f 2045/3878/2179 2041/4428/2559 2062/3879/2560
f 2067/3881/2182 2061/3888/2561 2063/3882/2520
f 2066/3877/2178 2058/3876/2562 2064/3883/2563
f 2041/3885/2145 1940/4429/2372 1939/3886/2186
f 2050/3887/2564 2045/3878/2179 2060/3880/2565
f 2068/3884/2185 2064/3883/2566 2061/3888/2561
f 2048/4430/2567 2055/4431/2567 2056/4432/2567
f 2055/4431/2568 2180/4433/2568 2040/4434/2568
f 2056/4432/2568 2055/4431/2568 2040/4434/2568
f 2180/4433/2568 2065/3875/2569 1940/3703/2570
f 2065/3875/2569 2066/3877/2178 1940/3703/2012
f 2066/3877/2178 2068/3884/2185 2067/3881/2182
f 2067/3881/2182 1938/3701/2010 1940/3703/2571
f 1940/3703/2012 2040/4434/2568 2180/4433/2568
f 2069/3889/2572 2165/4027/2573 2070/3890/2193
f 2072/3892/2574 2188/4066/2575 2073/3893/2196
f 2075/3895/2013 2029/4383/2013 1941/3704/2013
f 2077/3897/2576 2085/3905/2204 2078/3898/2199
f 2080/3900/2201 2084/3904/2203 2081/3901/2013
f 2083/3903/2202 2116/3941/2577 2084/3904/2578
f 2085/3905/2204 2097/3917/2214 2086/3906/2205
f 2087/3907/2013 2075/3895/2013 2076/3896/2013
f 2089/3909/2206 2077/3897/2198 2079/3899/2200
f 2091/3911/2208 2095/3915/2212 2092/3912/2209
f 2094/3914/2211 2077/3897/2198 2089/3909/2206
f 2096/3916/2213 2100/3920/2217 2097/3917/2214
f 2094/3914/2211 2096/3916/2213 2085/3905/2204
f 2098/3918/2215 2099/3919/2216 2096/3916/2213
f 2099/3919/2216 2107/3927/2223 2100/3920/2217
f 2098/3918/2215 2094/3914/2211 2095/3915/2212
f 2103/3923/2219 2104/3924/2220 2101/3921/2218
f 2104/3924/2220 2151/4435/2579 2101/3921/2218
f 2104/3924/2220 2103/3923/2219 2105/3925/2221
f 2100/3920/2217 2104/3924/2220 2106/3926/2222
f 2107/3927/2223 2151/4435/2579 2104/3924/2220
f 2101/3928/2224 2148/4436/2580 2108/3929/2039
f 2102/3930/2041 2108/3929/2039 2109/3931/2042
f 2103/3933/2043 2109/4437/2042 2110/3934/2044
f 2081/3901/2013 2087/3907/2013 2088/3908/2013
f 2105/3935/2045 2110/3934/2044 2111/3936/2046
f 2111/3936/2046 2114/3939/2050 2113/3938/2047
f 2114/3939/2050 2152/4438/2581 2115/3940/2225
f 2115/3940/2225 2152/4438/2581 2116/3941/2226
f 2117/3942/2227 2120/3949/2234 2080/3943/2228
f 1941/3754/2056 1985/3756/2058 2118/3945/2230
f 2119/3947/2232 2117/3942/2227 2082/3944/2229
f 2120/3949/2234 2162/4022/2303 2083/3950/2235
f 2118/3945/2230 2119/3947/2232 2088/3948/2233
f 2121/3951/2236 2136/3974/2258 2122/3952/2237
f 2092/3954/2239 2164/4388/2013 1991/3765/2013
f 2091/3956/2240 2128/3982/2267 2124/3957/2241
f 2099/3959/2243 2098/3958/2242 2124/3957/2241
f 2125/3962/2246 2124/3966/2250 2126/3963/2247
f 2128/3965/2249 2135/3973/2257 2126/3963/2247
f 2126/3963/2247 2130/3968/2252 2129/3967/2251
f 2126/3963/2247 2135/3973/2257 2121/3951/2236
f 2130/3968/2252 2132/3970/2254 2131/3969/2253
f 2130/3968/2252 2121/3951/2236 2123/3953/2238
f 2132/3970/2254 2134/3972/2582 2133/3971/2407
f 2123/3953/2583 2163/4024/2306 2134/3972/2584
f 2135/3973/2257 2138/3980/2265 2136/3974/2258
f 2092/3975/2259 2122/4439/2259 2136/3976/2260
f 2137/3978/2585 2093/3977/2261 2136/3976/2260
f 2128/3965/2249 2137/4440/2586 2138/3980/2265
f 2093/3981/2266 2137/4441/2266 2128/3982/2267
f 2141/3987/2269 2131/3969/2253 2139/3985/2587
f 2131/3969/2253 2402/4442/2588 2440/4443/2589
f 2131/3969/2253 2440/4443/2589 2356/4444/2590
f 2428/4445/2589 2420/4446/2589 2452/4447/2591
f 2428/4445/2587 2452/4447/2591 2141/3987/2269
f 2131/3969/2253 2356/4444/2590 2306/4448/2592
f 2131/3969/2253 2306/4448/2587 2139/3985/2587
f 2238/4449/2589 2428/4445/2589 2141/3987/2269
f 2140/3986/2587 2238/4449/2587 2141/3987/2269
f 2129/3967/2251 2131/3969/2253 2141/3987/2269
f 2127/3964/2248 2129/3967/2251 2142/3988/2270
f 2142/3988/2270 2144/3990/2272 2145/3991/2273
f 2127/3964/2248 2143/3989/2271 2146/3992/2274
f 2147/3993/2275 2146/3992/2274 2143/3989/2271
f 2144/3990/2272 2109/3996/2278 2108/3994/2276
f 2144/3990/2272 2141/3987/2269 2110/3995/2277
f 2145/3991/2273 2108/3994/2276 2148/3997/2593
f 2452/4447/2591 2311/4450/2594 2425/4451/2595
f 2452/4447/2591 2425/4451/2280 2410/4452/2280
f 2111/4007/2288 2110/3995/2277 2141/3987/2269
f 2280/4453/2595 2297/4454/2596 2111/4007/2288
f 2436/4455/2597 2280/4453/2595 2141/3987/2269
f 2280/4453/2595 2111/4007/2288 2141/3987/2269
f 2452/4447/2591 2410/4452/2280 2294/4456/2280
f 2452/4447/2591 2294/4456/2595 2149/3998/2595
f 2228/4457/2595 2436/4455/2597 2141/3987/2269
f 2141/3987/2269 2452/4447/2591 2149/3998/2280
f 2150/3999/2595 2228/4457/2595 2141/3987/2269
f 2148/4436/2580 2101/3928/2224 2147/4001/2282
f 2101/3928/2224 2151/4002/2282 2147/4001/2282
f 2151/4002/2282 2107/3961/2245 2125/3960/2244
f 2125/3960/2244 2146/4000/2281 2151/4002/2282
f 2081/4008/2289 2158/4015/2296 2154/4009/2290
f 2157/4013/2294 2084/4014/2295 2392/4458/2293
f 2084/4014/2295 2116/4003/2283 2269/4459/2292
f 2157/4013/2294 2392/4458/2293 2155/4011/2292
f 2116/4003/2283 2354/4460/2598 2269/4459/2292
f 2269/4459/2292 2453/4461/2292 2084/4014/2295
f 2384/4462/2293 2316/4463/2599 2157/4013/2294
f 2438/4464/2293 2384/4462/2293 2157/4013/2294
f 2453/4461/2292 2392/4458/2293 2084/4014/2295
f 2156/4012/2293 2438/4464/2293 2157/4013/2294
f 2084/4014/2295 2157/4013/2294 2158/4015/2296
f 2075/4016/2297 2159/4017/2600 2028/3826/2125
f 2087/4010/2291 2154/4009/2290 2159/4017/2298
f 2111/4007/2288 2297/4454/2596 2244/4465/2601
f 2111/4007/2288 2244/4465/2602 2369/4466/2602
f 2311/4450/2594 2452/4447/2591 2153/4005/2285
f 2388/4467/2603 2311/4450/2594 2153/4005/2285
f 2111/4007/2288 2369/4466/2602 2407/4468/2602
f 2153/4005/2300 2111/4007/2288 2407/4468/2601
f 2161/4019/2601 2388/4467/2601 2153/4005/2285
f 2153/4005/2285 2407/4468/2602 2160/4018/2602
f 2163/4024/2306 2123/3953/2238 2122/3952/2237
f 2090/3910/2207 2217/4100/2378 2034/4025/2138
f 2092/3912/2209 2089/3909/2206 2034/4025/2138
f 2036/3838/2310 2037/3839/2310 2165/4027/2310
f 2071/3891/2604 2070/3890/2605 2166/4028/2606
f 2170/4033/2317 2178/4044/2328 2069/4034/2318
f 2171/4036/2320 2176/4041/2325 2172/4037/2321
f 2173/4038/2322 2181/4048/2331 2174/4039/2323
f 2176/4041/2325 2177/4043/2327 2167/4042/2326
f 2177/4043/2327 2170/4033/2317 2071/4035/2319
f 2178/4044/2328 2052/3858/2158 2036/3857/2158
f 2179/4045/2329 2171/4036/2320 2169/4031/2315
f 2054/4046/2160 2173/4038/2322 2175/4040/2324
f 2181/4048/2607 2183/4050/2333 2182/4049/2332
f 2183/4050/2333 2179/4045/2329 2168/4030/2330
f 2070/4051/2334 2165/4054/2337 2184/4052/2335
f 2165/4054/2337 2037/3868/2168 2059/3867/2168
f 2186/4055/2608 2166/4060/2343 2187/4056/2339
f 2189/4058/2341 2186/4055/2338 2188/4057/2340
f 2166/4060/2343 2070/4051/2334 2185/4053/2336
f 2184/4061/2609 2059/4427/2610 2065/3875/2556
f 2172/4063/2611 2186/4072/2612 2189/4064/2613
f 2188/4066/2349 2187/4073/2614 2191/4067/2350
f 2185/4068/2615 2184/4061/2351 2190/4062/2345
f 2169/4070/2315 2189/4058/2341 2072/4059/2342
f 2167/4029/2616 2166/4028/2606 2186/4072/2354
f 2187/4073/2614 2185/4068/2617 2192/4069/2352
f 2180/4433/2568 2175/4469/2568 2168/4470/2568
f 2175/4469/2618 2174/4471/2618 2182/4472/2618
f 2168/4470/2619 2175/4469/2619 2182/4472/2619
f 2168/4470/2568 2074/3894/2197 2180/4433/2568
f 2074/3894/2356 2073/3893/2196 2191/4067/2350
f 2180/4433/2568 2074/3894/2197 2065/3875/2556
f 2191/4067/2350 2192/4069/2352 2190/4062/2345
f 2190/4062/2620 2065/3875/2569 2074/3894/2197
f 2193/4074/2357 2196/4077/2359 2179/4045/2329
f 2194/4075/2358 2193/4074/2357 2183/4050/2333
f 2195/4076/2160 2203/4084/2364 2173/4038/2322
f 2204/4085/2366 2370/4473/2413 2246/4474/2413
f 2204/4085/2366 2246/4474/2621 2245/4475/2621
f 2243/4476/2413 2295/4477/2413 2196/4077/2359
f 2229/4478/2413 2243/4476/2413 2196/4077/2359
f 2204/4085/2366 2245/4475/2413 2281/4479/2413
f 2204/4085/2366 2281/4479/2353 2197/4078/2353
f 2198/4079/2622 2229/4478/2622 2196/4077/2359
f 2196/4077/2359 2204/4085/2366 2197/4078/2413
f 2199/4080/2158 2052/3858/2158 2178/4044/2328
f 2201/4082/2362 2205/4086/2367 2170/4033/2317
f 2202/4083/2363 2201/4082/2362 2177/4043/2327
f 2203/4084/2364 2194/4075/2358 2181/4048/2331
f 2204/4085/2366 2202/4083/2363 2176/4041/2325
f 2205/4086/2367 2200/4081/2361 2178/4044/2328
f 2206/4087/2368 2057/3863/2163 2053/3859/2159
f 2208/4089/2370 2049/3853/2154 2057/3863/2163
f 2195/4090/2160 2054/3860/2160 2047/3851/2152
f 2207/4088/2369 2053/3859/2159 2258/4480/2372
f 2207/4088/2369 2258/4480/2372 2382/4481/2372
f 2372/4482/2372 2409/4483/2372 2216/4098/2377
f 2248/4484/2623 2372/4482/2623 2216/4098/2377
f 2207/4088/2369 2382/4481/2372 2443/4485/2372
f 2207/4088/2369 2443/4485/2372 2403/4486/2372
f 2298/4487/2372 2248/4484/2372 2216/4098/2377
f 2283/4488/2624 2298/4487/2624 2216/4098/2377
f 2207/4088/2369 2403/4486/2372 2441/4489/2372
f 2207/4088/2369 2441/4489/2372 2358/4490/2372
f 2283/4488/2372 2216/4098/2377 2207/4088/2369
f 2437/4491/2625 2283/4488/2625 2207/4088/2369
f 2207/4088/2369 2358/4490/2372 2308/4492/2372
f 2242/4493/2372 2429/4494/2372 2426/4495/2372
f 2207/4088/2369 2308/4492/2372 2210/4092/2372
f 2308/4492/2372 2242/4493/2372 2210/4092/2372
f 2210/4092/2372 2242/4493/2372 2426/4495/2372
f 2231/4496/2626 2437/4491/2626 2207/4088/2369
f 2211/4093/2372 2231/4496/2372 2207/4088/2369
f 2043/3847/2148 2052/3858/2158 2199/4080/2158
f 2213/4095/2374 2051/3855/2156 2042/3845/2146
f 2215/4097/2376 2046/3850/2151 2051/3855/2156
f 2209/4091/2371 2047/3851/2152 2049/3853/2154
f 2216/4098/2377 2044/3848/2149 2046/3850/2151
f 2214/4096/2375 2042/3845/2146 2043/3847/2148
f 1986/3757/2059 2214/4096/2375 2212/4094/2373
f 2032/3832/2133 2216/4098/2377 2215/4097/2376
f 2035/3837/2139 2209/4091/2371 2208/4089/2370
f 1987/3760/2062 2215/4097/2376 2213/4095/2374
f 1983/3752/2054 2213/4095/2374 2214/4096/2375
f 2212/4094/2373 2199/4080/2158 1985/3756/2058
f 1951/3714/2019 2207/4088/2369 2216/4098/2377
f 2217/4099/2378 2195/4090/2160 2209/4091/2371
f 1956/3719/2022 2208/4089/2370 2206/4087/2627
f 1945/3708/2015 2206/4087/2368 2207/4088/2369
f 2119/3947/2232 2118/3945/2230 2200/4081/2361
f 2162/4022/2303 2120/3949/2234 2202/4083/2363
f 2090/3910/2207 2079/3899/2200 2194/4075/2358
f 2120/3949/2234 2117/3942/2227 2201/4082/2362
f 2117/3942/2227 2119/3947/2232 2205/4086/2367
f 1985/3756/2058 2199/4080/2158 2200/4081/2361
f 2086/3906/2205 2162/4022/2303 2204/4085/2366
f 2217/4100/2378 2090/3910/2207 2203/4084/2364
f 2079/3899/2200 2078/3898/2199 2193/4074/2357
f 2078/3898/2199 2086/3906/2205 2196/4077/2359
f 2156/4101/2628 2155/4373/2629 2218/4102/2381
f 2220/4104/2380 2439/4358/2382 2221/4105/2381
f 2222/4107/2384 2253/4327/2630 2223/4108/2385
f 2225/4110/2384 2375/4497/2385 2226/4111/2385
f 2228/4113/2631 2150/4498/2389 2229/4114/2389
f 2230/4116/2388 2437/4356/2390 2231/4117/2389
f 2232/4119/2632 2316/4211/2437 2233/4120/2385
f 2235/4122/2392 2442/4363/2384 2236/4123/2385
f 2238/4125/2633 2140/4372/2511 2239/4126/2395
f 2241/4128/2394 2429/4347/2396 2242/4129/2395
f 2229/4114/2389 2150/4498/2634 2149/4131/2398
f 2231/4117/2389 2211/4188/2399 2020/4133/2398
f 2244/4134/2635 2297/4190/2428 2245/4135/2402
f 2247/4137/2401 2372/4271/2395 2248/4138/2402
f 2452/4447/2591 2420/4446/2636 2448/4499/2637
f 2420/4446/2638 2274/4500/2639 2377/4501/2640
f 2448/4499/2641 2420/4446/2636 2377/4501/2642
f 2274/4500/2639 2337/4502/2643 2339/4503/2643
f 2320/4504/2406 2333/4505/2406 2452/4447/2591
f 2448/4499/2644 2320/4504/2639 2452/4447/2645
f 2337/4502/2646 2299/4506/2647 2454/4507/2643
f 2377/4501/2648 2274/4500/2637 2339/4503/2649
f 2299/4506/2649 2290/4508/2406 2413/4509/2406
f 2339/4503/2650 2337/4502/2650 2454/4507/2650
f 2290/4508/2404 2256/4510/2404 2361/4511/2404
f 2454/4507/2650 2299/4506/2649 2413/4509/2650
f 2256/4510/2651 2250/4140/2651 2252/4142/2651
f 2251/4141/2651 2402/4442/2588 2131/3969/2253
f 2413/4509/2649 2290/4508/2649 2361/4511/2649
f 2251/4141/2639 2131/3969/2253 2252/4142/2639
f 2361/4511/2650 2256/4510/2650 2252/4142/2650
f 2452/4447/2591 2333/4505/2649 2366/4512/2650
f 2452/4447/2652 2366/4512/2406 2350/4513/2406
f 2252/4142/2406 2131/3969/2253 2133/3971/2407
f 2427/4514/2653 2252/4142/2649 2133/3971/2407
f 2133/3971/2407 2452/4447/2591 2223/4515/2406
f 2452/4447/2591 2350/4513/2650 2223/4515/2650
f 2345/4516/2654 2427/4514/2654 2133/3971/2407
f 2254/4144/2653 2345/4516/2653 2133/3971/2407
f 2133/3971/2407 2223/4515/2406 2253/4143/2406
f 2255/4145/2408 2250/4284/2453 2256/4146/2409
f 2258/4148/2408 2292/4184/2410 2259/4149/2409
f 2408/4517/2413 2370/4473/2413 2204/4085/2366
f 2204/4085/2366 2393/4518/2413 2268/4519/2413
f 2270/4520/2655 2327/4521/2655 2389/4522/2655
f 2327/4521/2413 2240/4523/2413 2312/4524/2413
f 2389/4522/2413 2327/4521/2413 2312/4524/2413
f 2204/4085/2366 2268/4519/2413 2397/4525/2413
f 2268/4519/2413 2270/4520/2413 2398/4526/2413
f 2397/4525/2656 2268/4519/2656 2398/4526/2656
f 2397/4525/2655 2408/4517/2655 2204/4085/2366
f 2240/4523/2413 2239/4527/2413 2411/4528/2413
f 2389/4522/2413 2398/4526/2413 2270/4520/2413
f 2312/4524/2621 2240/4523/2621 2310/4529/2621
f 2310/4529/2413 2240/4523/2413 2411/4528/2413
f 2239/4527/2413 2305/4530/2413 2295/4477/2413
f 2411/4528/2413 2239/4527/2413 2295/4477/2413
f 2305/4530/2413 2307/4531/2413 2196/4077/2359
f 2196/4077/2359 2295/4477/2413 2305/4530/2413
f 2307/4531/2413 2357/4532/2413 2196/4077/2359
f 2255/4533/2413 2179/4045/2329 2196/4077/2359
f 2381/4534/2655 2255/4533/2655 2196/4077/2359
f 2196/4077/2359 2357/4532/2413 2261/4151/2413
f 2262/4152/2413 2381/4534/2413 2196/4077/2359
f 2179/4045/2329 2255/4533/2621 2257/4535/2621
f 2179/4045/2329 2257/4535/2413 2394/4536/2413
f 2257/4535/2413 2291/4537/2413 2362/4538/2413
f 2394/4536/2657 2257/4535/2657 2362/4538/2657
f 2344/4539/2413 2346/4540/2413 2179/4045/2329
f 2394/4536/2658 2344/4539/2658 2179/4045/2329
f 2291/4537/2413 2301/4541/2413 2360/4542/2413
f 2301/4541/2413 2300/4543/2413 2340/4544/2413
f 2362/4538/2413 2291/4537/2413 2360/4542/2413
f 2300/4543/2659 2276/4545/2659 2417/4546/2659
f 2360/4542/2413 2301/4541/2413 2340/4544/2413
f 2276/4545/2413 2275/4547/2413 2430/4548/2413
f 2340/4544/2413 2300/4543/2413 2263/4153/2413
f 2300/4543/2413 2417/4546/2413 2263/4153/2413
f 2421/4549/2413 2240/4523/2413 2327/4521/2413
f 2275/4547/2413 2421/4549/2413 2329/4550/2413
f 2417/4546/2413 2276/4545/2413 2430/4548/2413
f 2421/4549/2413 2327/4521/2413 2329/4550/2413
f 2329/4550/2413 2430/4548/2413 2275/4547/2413
f 2265/4155/2413 2340/4544/2413 2263/4153/2413
f 2264/4154/2413 2378/4551/2413 2265/4155/2413
f 2321/4552/2413 2378/4551/2413 2286/4553/2413
f 2378/4551/2360 2264/4154/2360 2286/4553/2360
f 2322/4554/2360 2321/4552/2360 2171/4036/2320
f 2321/4552/2413 2286/4553/2413 2234/4555/2413
f 2321/4552/2413 2234/4555/2413 2171/4036/2320
f 2334/4556/2413 2322/4554/2413 2171/4036/2320
f 2234/4555/2413 2233/4557/2413 2171/4036/2320
f 2267/4157/2413 2334/4556/2413 2171/4036/2320
f 2233/4557/2413 2317/4558/2413 2171/4036/2320
f 2317/4558/2655 2385/4559/2655 2171/4036/2320
f 2179/4045/2329 2346/4540/2413 2414/4560/2413
f 2393/4518/2413 2204/4085/2366 2171/4036/2320
f 2218/4561/2413 2393/4518/2413 2171/4036/2320
f 2179/4045/2329 2414/4560/2413 2222/4562/2413
f 2179/4045/2329 2222/4562/2413 2224/4563/2413
f 2219/4564/2413 2218/4561/2413 2171/4036/2320
f 2385/4559/2413 2219/4564/2413 2171/4036/2320
f 2179/4045/2329 2224/4563/2360 2266/4156/2360
f 2179/4045/2329 2266/4156/2413 2171/4036/2320
f 2268/4158/2395 2453/4565/2660 2269/4159/2414
f 2271/4161/2395 2355/4254/2402 2272/4162/2414
f 2274/4164/2661 2420/4336/2489 2275/4165/2382
f 2277/4167/2416 2338/4234/2417 2278/4168/2382
f 2280/4170/2662 2436/4355/2501 2197/4171/2420
f 2282/4173/2419 2298/4192/2421 2283/4174/2420
f 2264/4176/2408 2450/4381/2663 2285/4177/2410
f 2287/4179/2408 2455/4566/2410 2288/4180/2410
f 2257/4147/2410 2256/4146/2664 2290/4182/2387
f 2292/4184/2410 2434/4352/2384 2293/4185/2387
f 2243/4132/2399 2149/4131/2665 2294/4186/2426
f 2211/4188/2399 2210/4321/2408 2296/4189/2426
f 2297/4190/2666 2280/4567/2419 2281/4191/2421
f 2249/4139/2428 2248/4138/2402 2298/4192/2421
f 2299/4193/2667 2337/4233/2449 2300/4194/2013
f 2302/4196/2430 2456/4568/2385 2303/4197/2013
f 2305/4199/2402 2139/4569/2668 2306/4200/2432
f 2308/4202/2402 2358/4257/2421 2309/4203/2432
f 2310/4205/2384 2425/4342/2493 2311/4206/2434
f 2313/4208/2384 2390/4293/2385 2314/4209/2434
f 2316/4211/2669 2384/4287/2454 2317/4212/2013
f 2237/4124/2437 2236/4123/2385 2318/4213/2013
f 2320/4215/2448 2448/4379/2468 2321/4216/2396
f 2323/4218/2439 2336/4232/2381 2324/4219/2396
f 1981/3813/2112 2332/4414/2547 2331/4570/2670
f 1981/3813/2112 2331/4570/2671 2433/4571/2671
f 2237/4411/2546 2024/3821/2120 2022/3814/2113
f 2235/4572/2672 2237/4411/2546 2022/3814/2113
f 1981/3813/2112 2433/4571/2673 2419/4573/2673
f 1981/3813/2112 2419/4573/2672 2326/4221/2674
f 2288/4574/2670 2235/4572/2670 2022/3814/2113
f 2289/4222/2672 2288/4574/2672 2022/3814/2113
f 2022/3814/2113 1981/3813/2675 2326/4221/2676
f 2327/4223/2421 2354/4253/2677 2328/4224/2443
f 2330/4226/2421 2447/4575/2420 2331/4227/2443
f 2333/4229/2464 2320/4215/2439 2322/4217/2381
f 2335/4231/2446 2367/4266/2382 2336/4232/2381
f 2337/4233/2678 2274/4164/2416 2276/4166/2417
f 2304/4198/2449 2303/4197/2013 2338/4234/2417
f 2339/4235/2679 2454/4576/2421 2340/4236/2421
f 2341/4238/2451 2380/4282/2402 2342/4239/2421
f 2344/4241/2399 2427/4344/2680 2345/4242/2412
f 2347/4244/2399 2435/4354/2408 2348/4245/2412
f 2350/4247/2681 2366/4265/2463 2267/4248/2417
f 2351/4250/2455 2374/4364/2013 2352/4251/2417
f 2270/4160/2402 2269/4159/2682 2354/4253/2445
f 2355/4254/2402 2330/4226/2421 2332/4228/2445
f 2307/4201/2421 2306/4200/2683 2356/4255/2458
f 2358/4257/2421 2441/4577/2420 2359/4258/2443
f 2360/4259/2420 2413/4578/2444 2361/4260/2460
f 2363/4262/2420 2395/4300/2390 2364/4263/2460
f 2366/4265/2684 2333/4229/2446 2334/4230/2382
f 2353/4252/2462 2352/4251/2417 2367/4266/2382
f 2153/4005/2285 2157/4013/2294 2316/4463/2599
f 2153/4005/2285 2316/4463/2599 2232/4579/2685
f 2328/4580/2686 2354/4460/2598 2116/4003/2283
f 2446/4581/2687 2328/4580/2687 2116/4003/2283
f 2153/4005/2285 2232/4579/2685 2285/4582/2685
f 2153/4005/2285 2285/4582/2685 2450/4583/2685
f 2431/4584/2688 2446/4581/2688 2116/4003/2283
f 2153/4005/2285 2450/4583/2689 2368/4267/2689
f 2368/4267/2690 2431/4584/2685 2116/4003/2283
f 2369/4268/2440 2244/4134/2401 2246/4136/2395
f 2371/4270/2468 2409/4318/2396 2372/4271/2395
f 2044/3848/2149 2216/4098/2377 2445/4585/2372
f 2044/3848/2149 2445/4585/2372 2221/4586/2372
f 2449/4587/2625 2324/4588/2625 2455/4589/2625
f 2324/4588/2372 2044/3848/2149 2442/4590/2372
f 2442/4590/2372 2044/3848/2149 2236/4591/2372
f 2380/4592/2372 2449/4587/2372 2287/4593/2372
f 2044/3848/2149 2221/4586/2372 2439/4594/2372
f 2044/3848/2149 2439/4594/2372 2386/4595/2372
f 2342/4596/2372 2380/4592/2372 2287/4593/2372
f 2324/4588/2372 2442/4590/2372 2455/4589/2372
f 2044/3848/2149 2386/4595/2372 2318/4597/2372
f 2044/3848/2149 2318/4597/2691 2236/4591/2691
f 2449/4587/2372 2455/4589/2372 2287/4593/2372
f 2363/4598/2144 2342/4596/2144 2456/4599/2144
f 2287/4593/2372 2456/4599/2372 2342/4596/2372
f 2395/4600/2372 2363/4598/2372 2434/4601/2372
f 2434/4601/2372 2363/4598/2372 2456/4599/2372
f 2292/4272/2372 2258/4480/2372 2053/3859/2159
f 2434/4601/2372 2292/4272/2372 2395/4600/2372
f 2053/3859/2159 2435/4602/2372 2347/4603/2372
f 2373/4273/2372 2395/4600/2372 2292/4272/2372
f 2053/3859/2159 2347/4603/2144 2373/4273/2144
f 2044/3848/2149 2324/4588/2372 2336/4604/2372
f 2044/3848/2149 2336/4604/2372 2367/4605/2372
f 2415/4606/2372 2435/4602/2372 2053/3859/2159
f 2225/4607/2625 2415/4606/2625 2053/3859/2159
f 2044/3848/2149 2367/4605/2372 2352/4608/2372
f 2044/3848/2149 2352/4608/2372 2374/4274/2372
f 2375/4275/2372 2225/4607/2372 2053/3859/2159
f 2053/3859/2159 2044/3848/2149 2374/4274/2372
f 2426/4495/2623 2429/4494/2623 2313/4609/2623
f 2429/4494/2372 2422/4610/2372 2313/4609/2372
f 2422/4610/2372 2278/4611/2372 2447/4612/2372
f 2313/4609/2372 2422/4610/2372 2390/4613/2372
f 2390/4613/2372 2422/4610/2372 2447/4612/2372
f 2278/4611/2692 2338/4614/2692 2432/4615/2692
f 2432/4615/2372 2338/4614/2372 2418/4616/2372
f 2303/4617/2372 2456/4599/2372 2451/4618/2372
f 2456/4599/2372 2287/4593/2372 2451/4618/2372
f 2406/4619/2372 2390/4613/2372 2330/4620/2372
f 2338/4614/2372 2303/4617/2372 2418/4616/2372
f 2303/4617/2372 2451/4618/2372 2418/4616/2372
f 2376/4276/2372 2406/4619/2372 2355/4277/2372
f 2278/4611/2372 2432/4615/2372 2447/4612/2372
f 2400/4621/2693 2376/4276/2693 2271/4278/2693
f 2390/4613/2691 2447/4612/2691 2330/4620/2691
f 2216/4098/2377 2409/4483/2372 2424/4622/2372
f 2424/4622/2691 2400/4621/2691 2216/4098/2377
f 2406/4619/2372 2330/4620/2372 2355/4277/2372
f 2445/4585/2372 2216/4098/2377 2271/4278/2372
f 2271/4278/2372 2216/4098/2377 2400/4621/2372
f 2377/4279/2694 2339/4235/2451 2265/4237/2402
f 2379/4281/2471 2449/4380/2395 2380/4282/2402
f 2381/4283/2399 2251/4365/2494 2250/4284/2412
f 2382/4285/2399 2258/4148/2408 2260/4150/2412
f 2384/4287/2681 2438/4357/2503 2385/4288/2417
f 2319/4214/2454 2318/4213/2013 2386/4289/2417
f 2312/4207/2385 2311/4206/2695 2388/4291/2474
f 2390/4293/2385 2406/4314/2013 2391/4294/2474
f 2392/4295/2696 2453/4565/2395 2268/4158/2395
f 2026/4297/2476 2445/4374/2396 2271/4161/2395
f 2362/4261/2390 2361/4260/2697 2252/4298/2477
f 2395/4300/2390 2373/4345/2389 2396/4301/2477
f 2161/4302/2698 2160/4340/2491 2397/4303/2382
f 2399/4305/2417 2376/4623/2417 2400/4306/2382
f 2261/4308/2390 2440/4360/2697 2402/4309/2477
f 2403/4311/2390 2443/4366/2389 2404/4312/2477
f 2389/4292/2013 2388/4291/2474 2161/4302/2417
f 2406/4314/2013 2376/4623/2417 2399/4305/2417
f 2407/4315/2699 2369/4268/2468 2370/4269/2396
f 2031/4317/2480 2424/4341/2381 2409/4318/2396
f 2295/4187/2408 2294/4186/2700 2410/4319/2482
f 2210/4321/2408 2426/4343/2410 2412/4322/2482
f 2340/4236/2421 2454/4576/2701 2413/4323/2443
f 2342/4239/2421 2363/4624/2420 2365/4325/2443
f 2414/4326/2410 2254/4353/2664 2253/4327/2387
f 2415/4328/2410 2225/4110/2384 2227/4112/2387
f 2417/4330/2389 2431/4349/2702 2368/4331/2486
f 2418/4333/2389 2451/4382/2399 2326/4334/2486
f 2420/4336/2703 2428/4346/2495 2421/4337/2381
f 2279/4169/2489 2278/4168/2382 2422/4338/2381
f 2160/4340/2504 2407/4315/2480 2408/4316/2381
f 2401/4307/2491 2400/4306/2382 2424/4341/2381
f 2411/4320/2410 2410/4319/2704 2425/4342/2436
f 2426/4343/2410 2313/4208/2384 2315/4210/2436
f 2394/4299/2389 2252/4298/2705 2427/4344/2398
f 2373/4345/2389 2347/4244/2399 2349/4246/2398
f 2428/4346/2706 2238/4125/2394 2240/4127/2396
f 2423/4339/2495 2422/4338/2381 2429/4347/2396
f 2430/4348/2390 2446/4376/2515 2431/4349/2497
f 2432/4350/2390 2418/4333/2389 2419/4335/2497
f 2291/4183/2384 2290/4182/2707 2299/4193/2430
f 2434/4352/2384 2456/4568/2385 2302/4196/2430
f 2346/4243/2408 2345/4242/2708 2254/4353/2409
f 2435/4354/2408 2415/4328/2410 2416/4329/2409
f 2436/4355/2709 2228/4113/2388 2198/4115/2390
f 2284/4175/2501 2283/4174/2420 2437/4356/2390
f 2438/4357/2473 2156/4101/2380 2219/4103/2382
f 2387/4290/2503 2386/4289/2417 2439/4358/2382
f 2357/4359/2420 2356/4625/2710 2440/4360/2460
f 2441/4361/2420 2403/4311/2390 2405/4313/2460
f 2285/4177/2711 2232/4119/2392 2234/4121/2384
f 2288/4180/2410 2455/4566/2410 2442/4363/2384
f 2223/4108/2712 2350/4247/2454 2266/4249/2013
f 2226/4111/2385 2375/4497/2385 2374/4364/2013
f 2262/4310/2389 2402/4309/2705 2251/4365/2398
f 2443/4366/2389 2382/4285/2399 2383/4286/2398
f 1999/3781/2082 2404/4391/2531 2383/4626/2713
f 2396/4627/2713 1999/3781/2082 2383/4626/2713
f 2364/4628/2714 2396/4627/2714 2259/4629/2715
f 2396/4627/2716 2383/4626/2716 2260/4630/2716
f 2396/4627/2717 2260/4630/2718 2259/4629/2718
f 2365/4631/2718 2364/4628/2713 2293/4632/2718
f 2364/4628/2719 2259/4629/2713 2293/4632/2713
f 2343/4633/2715 2365/4631/2718 2302/4634/2720
f 2365/4631/2713 2293/4632/2713 2302/4634/2716
f 2341/4635/2715 2343/4633/2714 2304/4636/2715
f 2343/4633/2713 2302/4634/2720 2304/4636/2713
f 2379/4637/2716 2341/4635/2718 2277/4638/2713
f 2341/4635/2718 2304/4636/2718 2277/4638/2713
f 2325/4368/2721 2379/4637/2722 2279/4394/2537
f 2277/4638/2713 2279/4394/2535 2379/4637/2723
f 2279/4394/2535 2444/4369/2534 2325/4368/2724
f 2444/4369/2534 2335/4639/2718 2323/4367/2718
f 1999/3781/2082 2396/4627/2715 2001/3783/2510
f 2396/4627/2715 2349/4640/2725 2001/3783/2510
f 2353/4641/2714 2335/4639/2718 2444/4369/2534
f 2351/4642/2726 2353/4641/2726 2444/4369/2727
f 2001/3783/2510 2349/4640/2725 2348/4643/2725
f 2001/3783/2510 2348/4643/2509 2416/4644/2509
f 2351/4642/2728 2444/4369/2508 2226/4371/2728
f 2444/4369/2727 2001/3783/2510 2226/4371/2509
f 2001/3783/2510 2416/4644/2725 2227/4370/2725
f 2140/4372/2511 2139/4569/2414 2305/4199/2402
f 2010/4130/2511 2242/4129/2660 2308/4202/2402
f 2155/4373/2729 2392/4295/2476 2393/4296/2396
f 2025/4106/2513 2221/4105/2381 2445/4374/2396
f 2329/4375/2420 2328/4645/2459 2446/4376/2499
f 2447/4377/2420 2432/4350/2390 2433/4351/2499
f 2448/4379/2481 2377/4279/2471 2378/4280/2395
f 2325/4220/2468 2324/4219/2396 2449/4380/2395
f 2263/4332/2399 2368/4331/2730 2450/4381/2424
f 2451/4382/2399 2287/4179/2408 2289/4181/2424
o body_low_body_low_Plane.001
v 0.048767 -0.606515 0.487745
v 0.074865 -0.580963 0.484040
v 0.073646 -0.605131 0.505713
v 0.088270 -0.576790 0.500986
v 0.090068 -0.603814 0.533011
v 0.024885 -0.643591 0.494949
v 0.048957 -0.644216 0.504473
v 0.074193 -0.642629 0.523657
v 0.090348 -0.640822 0.550871
v 0.096612 -0.600801 0.558897
v 0.096612 -0.642608 0.577642
v 0.000000 -0.642608 0.491966
v 0.024312 -0.607512 0.479207
v 0.096612 -0.242195 0.294883
v 0.096612 -0.240070 0.328176
v 0.090236 -0.267017 0.302912
v 0.096612 -0.402640 0.431243
v 0.096612 -0.431329 0.409284
v 0.088863 -0.407687 0.392459
v 0.083110 -0.384046 0.383811
v 0.096612 -0.369347 0.438327
v 0.079540 -0.360404 0.376224
v 0.096612 -0.330033 0.438327
v 0.079388 -0.336762 0.364480
v 0.096612 -0.289302 0.425576
v 0.080526 -0.315048 0.348814
v 0.096612 -0.261675 0.399367
v 0.096612 -0.245737 0.368907
v 0.084067 -0.289479 0.325977
v 0.049090 -0.582633 0.467262
v 0.024779 -0.584704 0.461638
v 0.000000 -0.609026 0.477267
v 0.000000 -0.559046 0.425298
v 0.024912 -0.568697 0.442889
v 0.000000 -0.568968 0.441180
v 0.096612 -0.572750 0.528084
v 0.096612 -0.555532 0.497338
v 0.000000 -0.552499 0.406422
v 0.029928 -0.557411 0.424553
v 0.048217 -0.566873 0.445558
v 0.055093 -0.530143 0.314187
v 0.054661 -0.565572 0.313705
v 0.055093 -0.536114 0.297733
v 0.055093 -0.520424 0.329680
v 0.054661 -0.558961 0.347528
v 0.092230 -0.538965 0.438409
v 0.077913 -0.562158 0.456936
v 0.079711 -0.548051 0.426498
v 0.096612 -0.540037 0.460444
v 0.091845 -0.549345 0.461197
v 0.081008 -0.511889 0.376207
v 0.069408 -0.494107 0.362012
v 0.083353 -0.493850 0.373345
v 0.092599 -0.493650 0.389957
v 0.082181 -0.528317 0.389267
v 0.067855 -0.544305 0.394792
v 0.069385 -0.532517 0.378432
v 0.092331 -0.526850 0.414308
v 0.091061 -0.513164 0.394293
v 0.082551 -0.538294 0.403875
v 0.062546 -0.553574 0.422752
v 0.061968 -0.566218 0.450414
v 0.096612 -0.518576 0.423265
v 0.096612 -0.506340 0.409039
v 0.054661 -0.551296 0.409317
v 0.068306 -0.514183 0.366123
v 0.000000 -0.583522 0.457940
v 0.054640 -0.506760 0.359431
v 0.055093 -0.494201 0.355862
v 0.054658 -0.520386 0.364687
v 0.054659 -0.535677 0.375141
v 0.054656 -0.545970 0.390616
v 0.000000 -0.559781 0.347476
v 0.000000 -0.552693 0.390915
v 0.054661 -0.554477 0.371431
v 0.054661 -0.551589 0.393686
v 0.000000 -0.555147 0.371390
v 0.038662 -0.528387 0.313328
v 0.055093 -0.538824 0.279022
v 0.038662 -0.536006 0.297680
v 0.038662 -0.538976 0.278970
v 0.038662 -0.538976 0.297680
v 0.038662 -0.520424 0.329680
v 0.038662 -0.538976 0.329680
v 0.055093 -0.506554 0.345303
v 0.038662 -0.506554 0.345303
v 0.000000 -0.538976 0.297680
v 0.000000 -0.538976 0.278970
v 0.076892 -0.469323 0.372665
v 0.060359 -0.472041 0.365497
v 0.091802 -0.467868 0.386323
v 0.096612 -0.491743 0.401815
v 0.096612 -0.459256 0.407104
v 0.038662 -0.471179 0.364362
v 0.059497 -0.442411 0.373851
v 0.038662 -0.441074 0.370384
v 0.076284 -0.441975 0.380693
v 0.088534 -0.437772 0.391974
v 0.057819 -0.409109 0.374204
v 0.038662 -0.409197 0.371446
v 0.077150 -0.409196 0.382194
v 0.071509 -0.382276 0.375918
v 0.055761 -0.378959 0.369913
v 0.069152 -0.354740 0.366494
v 0.053998 -0.348584 0.358567
v 0.038662 -0.380147 0.367000
v 0.038662 -0.348493 0.355676
v 0.067674 -0.325013 0.347164
v 0.054442 -0.323333 0.340366
v 0.038662 -0.323132 0.336188
v 0.075252 -0.295350 0.319888
v 0.058313 -0.298667 0.310409
v 0.080633 -0.278107 0.294474
v 0.062031 -0.288661 0.287564
v 0.038662 -0.299789 0.305957
v 0.038662 -0.293060 0.284352
v 0.050514 -0.287565 0.210505
v 0.072846 -0.277490 0.117023
v 0.068292 -0.280043 0.213468
v 0.082864 -0.266888 0.216445
v 0.092873 -0.247175 0.118326
v 0.091110 -0.251373 0.218104
v 0.086280 -0.262939 0.117742
v 0.079375 -0.272389 0.261930
v 0.090521 -0.255003 0.264896
v 0.045639 -0.289385 0.253798
v 0.065107 -0.282802 0.258463
v 0.096612 -0.234325 0.263891
v 0.096612 -0.231127 0.216175
v 0.000000 -0.291748 0.117824
v 0.053717 -0.287000 0.117692
v 0.000000 -0.291784 0.209349
v 0.000000 -0.292425 0.252960
v 0.038662 -0.348493 0.408925
v 0.038662 -0.471179 0.417611
v 0.038662 -0.299789 0.359206
v 0.038662 -0.538976 0.382928
v 0.038662 -0.293060 0.337601
v 0.038662 -0.494201 0.355862
v 0.000000 -0.538976 0.382928
v 0.000000 -0.538976 0.329680
v 0.000000 -0.294575 0.334775
v 0.000000 -0.294575 0.281526
v 0.059300 -0.059879 0.314486
v 0.067108 -0.059879 0.347910
v 0.094648 -0.059879 0.340826
v 0.059300 -0.059879 0.181223
v 0.041215 -0.073094 0.300855
v 0.041215 -0.073094 0.181223
v 0.022636 -0.079410 0.293203
v 0.022636 -0.079410 0.181223
v 0.000000 -0.081797 0.289735
v 0.000000 -0.345738 -0.037745
v 0.054675 -0.375007 -0.030305
v 0.000000 -0.375336 -0.030320
v 0.000000 -0.397069 -0.028125
v 0.054675 -0.436726 -0.025081
v 0.000000 -0.439158 -0.026256
v 0.000000 -0.552278 0.051504
v 0.054675 -0.560471 0.075092
v 0.000000 -0.561432 0.076661
v 0.000000 -0.463642 -0.022142
v 0.054675 -0.489111 -0.011900
v 0.000000 -0.492601 -0.011221
v 0.054675 -0.522493 0.011056
v 0.054675 -0.518107 0.040279
v 0.054675 -0.537169 0.028009
v 0.054676 -0.564497 0.106904
v 0.000000 -0.564785 0.110524
v 0.054675 -0.564592 0.139447
v 0.000000 -0.566686 0.141337
v 0.000000 -0.536264 0.025831
v 0.000000 -0.477201 0.007450
v 0.054675 -0.494693 0.016663
v 0.054675 -0.477201 0.007450
v 0.054675 -0.463225 -0.021152
v 0.000000 -0.324214 -0.047653
v 0.054675 -0.344322 -0.036689
v 0.054675 -0.539128 0.106904
v 0.054675 -0.455328 0.000134
v 0.000000 -0.523891 0.011617
v 0.054675 -0.551144 0.050440
v 0.054675 -0.536120 0.080201
v 0.054675 -0.509226 -0.000074
v 0.000000 -0.509276 -0.000867
v 0.054675 -0.529102 0.059482
v 0.000000 -0.518107 0.040279
v 0.054675 -0.507083 0.027088
v 0.000000 -0.434059 -0.002195
v 0.054675 -0.434059 -0.002195
v 0.000000 -0.536120 0.080201
v 0.000000 -0.455328 0.000134
v 0.000000 -0.529102 0.059482
v 0.000000 -0.494698 0.016666
v 0.000000 -0.507082 0.027087
v 0.000000 -0.416504 -0.002669
v 0.054675 -0.416504 -0.002669
v 0.000000 -0.396695 -0.001009
v 0.054675 -0.396695 -0.001009
v 0.000000 -0.370956 0.003380
v 0.054675 -0.370956 0.003380
v 0.000000 -0.349961 0.012395
v 0.054675 -0.349961 0.012395
v 0.000000 -0.328847 0.029120
v 0.054675 -0.396908 -0.028020
v 0.054675 -0.316381 -0.048679
v 0.054675 -0.328847 0.029120
v 0.000000 -0.313645 0.045346
v 0.054675 -0.300835 0.068918
v 0.054675 -0.313645 0.045346
v 0.054675 -0.293148 0.098467
v 0.000000 -0.300835 0.068918
v 0.000000 -0.293148 0.098467
v 0.054675 -0.287412 -0.074579
v 0.000000 -0.539128 0.106904
v 0.000000 -0.293471 -0.075249
v 0.025302 -0.292362 -0.075663
v 0.086620 -0.244871 -0.087203
v 0.094128 -0.247488 -0.050444
v 0.087980 -0.263776 -0.061960
v 0.055658 -0.271501 -0.099181
v 0.074496 -0.278307 -0.069168
v 0.000000 -0.280083 -0.100768
v 0.074404 -0.260623 -0.093598
v 0.027563 -0.278268 -0.100864
v 0.096476 -0.209786 -0.060045
v 0.096476 -0.229356 -0.032812
v 0.093220 -0.228270 -0.076623
v 0.096476 -0.196053 -0.081956
v 0.085288 -0.231881 -0.106838
v 0.029319 -0.269243 -0.119900
v 0.055867 -0.260257 -0.117437
v 0.073748 -0.247823 -0.111810
v 0.000000 -0.272238 -0.120328
v 0.091639 -0.204985 -0.122817
v 0.092428 -0.214993 -0.097322
v 0.028469 -0.263828 -0.139942
v 0.072924 -0.238039 -0.134559
v 0.096476 -0.185600 -0.108807
v 0.030901 -0.261575 -0.163303
v 0.054969 -0.252625 -0.139148
v 0.072690 -0.235564 -0.156036
v 0.083808 -0.219465 -0.154443
v 0.084104 -0.222193 -0.131161
v 0.000000 -0.266099 -0.164269
v 0.000000 -0.267608 -0.140603
v 0.096476 -0.180927 -0.136313
v 0.091441 -0.201132 -0.148043
v 0.052170 -0.250258 -0.599016
v 0.055827 -0.250107 -0.160637
v 0.071474 -0.233847 -0.599016
v 0.083513 -0.216747 -0.599016
v 0.024989 -0.261471 -0.599016
v 0.096476 -0.178871 -0.599016
v 0.091030 -0.198917 -0.599016
v 0.043751 -0.239209 -0.599016
v 0.060762 -0.223733 -0.599016
v 0.000000 -0.252412 -0.599016
v 0.000000 -0.265021 -0.599016
v 0.077928 -0.178871 -0.599016
v 0.075062 -0.194877 -0.599016
v 0.077928 -0.102305 -0.599016
v 0.077928 -0.102305 -0.334367
v 0.096476 -0.102305 -0.599016
v 0.096476 -0.102305 -0.032812
v 0.000000 -0.252412 -0.334367
v 0.021634 -0.249574 -0.599016
v 0.075062 -0.194877 -0.334367
v 0.069934 -0.209541 -0.334367
v 0.069934 -0.209541 -0.599016
v 0.077928 -0.178871 -0.334367
v 0.021634 -0.249574 -0.334367
v 0.043751 -0.239209 -0.334367
v 0.060762 -0.223733 -0.334367
v 0.096612 -0.102305 0.340826
v 0.096612 -0.205420 0.491014
v 0.096612 -0.530926 0.442375
v 0.096476 -0.229356 0.117298
v 0.082343 -0.083053 0.117490
v 0.094648 -0.083053 0.340826
v 0.082343 -0.083053 0.340826
v 0.082343 -0.102305 0.340826
v 0.096612 -0.102305 1.019316
v 0.082343 -0.102305 0.117490
v 0.096612 -0.586644 0.623390
v 0.082343 -0.083053 1.015441
v 0.082343 -0.102305 1.020311
v 0.094648 -0.083053 1.014154
v 0.094648 -0.059879 0.717509
v 0.094648 -0.059879 1.009441
v 0.042933 -0.059879 1.014880
v 0.042963 -0.083053 1.017673
v 0.096612 -0.122542 1.030100
v 0.042963 -0.122542 1.030100
v 0.042963 -0.138920 1.040253
v 0.042963 -0.154946 1.055035
v 0.096612 -0.138920 1.040253
v 0.042963 -0.167659 1.073966
v 0.096612 -0.154946 1.055035
v 0.042963 -0.174996 1.094400
v 0.096612 -0.167659 1.073966
v 0.042963 -0.178770 1.116091
v 0.096612 -0.174996 1.094400
v 0.042963 -0.180470 1.130602
v 0.096612 -0.178770 1.116091
v 0.042963 -0.187621 1.137351
v 0.096612 -0.180470 1.130602
v 0.042963 -0.198207 1.142741
v 0.096612 -0.187621 1.137351
v 0.042963 -0.212085 1.144573
v 0.096612 -0.198207 1.142741
v 0.042963 -0.227684 1.142552
v 0.096612 -0.233216 1.141395
v 0.096612 -0.227684 1.142552
v 0.096612 -0.212085 1.144573
v 0.042963 -0.243916 1.138792
v 0.088625 -0.246220 1.137607
v 0.042963 -0.241414 1.066615
v 0.042963 -0.238912 0.897367
v 0.042963 -0.102305 1.021495
v 0.042933 -0.059879 0.897419
v 0.024153 -1.092525 1.253913
v 0.000000 -1.098298 1.247778
v 0.024153 -1.098543 1.246268
v 0.024153 -1.082894 1.260048
v 0.000000 -1.091300 1.256827
v 0.024153 -1.071841 1.263991
v 0.000000 -1.081603 1.262663
v 0.096612 -1.076374 1.223072
v 0.072459 -1.085476 1.240261
v 0.096612 -1.086767 1.217704
v 0.072459 -1.074863 1.245153
v 0.048306 -1.084185 1.253212
v 0.048306 -1.073352 1.257629
v 0.072459 -1.094976 1.233526
v 0.096612 -1.096202 1.210670
v 0.048306 -1.093751 1.246777
v 0.072459 -1.102014 1.224846
v 0.096612 -1.106306 1.198365
v 0.048306 -1.099658 1.239389
v 0.024153 -0.669680 1.085512
v 0.076107 -0.668557 1.063079
v 0.000000 -0.669841 1.088048
v 0.000000 -1.070331 1.266131
v 0.048306 -0.669725 1.079548
v 0.084053 -0.658276 1.051499
v 0.080054 -0.664077 1.057947
v 0.096612 -0.682758 1.049206
v 0.085349 -0.646691 1.044652
v 0.096612 -0.540906 0.986548
v 0.085376 -0.509543 0.986019
v 0.085376 -0.540906 0.997982
v 0.096612 -0.373748 0.980405
v 0.085376 -0.401508 0.983064
v 0.096612 -0.400907 0.971028
v 0.085376 -0.431111 0.977446
v 0.096612 -0.430976 0.965208
v 0.096612 -0.483354 0.968118
v 0.085376 -0.456195 0.976643
v 0.085376 -0.483354 0.979553
v 0.096612 -0.509543 0.974585
v 0.096612 -0.456195 0.965208
v 0.096612 -0.649626 1.034571
v 0.096612 -0.347235 0.993984
v 0.085376 -0.327560 1.021990
v 0.085376 -0.354078 1.004071
v 0.096612 -0.320399 1.011767
v 0.085376 -0.306287 1.041718
v 0.096612 -0.295763 1.035642
v 0.084433 -0.287351 1.069134
v 0.079910 -0.260761 1.131465
v 0.096612 -0.244190 1.115942
v 0.096612 -0.274057 1.062841
v 0.081721 -0.281929 1.083392
v 0.096612 -0.257132 1.090371
v 0.078545 -0.276992 1.098392
v 0.076365 -0.272084 1.112507
v 0.077076 -0.267464 1.122080
v 0.085376 -0.376229 0.992140
v 0.096612 -0.176997 0.780931
v 0.096612 -0.498823 0.930191
v 0.074921 -0.245102 1.108894
v 0.076785 -0.258253 1.111286
v 0.076412 -0.264716 1.104150
v 0.083588 -0.280473 1.061915
v 0.085378 -0.367913 0.983806
v 0.085376 -0.297965 1.033368
v 0.085376 -0.444620 0.966132
v 0.085376 -0.509543 0.978580
v 0.084053 -0.658276 1.033097
v 0.076107 -0.668557 1.044676
v 0.000000 -0.669841 1.069645
v 0.080054 -0.664077 1.039544
v 0.085358 -0.613553 1.030032
v 0.085349 -0.646691 1.026249
v -0.082957 -0.040326 1.006790
v -0.061219 -0.040326 0.814666
v -0.082957 -0.040326 0.814666
v 0.066150 -0.059879 0.703000
v 0.076180 -0.984394 1.014674
v 0.076526 -1.133210 1.032347
v 0.076182 -1.127966 1.064703
v 0.073329 -0.059879 0.700075
v 0.076166 -0.059879 0.692525
v 0.076525 -0.059879 0.657872
v 0.067110 -0.075387 0.353319
v 0.051025 -0.090895 0.340649
v 0.029189 -0.498503 0.472463
v 0.000000 -0.110444 0.334651
v 0.000000 -0.502346 0.471253
v 0.072093 -0.059879 0.356779
v 0.051109 -0.490646 0.480067
v 0.029081 -0.103943 0.334904
v 0.074953 -0.469950 0.512209
v 0.074914 -0.059879 0.369246
v 0.067171 -0.480870 0.494664
v 0.094648 -0.083053 0.117490
v 0.096612 -0.162217 0.622898
v 0.000000 -0.059879 0.703000
v 0.075041 -1.159704 0.752564
v 0.075877 -1.177591 0.754775
v 0.067252 -1.021513 0.683124
v 0.051250 -1.165308 0.715365
v 0.067273 -1.162572 0.732295
v 0.075004 -1.016712 0.702825
v 0.076526 -0.988528 0.981869
v 0.051220 -1.023647 0.665959
v 0.029372 -1.167355 0.705651
v 0.029333 -1.024582 0.655875
v 0.000000 -1.167622 0.702901
v 0.076525 -0.457872 0.796728
v 0.076172 -0.456100 0.830589
v 0.089626 -1.147483 0.720856
v 0.096612 -1.177541 0.758791
v 0.000000 -1.173183 0.672132
v 0.024156 -1.172440 0.676399
v 0.048310 -1.171095 0.684118
v 0.072478 -1.168328 0.700007
v 0.089577 -1.181822 0.732376
v 0.085356 -0.612479 1.014358
v 0.096612 -1.132018 0.812766
v 0.082728 -1.165580 0.715779
v 0.082685 -1.183539 0.721778
v 0.076538 -1.165580 0.715779
v 0.076496 -1.183539 0.721778
v 0.066277 -0.984331 1.025259
v 0.073403 -1.126796 1.071927
v 0.066296 -1.126336 1.074761
v 0.073393 -0.984274 1.022254
v 0.000000 -1.125994 1.074641
v 0.000000 -0.984331 1.025259
v 0.000000 -0.456073 0.841111
v 0.096612 -1.125381 1.080658
v -0.048767 -0.606515 0.487745
v -0.074865 -0.580963 0.484040
v -0.049090 -0.582633 0.467262
v -0.073646 -0.605131 0.505713
v -0.088270 -0.576790 0.500986
v -0.024885 -0.643591 0.494949
v -0.024312 -0.607512 0.479207
v -0.074193 -0.642629 0.523657
v -0.090068 -0.603814 0.533011
v -0.090348 -0.640822 0.550871
v -0.096612 -0.600801 0.558897
v -0.048957 -0.644216 0.504473
v -0.096612 -0.242195 0.294883
v -0.090236 -0.267017 0.302912
v -0.096612 -0.240070 0.328176
v -0.096612 -0.402640 0.431243
v -0.088863 -0.407687 0.392459
v -0.096612 -0.431329 0.409284
v -0.083110 -0.384046 0.383811
v -0.096612 -0.369347 0.438327
v -0.079540 -0.360404 0.376224
v -0.096612 -0.330033 0.438327
v -0.079388 -0.336762 0.364480
v -0.096612 -0.289302 0.425576
v -0.080526 -0.315048 0.348814
v -0.096612 -0.261675 0.399367
v -0.096612 -0.245737 0.368907
v -0.084067 -0.289479 0.325977
v -0.024779 -0.584704 0.461638
v -0.024912 -0.568697 0.442889
v -0.096612 -0.572750 0.528084
v -0.096612 -0.555532 0.497338
v -0.029928 -0.557411 0.424553
v -0.048217 -0.566873 0.445558
v -0.055093 -0.530143 0.314187
v -0.054661 -0.565572 0.313705
v -0.054661 -0.558961 0.347528
v -0.055093 -0.520424 0.329680
v -0.054661 -0.554477 0.371431
v -0.092230 -0.538965 0.438409
v -0.077913 -0.562158 0.456936
v -0.091845 -0.549345 0.461197
v -0.096612 -0.540037 0.460444
v -0.096612 -0.530926 0.442375
v -0.069408 -0.494107 0.362012
v -0.081008 -0.511889 0.376207
v -0.083353 -0.493850 0.373345
v -0.092599 -0.493650 0.389957
v -0.091061 -0.513164 0.394293
v -0.082181 -0.528317 0.389267
v -0.067855 -0.544305 0.394792
v -0.082551 -0.538294 0.403875
v -0.092331 -0.526850 0.414308
v -0.062546 -0.553574 0.422752
v -0.079711 -0.548051 0.426498
v -0.061968 -0.566218 0.450414
v -0.096612 -0.518576 0.423265
v -0.096612 -0.506340 0.409039
v -0.096612 -0.491743 0.401815
v -0.054661 -0.551296 0.409317
v -0.054656 -0.545970 0.390616
v -0.069385 -0.532517 0.378432
v -0.054640 -0.506760 0.359431
v -0.068306 -0.514183 0.366123
v -0.054658 -0.520386 0.364687
v -0.054659 -0.535677 0.375141
v -0.054661 -0.551589 0.393686
v -0.055093 -0.536114 0.297733
v -0.038662 -0.528387 0.313328
v -0.038662 -0.536006 0.297680
v -0.055093 -0.538824 0.279022
v -0.038662 -0.538976 0.278970
v -0.038662 -0.538976 0.297680
v -0.038662 -0.520424 0.329680
v -0.038662 -0.538976 0.329680
v -0.055093 -0.494201 0.355862
v -0.055093 -0.506554 0.345303
v -0.038662 -0.506554 0.345303
v -0.076892 -0.469323 0.372665
v -0.060359 -0.472041 0.365497
v -0.091802 -0.467868 0.386323
v -0.096612 -0.459256 0.407104
v -0.038662 -0.471179 0.364362
v -0.038662 -0.494201 0.355862
v -0.059497 -0.442411 0.373851
v -0.076284 -0.441975 0.380693
v -0.088534 -0.437772 0.391974
v -0.057819 -0.409109 0.374204
v -0.038662 -0.441074 0.370384
v -0.038662 -0.409197 0.371446
v -0.077150 -0.409196 0.382194
v -0.071509 -0.382276 0.375918
v -0.055761 -0.378959 0.369913
v -0.038662 -0.380147 0.367000
v -0.069152 -0.354740 0.366494
v -0.053998 -0.348584 0.358567
v -0.067674 -0.325013 0.347164
v -0.038662 -0.348493 0.355676
v -0.054442 -0.323333 0.340366
v -0.038662 -0.323132 0.336188
v -0.075252 -0.295350 0.319888
v -0.058313 -0.298667 0.310409
v -0.038662 -0.299789 0.305957
v -0.080633 -0.278107 0.294474
v -0.062031 -0.288661 0.287564
v -0.038662 -0.293060 0.284352
v -0.050514 -0.287565 0.210505
v -0.072846 -0.277490 0.117023
v -0.053717 -0.287000 0.117692
v -0.082864 -0.266888 0.216445
v -0.092873 -0.247175 0.118326
v -0.086280 -0.262939 0.117742
v -0.068292 -0.280043 0.213468
v -0.079375 -0.272389 0.261930
v -0.065107 -0.282802 0.258463
v -0.090521 -0.255003 0.264896
v -0.045639 -0.289385 0.253798
v -0.091110 -0.251373 0.218104
v -0.096612 -0.234325 0.263891
v -0.096612 -0.231127 0.216175
v -0.096476 -0.229356 0.117298
v -0.038662 -0.348493 0.408925
v -0.038662 -0.471179 0.417611
v -0.038662 -0.299789 0.359206
v -0.038662 -0.538976 0.382928
v -0.038662 -0.293060 0.337601
v -0.094648 -0.059879 0.340826
v -0.059300 -0.059879 0.314486
v -0.059300 -0.059879 0.181223
v -0.041215 -0.073094 0.300855
v -0.022636 -0.079410 0.293203
v -0.041215 -0.073094 0.181223
v -0.022636 -0.079410 0.181223
v -0.054675 -0.375007 -0.030305
v -0.054675 -0.344322 -0.036689
v -0.054675 -0.436726 -0.025081
v -0.054675 -0.396908 -0.028020
v -0.054675 -0.560471 0.075092
v -0.054675 -0.551144 0.050440
v -0.054675 -0.489111 -0.011900
v -0.054675 -0.463225 -0.021152
v -0.054675 -0.522493 0.011056
v -0.054675 -0.518107 0.040279
v -0.054675 -0.507083 0.027088
v -0.054676 -0.564497 0.106904
v -0.054675 -0.564592 0.139447
v -0.054675 -0.537169 0.028009
v -0.054675 -0.494693 0.016663
v -0.054675 -0.477201 0.007450
v -0.054675 -0.316381 -0.048679
v -0.054675 -0.539128 0.106904
v -0.054675 -0.536120 0.080201
v -0.054675 -0.455328 0.000134
v -0.054675 -0.434059 -0.002195
v -0.054675 -0.529102 0.059482
v -0.054675 -0.509226 -0.000074
v -0.054675 -0.416504 -0.002669
v -0.054675 -0.396695 -0.001009
v -0.054675 -0.370956 0.003380
v -0.054675 -0.349961 0.012395
v -0.054675 -0.328847 0.029120
v -0.054675 -0.313645 0.045346
v -0.054675 -0.300835 0.068918
v -0.054675 -0.293148 0.098467
v -0.054675 -0.287412 -0.074579
v -0.025302 -0.292362 -0.075663
v -0.094128 -0.247488 -0.050444
v -0.086620 -0.244871 -0.087203
v -0.087980 -0.263776 -0.061960
v -0.074496 -0.278307 -0.069168
v -0.055658 -0.271501 -0.099181
v -0.074404 -0.260623 -0.093598
v -0.027563 -0.278268 -0.100864
v -0.096476 -0.209786 -0.060045
v -0.093220 -0.228270 -0.076623
v -0.096476 -0.196053 -0.081956
v -0.092428 -0.214993 -0.097322
v -0.085288 -0.231881 -0.106838
v -0.029319 -0.269243 -0.119900
v -0.055867 -0.260257 -0.117437
v -0.073748 -0.247823 -0.111810
v -0.091639 -0.204985 -0.122817
v -0.084104 -0.222193 -0.131161
v -0.028469 -0.263828 -0.139942
v -0.072924 -0.238039 -0.134559
v -0.054969 -0.252625 -0.139148
v -0.096476 -0.185600 -0.108807
v -0.030901 -0.261575 -0.163303
v -0.072690 -0.235564 -0.156036
v -0.055827 -0.250107 -0.160637
v -0.083808 -0.219465 -0.154443
v -0.096476 -0.180927 -0.136313
v -0.091441 -0.201132 -0.148043
v -0.052170 -0.250258 -0.599016
v -0.024989 -0.261471 -0.599016
v -0.071474 -0.233847 -0.599016
v -0.083513 -0.216747 -0.599016
v -0.096476 -0.178871 -0.599016
v -0.091030 -0.198917 -0.599016
v -0.043751 -0.239209 -0.599016
v -0.021634 -0.249574 -0.599016
v -0.060762 -0.223733 -0.599016
v -0.077928 -0.178871 -0.599016
v -0.075062 -0.194877 -0.599016
v -0.069934 -0.209541 -0.599016
v -0.077928 -0.102305 -0.599016
v -0.096476 -0.102305 -0.599016
v -0.077928 -0.102305 -0.334367
v -0.096476 -0.102305 -0.032812
v -0.096476 -0.229356 -0.032812
v -0.075062 -0.194877 -0.334367
v -0.069934 -0.209541 -0.334367
v -0.077928 -0.178871 -0.334367
v -0.021634 -0.249574 -0.334367
v -0.043751 -0.239209 -0.334367
v -0.060762 -0.223733 -0.334367
v -0.096612 -0.102305 0.419606
v -0.096612 -0.205420 0.491014
v -0.094648 -0.083053 0.340826
v -0.082343 -0.083053 0.117490
v -0.082343 -0.083053 0.340826
v -0.096612 -0.102305 1.019316
v -0.082343 -0.102305 0.419722
v -0.082343 -0.102305 0.117490
v -0.096612 -0.605935 0.630089
v -0.096612 -0.642608 0.577642
v -0.082343 -0.083053 1.015441
v -0.094648 -0.083053 1.014154
v -0.094648 -0.059879 0.717509
v -0.042933 -0.059879 1.014880
v -0.082957 -0.059879 1.010699
v -0.042963 -0.083053 1.017673
v -0.082343 -0.102305 1.020311
v -0.096612 -0.122542 1.030100
v -0.042963 -0.122542 1.030100
v -0.042963 -0.138920 1.040253
v -0.096612 -0.138920 1.040253
v -0.042963 -0.154946 1.055035
v -0.096612 -0.154946 1.055035
v -0.042963 -0.167659 1.073966
v -0.096612 -0.167659 1.073966
v -0.042963 -0.174996 1.094400
v -0.096612 -0.174996 1.094400
v -0.042963 -0.178770 1.116091
v -0.096612 -0.178770 1.116091
v -0.042963 -0.180470 1.130602
v -0.096612 -0.180470 1.130602
v -0.042963 -0.187621 1.137351
v -0.096612 -0.187621 1.137351
v -0.042963 -0.198207 1.142741
v -0.096612 -0.198207 1.142741
v -0.042963 -0.212085 1.144573
v -0.042963 -0.227684 1.142552
v -0.096612 -0.233216 1.141395
v -0.042963 -0.243916 1.138792
v -0.096612 -0.212085 1.144573
v -0.088625 -0.246220 1.137607
v -0.042963 -0.241414 1.066615
v -0.042963 -0.238912 0.897367
v -0.042963 -0.102305 1.021495
v -0.042933 -0.059879 0.897419
v -0.024153 -1.092525 1.253913
v -0.024153 -1.082894 1.260048
v -0.024153 -1.071841 1.263991
v -0.096612 -1.076374 1.223072
v -0.072459 -1.085476 1.240261
v -0.072459 -1.074863 1.245153
v -0.048306 -1.084185 1.253212
v -0.048306 -1.073352 1.257629
v -0.096612 -1.086767 1.217704
v -0.072459 -1.094976 1.233526
v -0.048306 -1.093751 1.246777
v -0.096612 -1.096202 1.210670
v -0.072459 -1.102014 1.224846
v -0.048306 -1.099658 1.239389
v -0.024153 -1.098543 1.246268
v -0.024153 -0.669680 1.085512
v -0.048306 -0.669725 1.079548
v -0.076107 -0.668557 1.063079
v -0.096612 -0.682758 1.049206
v -0.084053 -0.658276 1.051499
v -0.080054 -0.664077 1.057947
v -0.085349 -0.646691 1.044652
v -0.096612 -0.540906 0.986548
v -0.085376 -0.509543 0.986019
v -0.096612 -0.509543 0.974585
v -0.085376 -0.401508 0.983064
v -0.096612 -0.373748 0.980405
v -0.096612 -0.400907 0.971028
v -0.085376 -0.431111 0.977446
v -0.096612 -0.430976 0.965208
v -0.096612 -0.483354 0.968118
v -0.085376 -0.456195 0.976643
v -0.096612 -0.456195 0.965208
v -0.085376 -0.483354 0.979553
v -0.096612 -0.649626 1.034571
v -0.085358 -0.613553 1.030032
v -0.096612 -0.347235 0.993984
v -0.085376 -0.327560 1.021990
v -0.096612 -0.320399 1.011767
v -0.085376 -0.306287 1.041718
v -0.096612 -0.295763 1.035642
v -0.084433 -0.287351 1.069134
v -0.096612 -0.274057 1.062841
v -0.096612 -0.244190 1.115942
v -0.079910 -0.260761 1.131465
v -0.081721 -0.281929 1.083392
v -0.096612 -0.257132 1.090371
v -0.078545 -0.276992 1.098392
v -0.076365 -0.272084 1.112507
v -0.077076 -0.267464 1.122080
v -0.085376 -0.376229 0.992140
v -0.085376 -0.354078 1.004071
v -0.096612 -0.227684 1.142552
v -0.096612 -0.176997 0.780931
v -0.096612 -0.477741 0.920413
v -0.096612 -0.155751 0.834394
v -0.096612 -0.993313 1.159529
v -0.096612 -1.081993 1.124285
v -0.096612 -1.125381 1.080658
v -0.096612 -1.177541 0.758791
v -0.074921 -0.245102 1.108894
v -0.076785 -0.258253 1.111286
v -0.076412 -0.264716 1.104150
v -0.083588 -0.280473 1.061915
v -0.085378 -0.367913 0.983806
v -0.085376 -0.297965 1.033368
v -0.085376 -0.444620 0.966132
v -0.085376 -0.540906 0.997982
v -0.085376 -0.509543 0.978580
v -0.084053 -0.658276 1.033097
v -0.085349 -0.646691 1.026249
v -0.076107 -0.668557 1.044676
v -0.080054 -0.664077 1.039544
v -0.085356 -0.612479 1.014358
v -0.091670 -0.480373 0.508621
v -0.136052 -0.469410 0.510064
v -0.136052 -0.480373 0.508621
v -0.091670 -0.432729 0.446530
v -0.136052 -0.439460 0.437758
v -0.136052 -0.432729 0.446530
v -0.091670 -0.499361 0.437758
v -0.136052 -0.506092 0.446530
v -0.136052 -0.499361 0.437758
v -0.091670 -0.490588 0.504390
v -0.136052 -0.490588 0.504390
v -0.091670 -0.428497 0.456746
v -0.136052 -0.428497 0.456746
v -0.136052 -0.428497 0.478671
v -0.091670 -0.427054 0.467708
v -0.136052 -0.427054 0.467708
v -0.091670 -0.490588 0.431027
v -0.136052 -0.490588 0.431027
v -0.091670 -0.499361 0.497659
v -0.136052 -0.499361 0.497659
v -0.091670 -0.432729 0.488886
v -0.136052 -0.432729 0.488886
v -0.091670 -0.480373 0.426795
v -0.136052 -0.480373 0.426795
v -0.091670 -0.506092 0.488886
v -0.136052 -0.506092 0.488886
v -0.091670 -0.439460 0.497659
v -0.136052 -0.439460 0.497659
v -0.091670 -0.469410 0.425352
v -0.136052 -0.469410 0.425352
v -0.091670 -0.510323 0.478671
v -0.136052 -0.510323 0.478671
v -0.091670 -0.448232 0.504390
v -0.136052 -0.448232 0.504390
v -0.091670 -0.458448 0.426795
v -0.136052 -0.458448 0.426795
v -0.091670 -0.511766 0.467708
v -0.136052 -0.511766 0.467708
v -0.091670 -0.458448 0.508621
v -0.136052 -0.458448 0.508621
v -0.091670 -0.448232 0.431026
v -0.136052 -0.448232 0.431026
v -0.091670 -0.510323 0.456746
v -0.136052 -0.510323 0.456746
v -0.091670 -0.469410 0.510064
v -0.091670 -0.439460 0.437758
v -0.091670 -0.506092 0.446530
v -0.136052 -0.469410 0.467708
v -0.076180 -0.984394 1.014674
v -0.076526 -1.133210 1.032347
v -0.076526 -0.988528 0.981869
v -0.073329 -0.059879 0.700075
v -0.066150 -0.059879 0.703000
v -0.076166 -0.059879 0.692525
v -0.076525 -0.059879 0.657872
v -0.067110 -0.075387 0.353319
v -0.051025 -0.090895 0.340649
v -0.067108 -0.059879 0.347910
v -0.029189 -0.498503 0.472463
v -0.029081 -0.103943 0.334904
v -0.072093 -0.059879 0.356779
v -0.051109 -0.490646 0.480067
v -0.074953 -0.469950 0.512209
v -0.076525 -0.457872 0.796728
v -0.074914 -0.059879 0.369246
v -0.067171 -0.480870 0.494664
v -0.094648 -0.083053 0.117490
v -0.075041 -1.159704 0.752564
v -0.075877 -1.177591 0.754775
v -0.051250 -1.165308 0.715365
v -0.067252 -1.021513 0.683124
v -0.067273 -1.162572 0.732295
v -0.075004 -1.016712 0.702825
v -0.029372 -1.167355 0.705651
v -0.051220 -1.023647 0.665959
v -0.029333 -1.024582 0.655875
v -0.089626 -1.147483 0.720856
v -0.048310 -1.171095 0.684118
v -0.024156 -1.172440 0.676399
v -0.072478 -1.168328 0.700007
v -0.089577 -1.181822 0.732376
v -0.096612 -1.132018 0.812766
v -0.082728 -1.165580 0.715779
v -0.082685 -1.183539 0.721778
v -0.076538 -1.165580 0.715779
v -0.076496 -1.183539 0.721778
v -0.073403 -1.126796 1.071927
v -0.066277 -0.984331 1.025259
v -0.066296 -1.126336 1.074761
v -0.076182 -1.127966 1.064703
v -0.073393 -0.984274 1.022254
v -0.066204 -0.456073 0.841111
v -0.096612 -1.106306 1.198365
v -0.042933 -0.040326 1.010971
v -0.061219 -0.040326 1.008881
v -0.042933 -0.006283 1.001108
v -0.061219 -0.006283 0.999860
v -0.042933 -0.006283 0.814666
v -0.061219 -0.006283 0.814666
v -0.082957 -0.059879 0.814666
v -0.042933 -0.059879 0.814666
v -0.094648 -0.059879 1.009441
v -0.073357 -0.456048 0.838152
v 0.073357 -0.456048 0.838152
v 0.096612 -0.993313 1.159529
v -0.076172 -0.456100 0.830589
v 0.096612 -0.684548 1.016328
v 0.096612 -0.714838 1.030376
v -0.096612 -0.684548 1.016328
v 0.096612 -1.081993 1.124285
v -0.124024 -0.152412 0.834394
v -0.124024 -0.122365 0.834394
v -0.132295 -0.141183 0.834394
v -0.112755 -0.119026 0.476451
v -0.118986 -0.120180 0.834394
v -0.112755 -0.119026 0.834394
v -0.118986 -0.120180 0.476451
v -0.124024 -0.122365 0.476451
v -0.128969 -0.126310 0.834394
v -0.128969 -0.126310 0.476451
v -0.132295 -0.133594 0.834394
v -0.096612 -0.119026 0.476451
v -0.096612 -0.119026 0.834394
v -0.124024 -0.152412 0.476451
v -0.132295 -0.141183 0.476451
v -0.118986 -0.154597 0.834394
v -0.112755 -0.155751 0.476451
v -0.112755 -0.155751 0.834394
v -0.118986 -0.154597 0.476451
v -0.128969 -0.148467 0.834394
v -0.128969 -0.148467 0.476451
v -0.096612 -0.155751 0.476451
v -0.132295 -0.133594 0.476451
v -0.096612 -0.162217 0.622898
v 0.000000 -0.565603 0.313702
v 0.094648 -0.059879 0.117490
v 0.000000 -0.081797 0.181223
v 0.000000 -1.024881 0.653390
v 0.066204 -0.456073 0.841111
v -0.094648 -0.059879 0.117490
v -0.091670 -0.428497 0.478671
vt 0.134647 0.646182
vt 0.125922 0.636157
vt 0.137419 0.635284
vt 0.128108 0.628789
vt 0.141668 0.624623
vt 0.147485 0.655762
vt 0.149419 0.646498
vt 0.152133 0.635381
vt 0.155620 0.624583
vt 0.144568 0.615706
vt 0.159507 0.615737
vt 0.146472 0.664984
vt 0.133373 0.655784
vt 0.804511 0.448077
vt 0.794410 0.442159
vt 0.807189 0.439041
vt 0.794383 0.373947
vt 0.806106 0.369121
vt 0.807180 0.379605
vt 0.805731 0.388553
vt 0.786226 0.382669
vt 0.803856 0.397154
vt 0.779018 0.394433
vt 0.802915 0.406372
vt 0.775219 0.408925
vt 0.803369 0.415762
vt 0.777723 0.422054
vt 0.783615 0.432582
vt 0.805028 0.427742
vt 0.123358 0.646852
vt 0.123022 0.655939
vt 0.133302 0.664984
vt 0.107361 0.664984
vt 0.114256 0.656242
vt 0.113958 0.664984
vt 0.131947 0.619785
vt 0.121921 0.623761
vt 0.100429 0.664984
vt 0.106576 0.654859
vt 0.113970 0.648018
vt 0.069763 0.826577
vt 0.060273 0.834611
vt 0.064394 0.823596
vt 0.075904 0.828440
vt 0.069812 0.842042
vt 0.103496 0.632016
vt 0.114225 0.636890
vt 0.102704 0.638389
vt 0.109557 0.627762
vt 0.111735 0.630703
vt 0.081177 0.639379
vt 0.072605 0.641675
vt 0.075831 0.635916
vt 0.080173 0.630441
vt 0.088265 0.639944
vt 0.093499 0.645316
vt 0.086665 0.645579
vt 0.094450 0.633061
vt 0.086091 0.634114
vt 0.094216 0.639255
vt 0.103905 0.644345
vt 0.114341 0.643043
vt 0.095051 0.628684
vt 0.088283 0.628568
vt 0.100038 0.647440
vt 0.079131 0.644671
vt 0.121872 0.664985
vt 0.074633 0.648391
vt 0.070337 0.646697
vt 0.079769 0.649982
vt 0.086600 0.650877
vt 0.093484 0.650141
vt 0.304470 0.787763
vt 0.316502 0.806946
vt 0.304403 0.806947
vt 0.288998 0.787769
vt 0.295870 0.806950
vt 0.287997 0.806956
vt 0.295916 0.787768
vt 0.283549 0.787769
vt 0.282510 0.806952
vt 0.550794 0.765196
vt 0.544693 0.770968
vt 0.544653 0.765162
vt 0.538237 0.765283
vt 0.557428 0.765203
vt 0.550801 0.770962
vt 0.234187 0.520909
vt 0.227624 0.520769
vt 0.227646 0.519727
vt 0.216536 0.514019
vt 0.222213 0.516936
vt 0.216395 0.520527
vt 0.076505 0.847338
vt 0.082335 0.843990
vt 0.083175 0.850458
vt 0.086376 0.833170
vt 0.083173 0.829380
vt 0.088876 0.829326
vt 0.083978 0.837699
vt 0.082395 0.852563
vt 0.086071 0.856636
vt 0.530981 0.771142
vt 0.525204 0.765450
vt 0.530905 0.765377
vt 0.538311 0.771048
vt 0.550886 0.784534
vt 0.539657 0.770967
vt 0.550885 0.770967
vt 0.557449 0.784534
vt 0.557448 0.770968
vt 0.574695 0.735344
vt 0.566097 0.737873
vt 0.565603 0.731658
vt 0.573680 0.729072
vt 0.565429 0.726281
vt 0.575668 0.742279
vt 0.566831 0.744530
vt 0.567989 0.748857
vt 0.579543 0.749224
vt 0.574600 0.721529
vt 0.584555 0.729815
vt 0.585237 0.722339
vt 0.584732 0.736316
vt 0.586400 0.742311
vt 0.589179 0.748894
vt 0.596872 0.742036
vt 0.596382 0.729209
vt 0.596504 0.722323
vt 0.596244 0.736603
vt 0.605782 0.733900
vt 0.604951 0.738756
vt 0.607306 0.727997
vt 0.615881 0.732489
vt 0.621670 0.736478
vt 0.613107 0.737031
vt 0.618954 0.726784
vt 0.607178 0.721847
vt 0.619552 0.721263
vt 0.628169 0.731314
vt 0.630255 0.726453
vt 0.631520 0.720817
vt 0.630144 0.736462
vt 0.642079 0.734087
vt 0.644382 0.727597
vt 0.641047 0.738059
vt 0.652453 0.736637
vt 0.650488 0.742228
vt 0.653703 0.728702
vt 0.645674 0.720576
vt 0.654292 0.719960
vt 0.680875 0.723337
vt 0.714238 0.730440
vt 0.680341 0.730089
vt 0.679963 0.737028
vt 0.714962 0.743067
vt 0.680067 0.743239
vt 0.714574 0.737190
vt 0.663880 0.736193
vt 0.663914 0.743765
vt 0.665454 0.722167
vt 0.664409 0.729741
vt 0.654238 0.750303
vt 0.664971 0.751256
vt 0.681241 0.750590
vt 0.712874 0.704995
vt 0.713463 0.723257
vt 0.680610 0.705481
vt 0.665078 0.705714
vt 0.202736 0.474677
vt 0.190056 0.453093
vt 0.204522 0.464520
vt 0.186064 0.496067
vt 0.211161 0.509033
vt 0.208737 0.453502
vt 0.215770 0.444753
vt 0.207870 0.436389
vt 0.226552 0.436788
vt 0.197713 0.520120
vt 0.215500 0.434190
vt 0.234182 0.434587
vt 0.207551 0.504618
vt 0.204746 0.496476
vt 0.520971 0.784534
vt 0.539657 0.784534
vt 0.202864 0.485869
vt 0.474484 0.200442
vt 0.460904 0.218136
vt 0.460906 0.199450
vt 0.823575 0.431341
vt 0.820835 0.443069
vt 0.811170 0.440584
vt 0.079402 0.718735
vt 0.037420 0.726589
vt 0.032638 0.718726
vt 0.079402 0.726593
vt 0.040106 0.733475
vt 0.079402 0.733479
vt 0.041323 0.741462
vt 0.492549 0.787739
vt 0.481881 0.806907
vt 0.481811 0.787739
vt 0.474142 0.787741
vt 0.460166 0.806926
vt 0.459377 0.787744
vt 0.409112 0.787753
vt 0.400354 0.806940
vt 0.399737 0.787753
vt 0.450699 0.787747
vt 0.441081 0.806937
vt 0.439875 0.787748
vt 0.001953 0.744578
vt 0.009847 0.751301
vt 0.001976 0.752445
vt 0.389088 0.806944
vt 0.387806 0.787750
vt 0.377661 0.806944
vt 0.376982 0.787747
vt 0.418909 0.806940
vt 0.419708 0.787751
vt 0.661331 0.784533
vt 0.654395 0.765346
vt 0.661331 0.765346
vt 0.450747 0.806931
vt 0.500936 0.787738
vt 0.492831 0.806925
vt 0.006652 0.770274
vt 0.019628 0.773781
vt 0.012912 0.779625
vt 0.016329 0.715250
vt 0.017218 0.726211
vt 0.010222 0.722399
vt 0.426790 0.806940
vt 0.426298 0.787751
vt 0.003443 0.761601
vt 0.014277 0.766020
vt 0.432877 0.806940
vt 0.433017 0.787750
vt 0.013112 0.733189
vt 0.005501 0.730812
vt 0.011362 0.758917
vt 0.642684 0.784533
vt 0.634918 0.765346
vt 0.642683 0.765346
vt 0.648715 0.765346
vt 0.676932 0.784531
vt 0.669425 0.765344
vt 0.676931 0.765344
vt 0.627253 0.784533
vt 0.617825 0.765344
vt 0.627247 0.765346
vt 0.669425 0.784531
vt 0.634924 0.784533
vt 0.009725 0.745270
vt 0.002900 0.738576
vt 0.010604 0.739659
vt 0.654392 0.784533
vt 0.648715 0.784533
vt 0.683095 0.784531
vt 0.683093 0.765344
vt 0.690070 0.784531
vt 0.690069 0.765344
vt 0.699232 0.784531
vt 0.699230 0.765344
vt 0.707250 0.784531
vt 0.707248 0.765344
vt 0.716702 0.784530
vt 0.474173 0.806919
vt 0.026847 0.716520
vt 0.026192 0.705295
vt 0.032472 0.712396
vt 0.031464 0.699645
vt 0.040296 0.707628
vt 0.038116 0.690885
vt 0.047929 0.705179
vt 0.042752 0.681274
vt 0.057371 0.704744
vt 0.716699 0.765344
vt 0.724507 0.784530
vt 0.733910 0.765340
vt 0.724499 0.765342
vt 0.744612 0.765331
vt 0.733931 0.784530
vt 0.744666 0.784530
vt 0.751677 0.765636
vt 0.751487 0.784530
vt 0.065133 0.705537
vt 0.073953 0.708829
vt 0.044458 0.667745
vt 0.088870 0.718542
vt 0.082796 0.714882
vt 0.059367 0.819266
vt 0.020385 0.788261
vt 0.617828 0.784534
vt 0.515459 0.787732
vt 0.515912 0.796525
vt 0.503423 0.806998
vt 0.378545 0.746889
vt 0.365619 0.750056
vt 0.368129 0.743655
vt 0.381232 0.732420
vt 0.369574 0.737235
vt 0.371200 0.730587
vt 0.382197 0.713301
vt 0.371958 0.721251
vt 0.372052 0.713303
vt 0.379685 0.739832
vt 0.382002 0.722605
vt 0.372492 0.761702
vt 0.361425 0.757872
vt 0.376276 0.753702
vt 0.380942 0.764048
vt 0.386425 0.748931
vt 0.389331 0.723798
vt 0.388683 0.733816
vt 0.387141 0.741798
vt 0.389621 0.713301
vt 0.393707 0.757186
vt 0.384357 0.756006
vt 0.396753 0.723774
vt 0.395862 0.742955
vt 0.390457 0.765120
vt 0.405156 0.724669
vt 0.396931 0.734309
vt 0.403612 0.742637
vt 0.403816 0.749723
vt 0.395546 0.750089
vt 0.405320 0.713297
vt 0.396919 0.713300
vt 0.399439 0.764769
vt 0.402490 0.757039
vt 0.558351 0.731601
vt 0.404677 0.734564
vt 0.558864 0.740179
vt 0.559524 0.747271
vt 0.558022 0.721661
vt 0.561017 0.761101
vt 0.560310 0.753893
vt 0.125939 0.497905
vt 0.133753 0.504488
vt 0.129876 0.507443
vt 0.139186 0.510455
vt 0.135636 0.514215
vt 0.141636 0.518439
vt 0.129119 0.489135
vt 0.124694 0.489137
vt 0.147890 0.521080
vt 0.154924 0.516484
vt 0.154924 0.522994
vt 0.149310 0.515476
vt 0.181793 0.516483
vt 0.921631 0.477337
vt 0.928252 0.570201
vt 0.921764 0.570210
vt 0.379292 0.200646
vt 0.346393 0.183399
vt 0.350058 0.173978
vt 0.341574 0.191088
vt 0.334705 0.200647
vt 0.351698 0.164327
vt 0.379288 0.001953
vt 0.257894 0.785899
vt 0.165023 0.793557
vt 0.165023 0.785902
vt 0.257894 0.821570
vt 0.165023 0.827274
vt 0.165023 0.821570
vt 0.257894 0.816122
vt 0.165023 0.816122
vt 0.257894 0.827274
vt 0.165023 0.854143
vt 0.257894 0.793557
vt 0.165023 0.802127
vt 0.257894 0.802130
vt 0.165023 0.810192
vt 0.257894 0.810197
vt 0.330201 0.315650
vt 0.379293 0.331770
vt 0.330948 0.327333
vt 0.328959 0.341625
vt 0.323365 0.352313
vt 0.313669 0.361511
vt 0.343104 0.384477
vt 0.299376 0.365986
vt 0.233206 0.360701
vt 0.254023 0.355033
vt 0.228870 0.367409
vt 0.220236 0.386697
vt 0.263824 0.355798
vt 0.214196 0.397484
vt 0.237500 0.355709
vt 0.242623 0.353175
vt 0.225675 0.373750
vt 0.273892 0.363503
vt 0.285576 0.365989
vt 0.204350 0.408298
vt 0.334709 0.253327
vt 0.334083 0.288029
vt 0.332962 0.304776
vt 0.306122 0.001953
vt 0.301965 0.080308
vt 0.297661 0.079946
vt 0.922642 0.240398
vt 0.927149 0.002290
vt 0.927647 0.240386
vt 0.922925 0.318772
vt 0.928023 0.371506
vt 0.209320 0.430934
vt 0.189679 0.414883
vt 0.975990 0.400585
vt 0.982745 0.637322
vt 0.975988 0.639032
vt 0.287711 0.316089
vt 0.283380 0.316264
vt 0.954089 0.106054
vt 0.962199 0.001953
vt 0.962251 0.238238
vt 0.390989 0.818786
vt 0.386677 0.810382
vt 0.404918 0.810822
vt 0.404829 0.819013
vt 0.390973 0.825756
vt 0.385980 0.833653
vt 0.385956 0.825608
vt 0.404807 0.833619
vt 0.404819 0.840382
vt 0.404833 0.848033
vt 0.385993 0.840417
vt 0.404848 0.856033
vt 0.386006 0.848069
vt 0.404865 0.863653
vt 0.386021 0.856071
vt 0.404880 0.871380
vt 0.386038 0.863689
vt 0.404888 0.876507
vt 0.386054 0.871415
vt 0.233822 0.456966
vt 0.214996 0.453512
vt 0.233822 0.453516
vt 0.233824 0.461135
vt 0.214998 0.456964
vt 0.233824 0.466048
vt 0.214998 0.461134
vt 0.233824 0.471567
vt 0.214998 0.473551
vt 0.214998 0.471566
vt 0.214998 0.466046
vt 0.233824 0.477414
vt 0.217799 0.478304
vt 0.526583 0.145655
vt 0.550437 0.161732
vt 0.527746 0.153296
vt 0.530699 0.160817
vt 0.528238 0.158397
vt 0.534371 0.162785
vt 0.539226 0.163529
vt 0.544714 0.162934
vt 0.550091 0.136394
vt 0.550460 0.076999
vt 0.524158 0.138430
vt 0.508653 0.122707
vt 0.514325 0.126392
vt 0.519837 0.131696
vt 0.494888 0.118055
vt 0.486779 0.116902
vt 0.501617 0.119539
vt 0.487647 0.075693
vt 0.791318 0.617490
vt 0.794338 0.609026
vt 0.794738 0.617595
vt 0.787311 0.617561
vt 0.790316 0.609068
vt 0.783200 0.617721
vt 0.786354 0.609109
vt 0.792954 0.646071
vt 0.792091 0.635252
vt 0.797096 0.645715
vt 0.788002 0.635612
vt 0.789092 0.626152
vt 0.784996 0.626429
vt 0.796151 0.635231
vt 0.801269 0.645692
vt 0.793128 0.626093
vt 0.800026 0.635697
vt 0.806808 0.646413
vt 0.796440 0.626347
vt 0.223878 0.345357
vt 0.232688 0.191381
vt 0.232654 0.345783
vt 0.203240 0.341419
vt 0.212996 0.187809
vt 0.214417 0.344061
vt 0.241180 0.191797
vt 0.241189 0.345605
vt 0.224008 0.190539
vt 0.209210 0.182746
vt 0.211219 0.185561
vt 0.203355 0.190465
vt 0.208257 0.177993
vt 0.197871 0.136587
vt 0.201694 0.125519
vt 0.203412 0.137366
vt 0.190741 0.077862
vt 0.197052 0.086332
vt 0.191433 0.087683
vt 0.198055 0.097128
vt 0.192320 0.098161
vt 0.194760 0.115973
vt 0.199132 0.106146
vt 0.200376 0.115910
vt 0.196094 0.125129
vt 0.193486 0.106701
vt 0.202864 0.177909
vt 0.190172 0.067644
vt 0.195461 0.056171
vt 0.195946 0.067610
vt 0.189571 0.056540
vt 0.195505 0.045802
vt 0.189796 0.044652
vt 0.197034 0.034052
vt 0.199403 0.005889
vt 0.203346 0.010845
vt 0.193479 0.011457
vt 0.190483 0.032558
vt 0.199053 0.028902
vt 0.191806 0.021354
vt 0.201353 0.023685
vt 0.203254 0.018700
vt 0.203772 0.014993
vt 0.195534 0.001953
vt 0.196378 0.076664
vt 0.329496 0.603784
vt 0.352454 0.603839
vt 0.340761 0.613834
vt 0.372177 0.573658
vt 0.302745 0.567226
vt 0.379276 0.569872
vt 0.366432 0.577223
vt 0.311394 0.575607
vt 0.360811 0.582413
vt 0.319013 0.585150
vt 0.356351 0.589057
vt 0.324953 0.594812
vt 0.335286 0.613123
vt 0.333345 0.612717
vt 0.353778 0.596228
vt 0.345633 0.613193
vt 0.349350 0.611300
vt 0.351859 0.608932
vt 0.293328 0.560984
vt 0.353068 0.486218
vt 0.284027 0.556218
vt 0.274497 0.552929
vt 0.240133 0.538600
vt 0.263943 0.550886
vt 0.217305 0.001953
vt 0.217303 0.018003
vt 0.207105 0.006512
vt 0.822847 0.694251
vt 0.825779 0.699857
vt 0.814611 0.699560
vt 0.815661 0.694941
vt 0.816159 0.690092
vt 0.813189 0.692635
vt 0.811189 0.688253
vt 0.805861 0.686366
vt 0.798288 0.686760
vt 0.800821 0.684328
vt 0.773818 0.653131
vt 0.770892 0.656047
vt 0.770636 0.644260
vt 0.791191 0.677689
vt 0.788260 0.680610
vt 0.784271 0.670223
vt 0.777998 0.660909
vt 0.768667 0.633873
vt 0.764699 0.629131
vt 0.768391 0.625072
vt 0.769415 0.615543
vt 0.771689 0.606355
vt 0.769078 0.606353
vt 0.775897 0.595355
vt 0.792302 0.558249
vt 0.788248 0.554156
vt 0.794706 0.554160
vt 0.796969 0.551692
vt 0.792312 0.549597
vt 0.798771 0.549599
vt 0.806646 0.531368
vt 0.801077 0.522894
vt 0.807535 0.522892
vt 0.804553 0.539840
vt 0.790510 0.551686
vt 0.787169 0.569874
vt 0.785844 0.558245
vt 0.877795 0.704460
vt 0.885431 0.771878
vt 0.877803 0.771880
vt 0.829318 0.635914
vt 0.811165 0.675222
vt 0.811174 0.572775
vt 0.954119 0.238239
vt 0.829315 0.677133
vt 0.821175 0.567687
vt 0.793004 0.337094
vt 0.844357 0.325762
vt 0.846359 0.337090
vt 0.818655 0.566661
vt 0.817662 0.564009
vt 0.817538 0.551844
vt 0.007722 0.175831
vt 0.001953 0.175791
vt 0.011411 0.167602
vt 0.161708 0.159216
vt 0.017201 0.148945
vt 0.162843 0.148943
vt 0.002943 0.179203
vt 0.159979 0.167634
vt 0.015073 0.159184
vt 0.005294 0.013557
vt 0.019285 0.009626
vt 0.020073 0.018795
vt 0.003844 0.022626
vt 0.020602 0.026167
vt 0.001953 0.032911
vt 0.020600 0.034246
vt 0.009999 0.001953
vt 0.156825 0.183420
vt 0.037771 0.279060
vt 0.004432 0.183419
vt 0.158419 0.175838
vt 0.818097 0.450558
vt 0.819086 0.446181
vt 0.962239 0.316613
vt 0.975988 0.322212
vt 0.982746 0.400585
vt 0.358261 0.430757
vt 0.768313 0.745496
vt 0.715792 0.749393
vt 0.777459 0.732267
vt 0.779426 0.725154
vt 0.773958 0.738642
vt 0.844387 0.567689
vt 0.820830 0.229987
vt 0.827023 0.228655
vt 0.767018 0.222426
vt 0.818390 0.214266
vt 0.819440 0.222433
vt 0.767702 0.230015
vt 0.790585 0.325742
vt 0.765742 0.214248
vt 0.817948 0.205847
vt 0.764887 0.205829
vt 0.817718 0.195497
vt 0.041775 0.290546
vt 0.185692 0.279097
vt 0.189017 0.290517
vt 0.342802 0.626746
vt 0.357337 0.617449
vt 0.343438 0.665010
vt 0.344059 0.656661
vt 0.345219 0.647959
vt 0.346752 0.637885
vt 0.355468 0.627077
vt 0.781669 0.570247
vt 0.017928 0.497388
vt 0.001953 0.478446
vt 0.206837 0.165179
vt 0.348047 0.631323
vt 0.354704 0.631498
vt 0.023871 0.001959
vt 0.026048 0.008598
vt 0.023874 0.008603
vt 0.918401 0.680847
vt 0.924016 0.677247
vt 0.924019 0.679420
vt 0.825194 0.217030
vt 0.818550 0.217104
vt 0.937092 0.679934
vt 0.929911 0.682667
vt 0.923897 0.688294
vt 0.912745 0.689330
vt 0.920419 0.695973
vt 0.919452 0.706282
vt 0.910000 0.697805
vt 0.158493 0.721448
vt 0.153903 0.717681
vt 0.156074 0.717681
vt 0.160963 0.730842
vt 0.153684 0.729447
vt 0.794207 0.342490
vt 0.846806 0.339802
vt 0.846980 0.342486
vt 0.793841 0.339803
vt 0.794127 0.001983
vt 0.846782 0.025219
vt 0.794136 0.025241
vt 0.042985 0.295936
vt 0.190224 0.319147
vt 0.042985 0.319149
vt 0.135563 0.904158
vt 0.127082 0.904698
vt 0.127072 0.843168
vt 0.152832 0.842169
vt 0.160994 0.887116
vt 0.150337 0.843179
vt 0.152520 0.896536
vt 0.144043 0.901709
vt 0.153805 0.839598
vt 0.160976 0.845268
vt 0.153924 0.828094
vt 0.134646 0.683788
vt 0.125921 0.693811
vt 0.123357 0.683116
vt 0.137417 0.694683
vt 0.128103 0.701180
vt 0.147484 0.674205
vt 0.133371 0.674184
vt 0.152130 0.694584
vt 0.141667 0.705341
vt 0.155617 0.705377
vt 0.144566 0.714255
vt 0.149418 0.683466
vt 0.864107 0.477197
vt 0.866790 0.486232
vt 0.854010 0.483121
vt 0.854008 0.551332
vt 0.866800 0.545667
vt 0.865734 0.556152
vt 0.865350 0.536724
vt 0.845847 0.542610
vt 0.863475 0.528124
vt 0.838637 0.530850
vt 0.862532 0.518908
vt 0.834836 0.516361
vt 0.862983 0.509515
vt 0.837333 0.503233
vt 0.843220 0.492704
vt 0.864635 0.497533
vt 0.123021 0.674028
vt 0.114256 0.673725
vt 0.131945 0.710184
vt 0.121916 0.706208
vt 0.106573 0.675106
vt 0.113970 0.681948
vt 0.898260 0.678094
vt 0.888771 0.670056
vt 0.898316 0.662629
vt 0.904406 0.676233
vt 0.905007 0.657335
vt 0.103494 0.697949
vt 0.114223 0.693077
vt 0.111731 0.699265
vt 0.109554 0.702203
vt 0.102899 0.701365
vt 0.072602 0.688276
vt 0.081175 0.690580
vt 0.075827 0.694039
vt 0.080167 0.699519
vt 0.086088 0.695850
vt 0.088262 0.690021
vt 0.093497 0.684648
vt 0.094214 0.690707
vt 0.094449 0.696901
vt 0.103904 0.685617
vt 0.102702 0.691574
vt 0.114339 0.686921
vt 0.095050 0.701277
vt 0.088278 0.701396
vt 0.082791 0.703191
vt 0.100037 0.682526
vt 0.093484 0.679823
vt 0.086665 0.684385
vt 0.074634 0.681559
vt 0.079131 0.685287
vt 0.079773 0.679976
vt 0.086602 0.679085
vt 0.316493 0.768577
vt 0.304395 0.768582
vt 0.295862 0.768584
vt 0.287990 0.768581
vt 0.282503 0.768585
vt 0.550795 0.803875
vt 0.544693 0.798104
vt 0.550800 0.798107
vt 0.538237 0.803787
vt 0.544654 0.803910
vt 0.557428 0.803866
vt 0.285913 0.420962
vt 0.279371 0.422150
vt 0.279348 0.421108
vt 0.268261 0.427859
vt 0.268120 0.421349
vt 0.273938 0.424941
vt 0.911681 0.654219
vt 0.910838 0.660684
vt 0.914879 0.671500
vt 0.917382 0.675340
vt 0.911680 0.675291
vt 0.912480 0.666972
vt 0.910901 0.652111
vt 0.914576 0.648039
vt 0.525204 0.803619
vt 0.530982 0.797928
vt 0.530907 0.803693
vt 0.538311 0.798022
vt 0.539657 0.798101
vt 0.550885 0.798102
vt 0.557448 0.798101
vt 0.565142 0.676427
vt 0.573809 0.678711
vt 0.564827 0.682654
vt 0.572975 0.685011
vt 0.564807 0.688038
vt 0.565686 0.669749
vt 0.574584 0.671749
vt 0.566720 0.665390
vt 0.578258 0.664695
vt 0.574114 0.692525
vt 0.565596 0.693734
vt 0.583825 0.683958
vt 0.583813 0.677451
vt 0.585309 0.671413
vt 0.587900 0.664756
vt 0.595783 0.671391
vt 0.595666 0.684220
vt 0.584727 0.691412
vt 0.595995 0.691098
vt 0.595313 0.676837
vt 0.604925 0.679249
vt 0.606624 0.685100
vt 0.603950 0.674424
vt 0.606682 0.691248
vt 0.615063 0.680349
vt 0.618305 0.685958
vt 0.620736 0.676185
vt 0.627385 0.681153
vt 0.619066 0.691458
vt 0.612155 0.675893
vt 0.629611 0.685956
vt 0.631039 0.691557
vt 0.629216 0.675950
vt 0.641216 0.678000
vt 0.643707 0.684431
vt 0.645198 0.691416
vt 0.640076 0.674061
vt 0.651517 0.675170
vt 0.653002 0.683070
vt 0.649395 0.669639
vt 0.653849 0.691801
vt 0.680332 0.687629
vt 0.713463 0.679520
vt 0.712909 0.686724
vt 0.679004 0.673967
vt 0.713804 0.666881
vt 0.713593 0.672763
vt 0.679590 0.680892
vt 0.662955 0.675282
vt 0.663675 0.681716
vt 0.662764 0.667711
vt 0.664947 0.689258
vt 0.678924 0.667758
vt 0.652899 0.661460
vt 0.663598 0.660190
vt 0.679874 0.660373
vt 0.714441 0.660530
vt 0.654962 0.705869
vt 0.254464 0.467202
vt 0.256248 0.477360
vt 0.241784 0.488788
vt 0.262886 0.432844
vt 0.237790 0.445813
vt 0.260466 0.488377
vt 0.267497 0.497126
vt 0.259599 0.505489
vt 0.249438 0.421758
vt 0.278279 0.505091
vt 0.267227 0.507686
vt 0.259277 0.437259
vt 0.256473 0.445402
vt 0.254590 0.456011
vt 0.447326 0.200442
vt 0.447327 0.219128
vt 0.877585 0.440590
vt 0.865181 0.431346
vt 0.865180 0.384582
vt 0.037424 0.756337
vt 0.079404 0.764197
vt 0.032641 0.764197
vt 0.040108 0.749451
vt 0.079404 0.756337
vt 0.079402 0.749451
vt 0.481875 0.768573
vt 0.492822 0.768554
vt 0.460159 0.768563
vt 0.474164 0.768563
vt 0.400356 0.768566
vt 0.409618 0.768569
vt 0.441074 0.768560
vt 0.450741 0.768561
vt 0.830453 0.760083
vt 0.838348 0.753361
vt 0.838226 0.759392
vt 0.389091 0.768560
vt 0.377661 0.768553
vt 0.418905 0.768563
vt 0.654395 0.803720
vt 0.661333 0.803720
vt 0.503413 0.768475
vt 0.835155 0.734388
vt 0.848134 0.730891
vt 0.842776 0.738645
vt 0.844829 0.789409
vt 0.845712 0.778450
vt 0.850806 0.783964
vt 0.426784 0.768561
vt 0.831943 0.743060
vt 0.839862 0.745745
vt 0.432870 0.768560
vt 0.838718 0.782266
vt 0.841608 0.771474
vt 0.830476 0.752216
vt 0.634921 0.803720
vt 0.642683 0.803720
vt 0.648712 0.803720
vt 0.669426 0.803717
vt 0.676934 0.803717
vt 0.617826 0.803721
vt 0.627249 0.803720
vt 0.831398 0.766086
vt 0.839101 0.765006
vt 0.833997 0.773853
vt 0.683095 0.803717
vt 0.690070 0.803717
vt 0.699234 0.803717
vt 0.707251 0.803716
vt 0.716702 0.803716
vt 0.855343 0.788134
vt 0.854692 0.799358
vt 0.860969 0.792256
vt 0.859960 0.805007
vt 0.868792 0.797024
vt 0.866607 0.813766
vt 0.876425 0.799477
vt 0.871239 0.823379
vt 0.885866 0.799916
vt 0.724502 0.803716
vt 0.733911 0.803716
vt 0.744614 0.803726
vt 0.751677 0.803421
vt 0.893628 0.799123
vt 0.902448 0.795835
vt 0.872940 0.836910
vt 0.911292 0.789786
vt 0.917367 0.786129
vt 0.892888 0.681071
vt 0.887863 0.685398
vt 0.841420 0.725044
vt 0.848890 0.716410
vt 0.515907 0.778941
vt 0.517034 0.768554
vt 0.365606 0.676552
vt 0.378534 0.679714
vt 0.368119 0.682951
vt 0.369566 0.689370
vt 0.381227 0.694182
vt 0.371195 0.696019
vt 0.371956 0.705353
vt 0.379676 0.686770
vt 0.382000 0.703997
vt 0.372474 0.664904
vt 0.376263 0.672903
vt 0.380923 0.662555
vt 0.384341 0.670596
vt 0.386413 0.677671
vt 0.389329 0.702803
vt 0.388678 0.692784
vt 0.387132 0.684804
vt 0.393689 0.669411
vt 0.395534 0.676508
vt 0.396749 0.702825
vt 0.395853 0.683644
vt 0.396926 0.692290
vt 0.390436 0.661476
vt 0.405150 0.701927
vt 0.403603 0.683961
vt 0.404670 0.692033
vt 0.403803 0.676871
vt 0.399417 0.661825
vt 0.402474 0.669556
vt 0.558342 0.694864
vt 0.558019 0.704803
vt 0.558855 0.686289
vt 0.559512 0.679194
vt 0.557944 0.713232
vt 0.560996 0.665352
vt 0.560294 0.672565
vt 0.125937 0.480367
vt 0.133751 0.473787
vt 0.130111 0.481545
vt 0.129874 0.470831
vt 0.139184 0.467819
vt 0.141631 0.459835
vt 0.135635 0.464059
vt 0.147888 0.457191
vt 0.154923 0.461789
vt 0.149307 0.462795
vt 0.144162 0.464597
vt 0.154923 0.455281
vt 0.181790 0.461795
vt 0.937784 0.001953
vt 0.931303 0.094826
vt 0.931275 0.001955
vt 0.760653 0.442677
vt 0.731424 0.469345
vt 0.727754 0.459922
vt 0.722936 0.452233
vt 0.716069 0.442678
vt 0.733064 0.478997
vt 0.760653 0.641370
vt 0.733785 0.641370
vt 0.165023 0.778246
vt 0.165025 0.744514
vt 0.257895 0.750220
vt 0.165025 0.750220
vt 0.257895 0.755674
vt 0.165025 0.755674
vt 0.165025 0.717643
vt 0.257895 0.744512
vt 0.165025 0.769674
vt 0.257895 0.778243
vt 0.165025 0.761605
vt 0.257895 0.769671
vt 0.257895 0.761602
vt 0.711562 0.327682
vt 0.712307 0.315998
vt 0.760650 0.283912
vt 0.710317 0.301703
vt 0.704724 0.291013
vt 0.695029 0.281812
vt 0.680736 0.277341
vt 0.724466 0.258853
vt 0.614569 0.282629
vt 0.610234 0.275924
vt 0.635387 0.288295
vt 0.601598 0.256633
vt 0.595558 0.245843
vt 0.645188 0.287529
vt 0.623987 0.290154
vt 0.618864 0.287620
vt 0.607037 0.269581
vt 0.655254 0.279824
vt 0.666937 0.277341
vt 0.585717 0.235026
vt 0.716072 0.390002
vt 0.715449 0.355303
vt 0.714324 0.338558
vt 0.953203 0.729080
vt 0.957510 0.650707
vt 0.957524 0.729079
vt 0.937661 0.569859
vt 0.932723 0.359447
vt 0.937732 0.359410
vt 0.932861 0.253388
vt 0.937845 0.200646
vt 0.583919 0.210040
vt 0.571046 0.228447
vt 0.975111 0.212712
vt 0.981871 0.003663
vt 0.981868 0.240398
vt 0.953200 0.965363
vt 0.961380 0.647329
vt 0.953223 0.543232
vt 0.961326 0.411044
vt 0.402289 0.501870
vt 0.388171 0.502206
vt 0.388361 0.493905
vt 0.402200 0.493678
vt 0.388345 0.486934
vt 0.383326 0.487080
vt 0.383354 0.479033
vt 0.402180 0.479075
vt 0.402196 0.472314
vt 0.383369 0.472269
vt 0.402212 0.464661
vt 0.383386 0.464619
vt 0.402231 0.456660
vt 0.383405 0.456617
vt 0.402250 0.449043
vt 0.383424 0.448998
vt 0.402269 0.441319
vt 0.383442 0.441272
vt 0.402281 0.436193
vt 0.283385 0.352381
vt 0.302210 0.348924
vt 0.302212 0.352374
vt 0.283383 0.348931
vt 0.302209 0.344757
vt 0.283382 0.344764
vt 0.302209 0.339844
vt 0.302207 0.334324
vt 0.283380 0.332347
vt 0.302207 0.328478
vt 0.283382 0.339851
vt 0.286182 0.327592
vt 0.594080 0.124495
vt 0.595245 0.116856
vt 0.617932 0.108412
vt 0.595734 0.111753
vt 0.598194 0.109333
vt 0.601868 0.107364
vt 0.606723 0.106619
vt 0.612211 0.107212
vt 0.617588 0.133752
vt 0.617967 0.193148
vt 0.591659 0.131718
vt 0.576157 0.147440
vt 0.581826 0.143759
vt 0.587340 0.138454
vt 0.554286 0.153242
vt 0.562397 0.152091
vt 0.569121 0.150609
vt 0.555154 0.194453
vt 0.561880 0.001953
vt 0.499053 0.032091
vt 0.499054 0.001961
vt 0.791146 0.600627
vt 0.787137 0.600640
vt 0.783021 0.600564
vt 0.782233 0.609151
vt 0.792172 0.572017
vt 0.791541 0.582852
vt 0.787445 0.582580
vt 0.788737 0.592013
vt 0.784636 0.591824
vt 0.796322 0.572285
vt 0.795601 0.582785
vt 0.792774 0.591988
vt 0.800492 0.572219
vt 0.799463 0.582238
vt 0.796081 0.591662
vt 0.794561 0.600449
vt 0.258490 0.345358
vt 0.249672 0.191382
vt 0.258358 0.190544
vt 0.279122 0.341430
vt 0.269368 0.187818
vt 0.279009 0.190480
vt 0.249722 0.345783
vt 0.267951 0.344069
vt 0.273154 0.182761
vt 0.271144 0.185574
vt 0.274112 0.178009
vt 0.284501 0.136609
vt 0.280661 0.125550
vt 0.286260 0.125144
vt 0.285025 0.086358
vt 0.291287 0.077855
vt 0.290656 0.087669
vt 0.284110 0.097165
vt 0.289855 0.098148
vt 0.287553 0.115979
vt 0.283112 0.106186
vt 0.288759 0.106697
vt 0.281936 0.115946
vt 0.279505 0.177926
vt 0.275533 0.165198
vt 0.291833 0.067652
vt 0.286548 0.056180
vt 0.292441 0.056553
vt 0.286517 0.045810
vt 0.292228 0.044661
vt 0.284980 0.034073
vt 0.291525 0.032559
vt 0.282407 0.005950
vt 0.288381 0.011468
vt 0.278506 0.010937
vt 0.282938 0.028947
vt 0.290136 0.021356
vt 0.280605 0.023752
vt 0.278669 0.018790
vt 0.278117 0.015089
vt 0.286243 0.001981
vt 0.285647 0.076683
vt 0.286061 0.067623
vt 0.710860 0.039549
vt 0.722128 0.029502
vt 0.733816 0.039500
vt 0.753547 0.069675
vt 0.760650 0.073461
vt 0.684115 0.076105
vt 0.747802 0.066114
vt 0.692761 0.067727
vt 0.742178 0.060927
vt 0.700380 0.058181
vt 0.737719 0.054281
vt 0.706320 0.048522
vt 0.714712 0.030617
vt 0.716653 0.030211
vt 0.735142 0.047108
vt 0.726999 0.030144
vt 0.730713 0.032037
vt 0.733223 0.034407
vt 0.674699 0.082345
vt 0.734432 0.157115
vt 0.665396 0.087110
vt 0.655864 0.090401
vt 0.628899 0.108163
vt 0.645311 0.092444
vt 0.741888 0.138353
vt 0.418824 0.001953
vt 0.447973 0.024250
vt 0.416855 0.036620
vt 0.401625 0.051929
vt 0.383326 0.164880
vt 0.536500 0.035537
vt 0.536500 0.046709
vt 0.521847 0.042088
vt 0.822856 0.351533
vt 0.814623 0.346224
vt 0.825789 0.345926
vt 0.815670 0.350842
vt 0.816169 0.355690
vt 0.811200 0.357530
vt 0.813200 0.353148
vt 0.805873 0.359418
vt 0.800833 0.361461
vt 0.798301 0.359029
vt 0.819509 0.354015
vt 0.773821 0.392650
vt 0.770645 0.401521
vt 0.770895 0.389735
vt 0.791207 0.368103
vt 0.784289 0.375570
vt 0.788277 0.365184
vt 0.778005 0.384876
vt 0.768685 0.411909
vt 0.768408 0.420711
vt 0.764718 0.416652
vt 0.769427 0.430241
vt 0.771698 0.439427
vt 0.775904 0.450427
vt 0.769088 0.439428
vt 0.792300 0.487534
vt 0.788248 0.491626
vt 0.785844 0.487538
vt 0.796969 0.494093
vt 0.792312 0.496186
vt 0.790510 0.494096
vt 0.806644 0.514418
vt 0.804550 0.505946
vt 0.794706 0.491623
vt 0.798771 0.496185
vt 0.787164 0.475911
vt 0.781664 0.475539
vt 0.889290 0.765023
vt 0.904859 0.761122
vt 0.904865 0.765000
vt 0.889246 0.730113
vt 0.904816 0.726212
vt 0.904822 0.730092
vt 0.889212 0.702964
vt 0.904781 0.699061
vt 0.904786 0.702940
vt 0.889295 0.768903
vt 0.904869 0.768880
vt 0.889251 0.733991
vt 0.904825 0.733970
vt 0.904834 0.741728
vt 0.889255 0.737870
vt 0.904830 0.737850
vt 0.889217 0.706842
vt 0.904790 0.706820
vt 0.889300 0.772783
vt 0.904875 0.772760
vt 0.889266 0.745631
vt 0.904841 0.745605
vt 0.889220 0.710723
vt 0.904795 0.710699
vt 0.889306 0.776665
vt 0.904881 0.776641
vt 0.889270 0.749510
vt 0.904845 0.749483
vt 0.889226 0.714602
vt 0.904801 0.714577
vt 0.889313 0.780546
vt 0.904887 0.780519
vt 0.889276 0.753386
vt 0.904851 0.753361
vt 0.889230 0.718478
vt 0.904805 0.718453
vt 0.889319 0.784425
vt 0.904894 0.784400
vt 0.889282 0.757264
vt 0.904856 0.757242
vt 0.889236 0.722356
vt 0.904811 0.722332
vt 0.889199 0.695207
vt 0.904767 0.691301
vt 0.904774 0.695181
vt 0.889287 0.761142
vt 0.889242 0.726235
vt 0.889206 0.699088
vt 0.491591 0.129652
vt 0.500640 0.141445
vt 0.488847 0.132395
vt 0.515375 0.143386
vt 0.515375 0.139504
vt 0.494948 0.155176
vt 0.498695 0.156181
vt 0.486908 0.135754
vt 0.514370 0.135756
vt 0.512431 0.132395
vt 0.509686 0.129652
vt 0.502576 0.156182
vt 0.485903 0.139502
vt 0.506326 0.127712
vt 0.506323 0.155180
vt 0.485902 0.143382
vt 0.502579 0.126708
vt 0.509685 0.153240
vt 0.486907 0.147130
vt 0.498698 0.126708
vt 0.512430 0.150497
vt 0.488846 0.150492
vt 0.494951 0.127712
vt 0.514370 0.147135
vt 0.491589 0.153235
vt 0.953193 0.411044
vt 0.792946 0.053898
vt 0.844305 0.065212
vt 0.790533 0.065252
vt 0.870116 0.566661
vt 0.877597 0.572778
vt 0.867598 0.567687
vt 0.871113 0.564011
vt 0.871238 0.551850
vt 0.007725 0.122054
vt 0.011411 0.130286
vt 0.001956 0.122091
vt 0.161708 0.138669
vt 0.015073 0.138707
vt 0.002949 0.118679
vt 0.159979 0.130249
vt 0.002503 0.052543
vt 0.017878 0.049465
vt 0.015791 0.058427
vt 0.002361 0.043361
vt 0.019451 0.042243
vt 0.005508 0.064700
vt 0.156830 0.114468
vt 0.037787 0.018822
vt 0.185710 0.018795
vt 0.004437 0.114463
vt 0.158421 0.122047
vt 0.870662 0.450564
vt 0.869671 0.446188
vt 0.867922 0.443076
vt 0.961345 0.332673
vt 0.975126 0.318774
vt 0.767054 0.662784
vt 0.772907 0.669460
vt 0.776601 0.675723
vt 0.778784 0.682768
vt 0.780253 0.690518
vt 0.820817 0.160996
vt 0.827007 0.162324
vt 0.818385 0.176723
vt 0.767007 0.168578
vt 0.819429 0.168554
vt 0.767688 0.160989
vt 0.817944 0.185144
vt 0.765737 0.176754
vt 0.764885 0.185172
vt 0.041793 0.007344
vt 0.342799 0.703264
vt 0.159502 0.714222
vt 0.345217 0.682054
vt 0.344059 0.673355
vt 0.346750 0.692128
vt 0.355467 0.702936
vt 0.357331 0.712564
vt 0.399301 0.145938
vt 0.278960 0.137390
vt 0.348045 0.698689
vt 0.354702 0.698513
vt 0.030008 0.008598
vt 0.032180 0.001959
vt 0.032180 0.008602
vt 0.918401 0.731718
vt 0.924019 0.733147
vt 0.924014 0.735320
vt 0.825190 0.173950
vt 0.929911 0.729897
vt 0.937092 0.732627
vt 0.923897 0.724271
vt 0.912745 0.723233
vt 0.920416 0.716591
vt 0.909998 0.714757
vt 0.908481 0.706282
vt 0.100187 0.717693
vt 0.095599 0.721464
vt 0.098015 0.717695
vt 0.093132 0.730857
vt 0.100412 0.729459
vt 0.846745 0.051171
vt 0.794146 0.048500
vt 0.846919 0.048486
vt 0.846300 0.053880
vt 0.793780 0.051187
vt 0.042985 0.342364
vt 0.190224 0.342378
vt 0.118599 0.904162
vt 0.101320 0.842178
vt 0.103811 0.843186
vt 0.093163 0.887125
vt 0.101641 0.896542
vt 0.110118 0.901714
vt 0.408319 0.010622
vt 0.415177 0.003837
vt 0.411866 0.006305
vt 0.100345 0.839608
vt 0.093177 0.845280
vt 0.100223 0.828104
vt 0.481611 0.001953
vt 0.481614 0.008949
vt 0.475157 0.009098
vt 0.384019 0.494009
vt 0.481508 0.021386
vt 0.475076 0.021455
vt 0.898844 0.066944
vt 0.910785 0.001953
vt 0.910791 0.070108
vt 0.704205 0.348362
vt 0.710628 0.413351
vt 0.704211 0.413351
vt 0.809260 0.772164
vt 0.802401 0.839585
vt 0.802398 0.770792
vt 0.381968 0.880641
vt 0.363161 0.815215
vt 0.375111 0.811753
vt 0.381970 0.851602
vt 0.363162 0.880641
vt 0.859451 0.635914
vt 0.859453 0.606874
vt 0.877646 0.675224
vt 0.873501 0.606874
vt 0.255093 0.550886
vt 0.189894 0.004668
vt 0.043008 0.001953
vt 0.190246 0.001978
vt 0.606735 0.084951
vt 0.617743 0.089152
vt 0.636461 0.092444
vt 0.189873 0.293220
vt 0.042648 0.293241
vt 0.066604 0.619081
vt 0.175586 0.580365
vt 0.037456 0.641382
vt 0.245563 0.551909
vt 0.236372 0.554178
vt 0.626932 0.091422
vt 0.189036 0.007368
vt 0.042668 0.004655
vt 0.174957 0.568827
vt 0.225365 0.558377
vt 0.187212 0.575230
vt 0.164328 0.573759
vt 0.556328 0.074498
vt 0.556957 0.062960
vt 0.568583 0.068097
vt 0.035486 0.606712
vt 0.020261 0.591400
vt 0.661576 0.129881
vt 0.651033 0.129871
vt 0.657639 0.126974
vt 0.669544 0.807157
vt 0.671807 0.932766
vt 0.669581 0.932766
vt 0.671768 0.807157
vt 0.673734 0.932768
vt 0.673706 0.807159
vt 0.675949 0.932768
vt 0.675941 0.807159
vt 0.678758 0.932768
vt 0.663876 0.807159
vt 0.663917 0.932768
vt 0.444680 0.132514
vt 0.447581 0.136456
vt 0.444677 0.143058
vt 0.339228 0.001953
vt 0.326341 0.127563
vt 0.326339 0.001953
vt 0.688393 0.932766
vt 0.690619 0.807156
vt 0.690621 0.932764
vt 0.686457 0.932768
vt 0.688399 0.807157
vt 0.684234 0.932768
vt 0.686472 0.807159
vt 0.681419 0.932768
vt 0.684251 0.807159
vt 0.696286 0.807156
vt 0.696284 0.932764
vt 0.681431 0.807159
vt 0.678761 0.807159
vt 0.741896 0.263962
vt 0.739623 0.212572
vt 0.754782 0.263962
vt 0.754780 0.138353
vt 0.098178 0.432962
vt 0.038775 0.402815
vt 0.098175 0.402808
vt 0.102902 0.628598
vt 0.082796 0.626772
vt 0.316496 0.787762
vt 0.525277 0.771216
vt 0.566054 0.720566
vt 0.520971 0.770967
vt 0.474481 0.219129
vt 0.811189 0.362211
vt 0.823587 0.384578
vt 0.079402 0.741464
vt 0.409619 0.806938
vt 0.022310 0.720692
vt 0.517045 0.806910
vt 0.130113 0.496726
vt 0.144166 0.513675
vt 0.181793 0.522994
vt 0.352419 0.001953
vt 0.257894 0.854143
vt 0.310418 0.002407
vt 0.922138 0.001953
vt 0.954070 0.003608
vt 0.386647 0.818680
vt 0.404798 0.825902
vt 0.386063 0.876541
vt 0.819500 0.691768
vt 0.885423 0.703725
vt 0.954109 0.316613
vt 0.982746 0.322212
vt 0.780653 0.717361
vt 0.764699 0.195500
vt 0.026044 0.001953
vt 0.846901 0.001953
vt 0.190224 0.295914
vt 0.070337 0.683250
vt 0.525282 0.797853
vt 0.285909 0.507290
vt 0.520973 0.798102
vt 0.877587 0.362217
vt 0.361408 0.668735
vt 0.181791 0.455285
vt 0.257895 0.717643
vt 0.953193 0.650707
vt 0.932652 0.570206
vt 0.975117 0.001953
vt 0.957519 0.965814
vt 0.953249 0.645677
vt 0.402170 0.486792
vt 0.383455 0.436145
vt 0.283380 0.334331
vt 0.561879 0.032107
vt 0.806014 0.571379
vt 0.889258 0.741750
vt 0.889193 0.691327
vt 0.953214 0.332671
vt 0.981881 0.318771
vt 0.030008 0.001953
vt 0.818545 0.173880
vt 0.467494 0.009245
vt 0.467491 0.002248
vt 0.384046 0.502307
vt 0.898837 0.001955
vt 0.710620 0.347923
vt 0.809261 0.839585
vt 0.381974 0.810382
vt 0.873541 0.675668
vt 0.033810 0.639496
vt 0.030499 0.637028
vt 0.026952 0.632709
vt 0.652419 0.128134
vt 0.654975 0.126970
vt 0.660194 0.128143
vt 0.662341 0.131651
vt 0.650263 0.131637
vt 0.662742 0.133839
vt 0.662736 0.139504
vt 0.649849 0.139488
vt 0.649855 0.133823
vt 0.435052 0.144228
vt 0.435057 0.131339
vt 0.440720 0.131341
vt 0.442909 0.131747
vt 0.442907 0.143824
vt 0.446415 0.133898
vt 0.447581 0.139119
vt 0.446413 0.141675
vt 0.440719 0.144229
vt 0.339229 0.127563
vt 0.038779 0.432969
vn 0.4249 -0.4752 -0.7705
vn 0.5560 -0.6486 -0.5197
vn 0.6781 -0.3973 -0.6184
vn 0.8330 -0.4411 -0.3339
vn 0.8931 -0.2518 -0.3728
vn 0.2115 -0.3214 -0.9230
vn 0.4377 -0.2967 -0.8488
vn 0.7272 -0.2242 -0.6488
vn 0.9177 -0.1311 -0.3751
vn 0.9634 -0.1417 -0.2274
vn 0.9679 -0.0818 -0.2378
vn 0.0000 -0.3309 -0.9437
vn 0.1907 -0.4928 -0.8490
vn 0.9696 -0.2440 0.0156
vn 0.9695 -0.2450 -0.0086
vn 0.9692 -0.2457 0.0175
vn 0.9662 0.1110 -0.2326
vn 0.9631 0.1636 -0.2137
vn 0.9637 0.1603 -0.2134
vn 0.9660 0.0816 -0.2452
vn 0.9652 0.0326 -0.2594
vn 0.9686 -0.0169 -0.2480
vn 0.9705 -0.0541 -0.2348
vn 0.9743 -0.1046 -0.1993
vn 0.9763 -0.1203 -0.1798
vn 0.9767 -0.1756 -0.1234
vn 0.9767 -0.1704 -0.1308
vn 0.9741 -0.2140 -0.0734
vn 0.9725 -0.2294 -0.0392
vn 0.3183 -0.6909 -0.6490
vn 0.1373 -0.6839 -0.7166
vn -0.0000 -0.5339 -0.8455
vn 0.0000 -0.8897 -0.4566
vn 0.0746 -0.8067 -0.5862
vn 0.0000 -0.8001 -0.5999
vn 0.9327 -0.2778 -0.2299
vn 0.8937 -0.4024 -0.1985
vn 0.0000 -0.9890 -0.1477
vn 0.0370 -0.9149 -0.4021
vn 0.1463 -0.8556 -0.4966
vn 0.9999 -0.0112 0.0038
vn 0.9999 -0.0149 0.0010
vn 0.9999 -0.0130 0.0030
vn 1.0000 -0.0061 0.0078
vn 0.9999 -0.0107 0.0030
vn 0.7982 -0.5476 -0.2510
vn 0.5839 -0.7265 -0.3623
vn 0.5697 -0.7601 -0.3124
vn 0.8750 -0.4432 -0.1948
vn 0.7799 -0.5556 -0.2880
vn 0.7398 -0.2794 -0.6121
vn 0.5147 -0.2127 -0.8306
vn 0.7560 -0.1973 -0.6241
vn 0.8986 -0.1658 -0.4063
vn 0.7467 -0.4935 -0.4460
vn 0.4134 -0.8377 -0.3569
vn 0.4623 -0.6068 -0.6466
vn 0.8661 -0.4335 -0.2490
vn 0.8911 -0.2647 -0.3687
vn 0.6157 -0.7340 -0.2865
vn 0.3283 -0.8877 -0.3227
vn 0.3364 -0.8256 -0.4531
vn 0.7800 -0.5556 -0.2880
vn 0.9288 -0.3131 -0.1983
vn 0.9445 -0.2022 -0.2590
vn 0.3183 -0.6909 -0.6491
vn 0.0775 -0.9631 -0.2576
vn 0.4609 -0.3441 -0.8180
vn 0.5697 -0.7602 -0.3124
vn -0.0000 -0.6994 -0.7147
vn 0.3268 -0.2647 -0.9073
vn 0.3821 -0.2653 -0.8852
vn 0.2939 -0.4838 -0.8244
vn 0.2959 -0.6800 -0.6709
vn 0.2594 -0.8505 -0.4575
vn 0.0000 -0.9830 0.1834
vn 0.0175 -0.9994 0.0303
vn 0.0138 -0.9819 0.1891
vn -0.0000 -0.9954 0.0962
vn 0.0125 -0.9889 0.1479
vn 0.0175 -0.9979 0.0631
vn -0.0000 -0.9856 0.1693
vn 0.0436 0.9513 -0.3052
vn 0.0611 0.8967 -0.4385
vn 0.1168 0.8915 -0.4378
vn 0.0279 0.8112 -0.5841
vn 0.1181 0.8913 -0.4377
vn -0.0077 0.9996 -0.0285
vn 0.0017 0.9700 -0.2431
vn -1.0000 0.0000 0.0000
vn 1.0000 -0.0024 0.0057
vn 1.0000 0.0001 0.0002
vn 0.9995 -0.0058 0.0319
vn 0.9997 -0.0104 0.0208
vn 0.9991 -0.0270 0.0316
vn 0.9999 -0.0005 0.0127
vn 1.0000 0.0009 -0.0000
vn 1.0000 0.0004 0.0001
vn 1.0000 0.0008 -0.0001
vn 1.0000 0.0001 0.0000
vn 0.0000 0.7066 -0.7077
vn 0.0947 0.4462 -0.8899
vn -0.0000 0.7065 -0.7077
vn 0.0000 0.8258 -0.5639
vn 0.0000 1.0000 0.0000
vn -0.0014 1.0000 -0.0034
vn 0.5051 0.2278 -0.8324
vn 0.7341 0.0855 -0.6737
vn 0.4585 0.2380 -0.8562
vn 0.2186 0.3022 -0.9278
vn 0.8438 0.1160 -0.5239
vn 0.9069 -0.0312 -0.4201
vn 0.9634 0.0208 -0.2671
vn 0.9464 0.0780 -0.3133
vn 0.0834 0.2906 -0.9532
vn 0.2395 0.1711 -0.9557
vn 0.1612 0.0811 -0.9836
vn 0.5125 0.1259 -0.8494
vn 0.8192 0.0732 -0.5689
vn 0.9040 0.0145 -0.4273
vn 0.7758 -0.0299 -0.6302
vn 0.2741 -0.0319 -0.9612
vn 0.1527 -0.0773 -0.9852
vn 0.8191 0.0732 -0.5689
vn 0.5413 -0.0383 -0.8400
vn 0.4334 -0.1682 -0.8854
vn 0.5886 -0.1217 -0.7992
vn 0.2403 -0.2215 -0.9451
vn 0.4167 -0.3716 -0.8296
vn 0.5435 -0.4434 -0.7128
vn 0.5552 -0.2571 -0.7910
vn 0.2295 -0.4395 -0.8684
vn 0.1774 -0.2755 -0.9448
vn 0.1751 -0.5055 -0.8449
vn 0.4108 -0.5770 -0.7059
vn 0.2668 -0.6747 -0.6881
vn 0.2668 -0.6747 -0.6882
vn 0.1774 -0.7322 -0.6576
vn 0.5865 -0.5768 -0.5687
vn 0.4894 -0.6970 -0.5242
vn 0.3189 -0.8065 -0.4979
vn 0.7438 -0.5663 -0.3551
vn 0.6799 -0.6897 -0.2491
vn 0.8879 -0.4310 -0.1609
vn 0.3774 -0.9050 -0.1965
vn 0.1813 -0.8737 -0.4515
vn 0.1076 -0.9873 -0.1165
vn 0.1808 -0.9835 -0.0046
vn 0.6050 -0.7962 0.0086
vn 0.5667 -0.8239 -0.0022
vn 0.8024 -0.5967 -0.0031
vn 0.9600 -0.2799 0.0044
vn 0.9280 -0.3726 -0.0057
vn 0.8399 -0.5426 0.0093
vn 0.7460 -0.6620 -0.0720
vn 0.9098 -0.4083 -0.0739
vn 0.1631 -0.9854 -0.0488
vn 0.5155 -0.8549 -0.0580
vn 0.9099 -0.4083 -0.0739
vn 0.9577 -0.2775 -0.0760
vn 0.9606 -0.2764 -0.0283
vn 0.9710 -0.2390 -0.0028
vn 0.0000 -1.0000 0.0055
vn 0.2909 -0.9564 0.0273
vn -0.0000 -0.9999 -0.0117
vn 0.0000 -0.9983 -0.0575
vn 0.0392 -0.9992 0.0000
vn 0.0000 -1.0000 -0.0000
vn -0.5900 0.8074 0.0000
vn -0.5163 0.8564 0.0000
vn -0.4259 0.9048 -0.0000
vn -0.2453 0.9694 0.0000
vn -0.1718 0.9851 -0.0000
vn -0.0000 -0.2784 -0.9605
vn 0.0099 -0.1922 -0.9813
vn -0.0000 -0.1605 -0.9870
vn 0.0000 -0.0674 -0.9977
vn 0.0167 -0.0803 -0.9966
vn 0.0000 -0.1058 -0.9944
vn -0.0000 -0.8962 -0.4436
vn 0.0113 -0.9640 -0.2658
vn 0.0000 -0.9838 -0.1790
vn -0.0000 -0.2928 -0.9562
vn 0.0170 -0.3925 -0.9196
vn 0.0000 -0.4497 -0.8932
vn 1.0000 0.0000 0.0000
vn 0.0057 -0.9971 -0.0759
vn 0.0000 -0.9985 -0.0550
vn 0.0333 -0.9994 -0.0125
vn -0.0000 -1.0000 -0.0047
vn 0.0090 -0.8244 -0.5660
vn 0.0000 -0.7971 -0.6039
vn 0.0000 0.4125 0.9110
vn 0.0000 0.5202 0.8541
vn 0.0000 0.3628 0.9319
vn 0.0223 -0.2194 -0.9754
vn 0.0000 -0.5604 -0.8282
vn 0.0309 -0.3326 -0.9426
vn 1.0000 -0.0020 -0.0016
vn 0.0118 -0.7061 -0.7080
vn 0.0000 -0.7033 -0.7109
vn 0.0160 -0.5539 -0.8324
vn -0.0000 -0.6062 -0.7953
vn -0.0000 0.8271 0.5621
vn 0.0000 0.8978 0.4404
vn 0.0000 0.8270 0.5622
vn -0.0000 0.7101 0.7041
vn -0.0000 0.8270 0.5621
vn -0.0000 0.0851 0.9964
vn 0.0000 0.1828 0.9832
vn 0.0000 0.0580 0.9983
vn -0.0000 0.9849 0.1732
vn -0.0017 0.9998 0.0208
vn 0.0000 0.9701 0.2427
vn 0.0000 0.2524 0.9676
vn 0.0000 0.9244 0.3815
vn -0.0000 0.5796 0.8149
vn -0.0000 0.7102 0.7040
vn 0.0000 -0.0130 0.9999
vn 0.0000 -0.0497 0.9988
vn 0.0000 -0.1172 0.9931
vn -0.0000 -0.1449 0.9894
vn 0.0000 -0.2384 0.9712
vn -0.0000 -0.3142 0.9494
vn 0.0000 -0.4824 0.8759
vn 0.0000 -0.5576 0.8301
vn 0.0000 -0.6542 0.7563
vn 0.0017 -0.0883 -0.9961
vn -0.0000 -0.6905 0.7233
vn 0.0000 -0.8177 0.5756
vn -0.0000 -0.9172 0.3984
vn 0.0000 -0.8178 0.5756
vn 0.0000 -0.9642 0.2650
vn 0.0000 -0.9465 0.3227
vn 0.0000 -0.9757 0.2189
vn 0.9997 0.0256 0.0008
vn 0.9902 0.1398 0.0046
vn 0.9981 0.0619 0.0021
vn 0.9999 -0.0100 -0.0010
vn 1.0000 -0.0090 -0.0011
vn 0.0000 1.0000 0.0086
vn 0.0000 1.0000 -0.0009
vn 0.0000 -0.7692 -0.6390
vn 0.0859 -0.7585 -0.6460
vn 0.0859 -0.7586 -0.6459
vn 0.0839 -0.5953 -0.7991
vn 0.8924 -0.3445 -0.2915
vn 0.9796 -0.1472 -0.1367
vn 0.8538 -0.4023 -0.3303
vn 0.3842 -0.7893 -0.4789
vn 0.5977 -0.6611 -0.4535
vn 0.2330 -0.7803 -0.5804
vn 0.0000 -0.8945 -0.4471
vn 0.6853 -0.5883 -0.4292
vn 0.1441 -0.8793 -0.4540
vn 0.0859 -0.7585 -0.6459
vn 0.9932 -0.0898 -0.0743
vn 0.9956 -0.0759 -0.0545
vn 0.9741 -0.1706 -0.1487
vn 0.9881 -0.1310 -0.0811
vn 0.8952 -0.3810 -0.2310
vn 0.2182 -0.9025 -0.3713
vn 0.4883 -0.7887 -0.3735
vn 0.7310 -0.5790 -0.3611
vn 0.0000 -0.9468 -0.3217
vn 0.9596 -0.2652 -0.0937
vn 0.9713 -0.2034 -0.1231
vn 0.2334 -0.9563 -0.1764
vn 0.7445 -0.6358 -0.2035
vn 0.9810 -0.1825 -0.0663
vn 0.3119 -0.9501 -0.0070
vn 0.5179 -0.8415 -0.1541
vn 0.2334 -0.9562 -0.1764
vn 0.7641 -0.6451 -0.0080
vn 0.8926 -0.4509 -0.0065
vn 0.8933 -0.4311 -0.1272
vn -0.0000 -1.0000 -0.0062
vn -0.0000 -0.9904 -0.1383
vn 0.9711 -0.2387 -0.0052
vn 0.9553 -0.2956 -0.0046
vn 0.4805 -0.8770 -0.0046
vn 0.5700 -0.8216 -0.0066
vn 0.7064 -0.7078 -0.0048
vn 0.8572 -0.5150 -0.0039
vn 0.2262 -0.9741 -0.0034
vn 0.9678 -0.2516 -0.0016
vn 0.9391 -0.3436 -0.0026
vn 0.0000 0.0000 -1.0000
vn -0.2383 0.9712 0.0000
vn -0.9740 0.2266 -0.0000
vn -0.9986 0.0527 -0.0000
vn -0.9606 0.2781 0.0000
vn -0.9131 0.4077 -0.0000
vn -0.8780 0.4787 0.0000
vn -0.9999 0.0169 0.0000
vn -0.3369 0.9415 -0.0000
vn -0.5089 0.8608 0.0000
vn -0.5927 0.8054 0.0000
vn -0.7225 0.6913 0.0000
vn -0.7786 0.6276 0.0000
vn 1.0000 -0.0000 -0.0003
vn 1.0000 0.0001 -0.0004
vn 1.0000 0.0000 -0.0002
vn 1.0000 0.0013 -0.0014
vn 1.0000 0.0009 -0.0010
vn 0.0778 0.1873 0.9792
vn 0.1025 0.1980 0.9748
vn 0.0828 0.1645 0.9829
vn 0.0475 0.1829 0.9820
vn 0.0280 0.3459 0.9378
vn 0.0280 0.3459 0.9379
vn 0.0056 0.4917 0.8707
vn 0.0614 0.4694 0.8809
vn 0.0077 0.4544 0.8907
vn 0.0000 0.5839 0.8118
vn 0.0077 0.4544 0.8908
vn 0.0000 0.7348 0.6783
vn -0.0000 0.6341 0.7732
vn 0.0000 0.8718 0.4899
vn -0.0000 0.7856 0.6187
vn 0.0000 0.9592 0.2829
vn 0.0000 0.9092 0.4164
vn 0.0000 0.9875 0.1577
vn 0.0000 0.9739 0.2271
vn 0.0000 0.9932 0.1164
vn 0.0000 0.9901 0.1401
vn 0.0000 0.6045 0.7966
vn 0.0000 0.6864 0.7272
vn -0.0000 0.3386 0.9409
vn -0.0000 0.5263 0.8503
vn -0.0000 0.0379 0.9993
vn 0.0000 0.2298 0.9732
vn -0.0007 -0.1668 0.9860
vn 0.0025 -0.2432 0.9700
vn -0.0000 -0.1487 0.9889
vn -0.0000 -0.0490 0.9988
vn 0.0030 -0.2507 0.9681
vn 0.0105 -0.2856 0.9583
vn -1.0000 -0.0001 0.0001
vn -1.0000 -0.0006 0.0007
vn -1.0000 -0.0004 0.0003
vn -1.0000 -0.0006 0.0008
vn -1.0000 -0.0002 -0.0000
vn 0.1206 -0.6638 0.7381
vn 0.0000 -0.7886 0.6149
vn 0.1042 -0.7800 0.6171
vn 0.1501 -0.4360 0.8874
vn -0.0000 -0.6239 0.7815
vn 0.1247 -0.3195 0.9393
vn -0.0000 -0.3822 0.9241
vn 0.6270 -0.3419 0.7000
vn 0.5201 -0.4299 0.7380
vn 0.6035 -0.4357 0.6678
vn 0.4982 -0.3512 0.7928
vn 0.3183 -0.4480 0.8355
vn 0.2942 -0.3477 0.8902
vn 0.1501 -0.4360 0.8873
vn 0.4610 -0.6059 0.6483
vn 0.5228 -0.6185 0.5867
vn 0.2726 -0.6454 0.7135
vn 0.4352 -0.6979 0.5688
vn 0.4876 -0.6748 0.5541
vn 0.2448 -0.7558 0.6074
vn 0.3136 0.3839 0.8685
vn 0.1917 0.3975 0.8974
vn 0.1535 0.4011 0.9031
vn 0.6600 0.3029 0.6875
vn 0.5960 0.3240 0.7347
vn 0.5291 0.3426 0.7763
vn 0.0000 0.4057 0.9140
vn 0.0000 0.4063 0.9137
vn 0.3887 0.3724 0.8428
vn 0.6923 0.2934 0.6593
vn 0.6678 0.2666 0.6950
vn 0.6697 0.2992 0.6797
vn 0.6696 0.2992 0.6798
vn 0.6677 0.2666 0.6950
vn 0.6838 0.2975 0.6663
vn 0.6826 0.2864 0.6723
vn 0.6936 0.2330 0.6816
vn 0.6838 0.2842 0.6720
vn 0.7212 -0.2605 0.6419
vn 0.7250 -0.1939 0.6608
vn 0.7266 -0.1602 0.6682
vn 0.7326 -0.0973 0.6737
vn 0.7291 -0.0561 0.6821
vn 0.7092 0.1064 0.6969
vn 0.7187 0.0333 0.6945
vn 0.7064 0.1383 0.6942
vn 0.6983 0.2040 0.6862
vn 0.7287 -0.0562 0.6825
vn 0.7127 0.0389 0.7003
vn 0.6787 0.2968 0.6718
vn 0.7333 -0.3497 0.5831
vn 0.7404 -0.4008 0.5396
vn 0.7349 -0.3546 0.5781
vn 0.7356 -0.4369 0.5177
vn 0.7319 -0.4984 0.4646
vn 0.7406 -0.5127 0.4343
vn 0.7523 -0.5282 0.3938
vn 0.7899 -0.5651 0.2383
vn 0.7797 -0.5861 0.2206
vn 0.7744 -0.5803 0.2523
vn 0.7629 -0.5324 0.3668
vn 0.7619 -0.5496 0.3427
vn 0.7591 -0.5666 0.3204
vn 0.7609 -0.5593 0.3290
vn 0.7643 -0.5849 0.2715
vn 0.6857 -0.6741 0.2744
vn 0.7943 -0.5579 0.2405
vn 0.7263 -0.2912 0.6227
vn -0.0508 -0.9986 -0.0147
vn -0.9353 0.1818 0.3036
vn -0.8465 0.3312 0.4169
vn -0.9251 0.1839 0.3321
vn -0.9936 0.0091 0.1122
vn -0.9996 -0.0236 -0.0152
vn -0.9869 -0.1260 -0.1004
vn -0.9839 -0.1023 -0.1464
vn -0.9785 -0.1703 -0.1164
vn -0.9916 -0.1208 -0.0472
vn -0.9912 -0.1320 -0.0098
vn -1.0000 0.0001 -0.0002
vn -0.9991 -0.0427 -0.0051
vn -0.9999 -0.0107 -0.0107
vn -1.0000 0.0002 0.0003
vn -1.0000 0.0004 0.0006
vn -0.9989 0.0461 -0.0000
vn -0.9751 0.2218 0.0000
vn -0.9282 0.3720 0.0000
vn -0.7787 0.6274 0.0000
vn -0.7503 0.6611 0.0000
vn -0.0033 1.0000 -0.0051
vn -0.0000 0.9999 0.0164
vn -0.0125 0.9998 0.0161
vn -0.8028 0.5963 -0.0000
vn -0.0150 0.9997 0.0215
vn -0.0420 0.9991 0.0000
vn -1.0000 0.0003 0.0000
vn -0.9998 0.0179 -0.0000
vn -0.9988 -0.0159 -0.0455
vn -1.0000 -0.0034 0.0029
vn -0.9921 -0.0412 -0.1183
vn -0.8747 0.1606 0.4573
vn -0.7702 0.2099 0.6022
vn -0.6310 0.2553 0.7326
vn -0.1788 0.3238 0.9291
vn 0.0000 0.3292 0.9443
vn 0.0000 0.3291 0.9443
vn -0.9162 0.2196 0.3352
vn -0.5205 0.2810 0.8063
vn -0.2876 0.3153 0.9044
vn -0.7348 0.5704 0.3671
vn -0.8174 0.4830 0.3141
vn -0.5802 0.6707 0.4622
vn -0.3812 0.7776 0.5000
vn -0.2573 0.8126 0.5229
vn 0.0000 0.8461 0.5331
vn 0.0000 0.8431 0.5377
vn -0.8875 0.4116 0.2073
vn -0.9995 0.0106 0.0305
vn -1.0000 0.0016 0.0047
vn -0.9995 0.0109 0.0307
vn -0.8056 0.1949 0.5595
vn 1.0000 -0.0004 -0.0004
vn 1.0000 -0.0001 -0.0002
vn 0.9863 -0.1651 0.0040
vn 0.9801 -0.1983 -0.0020
vn 0.8051 -0.5930 0.0102
vn 0.5320 -0.8467 0.0071
vn 0.9557 -0.2941 0.0087
vn -0.9999 0.0028 0.0168
vn -0.9989 -0.0458 0.0076
vn -0.8047 0.1953 0.5606
vn -0.6289 0.2559 0.7342
vn -0.8758 0.1586 0.4558
vn -0.9985 0.0175 0.0511
vn -1.0000 0.0014 0.0043
vn -0.5216 0.2808 0.8056
vn -0.2921 0.3148 0.9031
vn -0.1826 0.3231 0.9286
vn -0.0000 0.3287 0.9444
vn -0.9988 -0.0161 -0.0462
vn -1.0000 0.0008 0.0024
vn -0.9919 -0.0419 -0.1201
vn 0.9131 -0.1311 -0.3862
vn 0.9665 -0.0824 -0.2432
vn -0.0000 -0.3231 -0.9464
vn 0.2764 -0.3116 -0.9091
vn 0.4988 -0.2793 -0.8205
vn 0.7173 -0.2237 -0.6598
vn 0.9245 -0.1224 -0.3609
vn 0.9665 -0.0823 -0.2433
vn -1.0000 0.0003 0.0001
vn 0.6800 0.2961 0.6708
vn 0.6788 0.2965 0.6718
vn 0.8385 -0.1748 -0.5162
vn 0.8384 -0.1748 -0.5163
vn 0.8381 -0.1746 -0.5168
vn 0.8384 -0.1748 -0.5162
vn 0.0000 -0.3168 -0.9485
vn -0.0100 -0.9841 0.1774
vn 0.0000 -0.9852 0.1716
vn -0.0247 -0.9861 0.1646
vn -0.9993 -0.0280 -0.0256
vn -0.9992 -0.0107 -0.0390
vn -0.0425 -0.9869 0.1559
vn -0.0215 -0.9855 0.1686
vn -0.0035 -0.9838 0.1792
vn 0.0012 -0.9839 0.1785
vn 0.0008 -0.9846 0.1748
vn -0.0000 -0.9846 0.1749
vn -0.0031 -0.9848 0.1739
vn -0.0214 -0.9850 0.1713
vn -0.0125 -0.9845 0.1749
vn 0.0000 -0.9871 0.1599
vn -0.0140 -0.9871 0.1594
vn -0.0275 -0.9867 0.1599
vn -0.0385 -0.3289 -0.9436
vn -0.6033 -0.2625 -0.7531
vn -0.8057 -0.1950 -0.5594
vn 0.0000 -0.3292 -0.9443
vn -0.0378 -0.3289 -0.9436
vn -0.0001 -0.9874 0.1580
vn 0.0002 -0.9874 0.1581
vn 0.0000 -0.9873 0.1591
vn -0.0001 -0.9871 0.1600
vn -0.0030 -0.9871 0.1600
vn -0.0048 -0.9869 0.1611
vn -0.0014 -0.9874 0.1583
vn -0.0001 -0.9873 0.1591
vn -0.0051 -0.9869 0.1612
vn -0.0015 -0.9874 0.1584
vn -0.0008 -0.9874 0.1581
vn -0.0009 -0.9874 0.1581
vn -0.0006 -0.9874 0.1580
vn -0.0126 -0.9872 0.1591
vn -0.0000 -0.9871 0.1600
vn -0.0275 -0.9868 0.1599
vn -0.4249 -0.4752 -0.7705
vn -0.5560 -0.6486 -0.5197
vn -0.3183 -0.6910 -0.6490
vn -0.6781 -0.3973 -0.6184
vn -0.8330 -0.4411 -0.3339
vn -0.2115 -0.3214 -0.9230
vn -0.1907 -0.4928 -0.8490
vn -0.7272 -0.2242 -0.6488
vn -0.8931 -0.2518 -0.3728
vn -0.9177 -0.1311 -0.3751
vn -0.9634 -0.1417 -0.2274
vn -0.4377 -0.2967 -0.8488
vn -0.9696 -0.2440 0.0156
vn -0.9692 -0.2457 0.0175
vn -0.9695 -0.2450 -0.0086
vn -0.9662 0.1110 -0.2326
vn -0.9637 0.1603 -0.2134
vn -0.9631 0.1636 -0.2137
vn -0.9660 0.0816 -0.2452
vn -0.9652 0.0326 -0.2594
vn -0.9686 -0.0169 -0.2480
vn -0.9705 -0.0541 -0.2348
vn -0.9743 -0.1046 -0.1993
vn -0.9763 -0.1203 -0.1798
vn -0.9767 -0.1757 -0.1234
vn -0.9767 -0.1704 -0.1308
vn -0.9741 -0.2140 -0.0734
vn -0.9725 -0.2294 -0.0392
vn -0.3183 -0.6909 -0.6490
vn -0.1373 -0.6839 -0.7166
vn -0.0746 -0.8067 -0.5862
vn -0.9327 -0.2778 -0.2299
vn -0.8937 -0.4024 -0.1985
vn -0.0370 -0.9149 -0.4021
vn -0.1463 -0.8556 -0.4966
vn -0.9999 -0.0112 0.0038
vn -0.9999 -0.0149 0.0010
vn -0.9999 -0.0107 0.0030
vn -1.0000 -0.0061 0.0078
vn -0.9999 -0.0107 0.0031
vn -1.0000 -0.0024 0.0057
vn -0.7982 -0.5476 -0.2510
vn -0.5839 -0.7265 -0.3623
vn -0.7799 -0.5556 -0.2880
vn -0.8750 -0.4433 -0.1948
vn -0.8980 -0.3810 -0.2200
vn -0.5147 -0.2127 -0.8306
vn -0.7398 -0.2794 -0.6121
vn -0.7560 -0.1973 -0.6241
vn -0.8986 -0.1658 -0.4063
vn -0.8911 -0.2647 -0.3687
vn -0.7467 -0.4935 -0.4460
vn -0.4134 -0.8377 -0.3569
vn -0.6157 -0.7340 -0.2865
vn -0.8661 -0.4335 -0.2490
vn -0.3283 -0.8877 -0.3227
vn -0.5697 -0.7601 -0.3124
vn -0.3364 -0.8256 -0.4531
vn -0.7800 -0.5556 -0.2880
vn -0.9288 -0.3131 -0.1983
vn -0.9445 -0.2022 -0.2590
vn -0.9439 -0.1464 -0.2959
vn -0.3183 -0.6909 -0.6491
vn -0.0775 -0.9631 -0.2576
vn -0.2594 -0.8505 -0.4575
vn -0.4623 -0.6068 -0.6466
vn -0.3268 -0.2647 -0.9073
vn -0.4609 -0.3441 -0.8180
vn -0.2939 -0.4838 -0.8244
vn -0.2959 -0.6800 -0.6709
vn -0.0175 -0.9994 0.0303
vn -0.0138 -0.9819 0.1891
vn -0.0126 -0.9889 0.1479
vn -0.0175 -0.9979 0.0631
vn -0.0436 0.9513 -0.3052
vn -0.0612 0.8967 -0.4385
vn -0.0017 0.9700 -0.2431
vn -0.0278 0.8112 -0.5841
vn -0.1169 0.8914 -0.4379
vn 0.0077 0.9996 -0.0285
vn -1.0000 0.0001 0.0002
vn -0.9995 -0.0058 0.0319
vn -0.9991 -0.0270 0.0316
vn -0.9997 -0.0104 0.0208
vn -0.9999 -0.0005 0.0127
vn -1.0000 0.0009 -0.0000
vn -1.0000 0.0004 0.0001
vn -1.0000 0.0008 -0.0001
vn -1.0000 0.0001 0.0000
vn -0.0947 0.4462 -0.8899
vn 0.0014 1.0000 -0.0034
vn -0.7341 0.0855 -0.6737
vn -0.5051 0.2278 -0.8324
vn -0.4585 0.2379 -0.8562
vn -0.2186 0.3022 -0.9278
vn -0.9069 -0.0312 -0.4201
vn -0.8438 0.1160 -0.5239
vn -0.9634 0.0208 -0.2671
vn -0.9464 0.0780 -0.3133
vn -0.0834 0.2906 -0.9532
vn 0.0000 0.4743 -0.8804
vn -0.2395 0.1711 -0.9557
vn -0.5125 0.1259 -0.8494
vn -0.8192 0.0732 -0.5689
vn -0.9040 0.0146 -0.4273
vn -0.7758 -0.0299 -0.6302
vn -0.2741 -0.0319 -0.9612
vn -0.1612 0.0811 -0.9836
vn -0.1527 -0.0773 -0.9852
vn -0.5413 -0.0383 -0.8400
vn -0.8191 0.0732 -0.5689
vn -0.4334 -0.1682 -0.8854
vn -0.2403 -0.2215 -0.9451
vn -0.5886 -0.1217 -0.7992
vn -0.1774 -0.2755 -0.9448
vn -0.4167 -0.3716 -0.8296
vn -0.2295 -0.4395 -0.8684
vn -0.5435 -0.4434 -0.7128
vn -0.4108 -0.5770 -0.7059
vn -0.1751 -0.5055 -0.8449
vn -0.5552 -0.2571 -0.7910
vn -0.2668 -0.6747 -0.6882
vn -0.1775 -0.7321 -0.6576
vn -0.5865 -0.5768 -0.5687
vn -0.2668 -0.6747 -0.6881
vn -0.4894 -0.6970 -0.5242
vn -0.3189 -0.8065 -0.4979
vn -0.1813 -0.8737 -0.4515
vn -0.7438 -0.5663 -0.3551
vn -0.6799 -0.6897 -0.2491
vn -0.3774 -0.9050 -0.1965
vn -0.8879 -0.4310 -0.1609
vn -0.1076 -0.9873 -0.1165
vn -0.1808 -0.9835 -0.0046
vn -0.6050 -0.7962 0.0086
vn -0.2909 -0.9564 0.0273
vn -0.8024 -0.5967 -0.0031
vn -0.9600 -0.2799 0.0044
vn -0.8399 -0.5426 0.0093
vn -0.5667 -0.8239 -0.0022
vn -0.7460 -0.6620 -0.0720
vn -0.5155 -0.8549 -0.0580
vn -0.9099 -0.4083 -0.0739
vn -0.1631 -0.9854 -0.0488
vn -0.8025 -0.5967 -0.0031
vn -0.9280 -0.3726 -0.0057
vn -0.9577 -0.2775 -0.0760
vn -0.9606 -0.2764 -0.0284
vn -0.9098 -0.4083 -0.0739
vn -0.9710 -0.2390 -0.0028
vn -0.9801 -0.1983 -0.0018
vn 0.0000 -0.9972 -0.0750
vn -0.0392 -0.9992 0.0000
vn 0.5163 0.8564 0.0000
vn 0.5900 0.8074 0.0000
vn 0.2453 0.9694 0.0000
vn 0.4259 0.9048 -0.0000
vn 0.1718 0.9851 -0.0000
vn -0.0099 -0.1922 -0.9813
vn -0.0309 -0.3326 -0.9426
vn -0.0167 -0.0803 -0.9966
vn -0.0017 -0.0883 -0.9961
vn -0.0113 -0.9640 -0.2658
vn -0.0100 -0.8962 -0.4436
vn -0.0170 -0.3925 -0.9196
vn -0.0227 -0.2194 -0.9754
vn -0.0057 -0.9971 -0.0759
vn -0.0333 -0.9994 -0.0125
vn -0.0090 -0.8244 -0.5660
vn -0.0839 -0.5953 -0.7991
vn -1.0000 -0.0020 -0.0016
vn -0.0118 -0.7061 -0.7080
vn -0.0158 -0.5539 -0.8324
vn 0.0017 0.9998 0.0208
vn -0.9997 0.0256 0.0008
vn -0.9981 0.0619 0.0021
vn -0.9902 0.1398 0.0046
vn -0.9999 -0.0130 0.0030
vn -0.9999 -0.0100 -0.0010
vn -1.0000 -0.0090 -0.0011
vn -1.0000 -0.0021 -0.0016
vn -0.0859 -0.7585 -0.6460
vn -0.0859 -0.7585 -0.6459
vn -0.2330 -0.7803 -0.5804
vn -0.9796 -0.1472 -0.1367
vn -0.8924 -0.3445 -0.2915
vn -0.8538 -0.4023 -0.3303
vn -0.5977 -0.6608 -0.4539
vn -0.3842 -0.7893 -0.4789
vn -0.0859 -0.7586 -0.6459
vn -0.6853 -0.5883 -0.4292
vn -0.1441 -0.8793 -0.4540
vn -0.9932 -0.0898 -0.0743
vn -0.9741 -0.1706 -0.1487
vn -0.9881 -0.1310 -0.0811
vn -0.9713 -0.2034 -0.1231
vn -0.8952 -0.3810 -0.2310
vn -0.2182 -0.9025 -0.3713
vn -0.4883 -0.7887 -0.3735
vn -0.7310 -0.5790 -0.3611
vn -0.9596 -0.2652 -0.0937
vn -0.8933 -0.4311 -0.1272
vn -0.2334 -0.9563 -0.1764
vn -0.7445 -0.6359 -0.2034
vn -0.5179 -0.8415 -0.1541
vn -0.9810 -0.1825 -0.0663
vn -0.3119 -0.9501 -0.0070
vn -0.2334 -0.9562 -0.1764
vn -0.5179 -0.8414 -0.1541
vn -0.7641 -0.6451 -0.0080
vn -0.5700 -0.8216 -0.0066
vn -0.8926 -0.4509 -0.0065
vn -0.9711 -0.2387 -0.0052
vn -0.9553 -0.2956 -0.0046
vn -0.4805 -0.8770 -0.0046
vn -0.2262 -0.9741 -0.0034
vn -0.7064 -0.7078 -0.0049
vn -0.8572 -0.5150 -0.0038
vn 0.0000 -1.0000 -0.0025
vn -0.9678 -0.2516 -0.0016
vn -0.9391 -0.3436 -0.0026
vn 0.2383 0.9712 0.0000
vn 0.9986 0.0527 -0.0000
vn 0.9740 0.2266 -0.0000
vn 0.9606 0.2781 0.0000
vn 0.9131 0.4077 -0.0000
vn 0.8780 0.4787 0.0000
vn 0.9999 0.0169 0.0000
vn 0.5089 0.8608 0.0000
vn 0.3369 0.9415 -0.0000
vn 0.7225 0.6913 0.0000
vn 0.5927 0.8054 0.0000
vn 0.7786 0.6276 0.0000
vn -1.0000 0.0001 -0.0004
vn -1.0000 0.0015 -0.0010
vn -1.0000 0.0001 -0.0001
vn -1.0000 0.0014 -0.0009
vn -0.0795 0.1590 0.9841
vn -0.1025 0.1971 0.9750
vn -0.0752 0.1857 0.9797
vn -0.0475 0.1829 0.9820
vn -0.0280 0.3459 0.9378
vn -0.0280 0.3459 0.9379
vn -0.0614 0.4694 0.8809
vn -0.0056 0.4917 0.8707
vn -0.0077 0.4544 0.8907
vn -0.0077 0.4544 0.8908
vn 0.0007 -0.1668 0.9860
vn -0.0025 -0.2432 0.9700
vn -0.0030 -0.2507 0.9681
vn -0.0105 -0.2856 0.9583
vn 1.0000 -0.0001 0.0001
vn 1.0000 -0.0003 0.0002
vn 1.0000 -0.0004 0.0006
vn 1.0000 -0.0005 0.0007
vn 1.0000 -0.0002 -0.0000
vn 1.0000 -0.0003 0.0003
vn 0.0000 -0.0003 1.0000
vn -0.1206 -0.6638 0.7381
vn -0.1501 -0.4360 0.8874
vn -0.1247 -0.3195 0.9393
vn -0.0000 -0.2940 0.9558
vn -0.6270 -0.3419 0.7000
vn -0.5201 -0.4299 0.7380
vn -0.4982 -0.3512 0.7928
vn -0.3183 -0.4480 0.8355
vn -0.2942 -0.3477 0.8902
vn -0.1501 -0.4360 0.8873
vn -0.6035 -0.4357 0.6678
vn -0.4610 -0.6059 0.6483
vn -0.2726 -0.6454 0.7135
vn -0.5228 -0.6185 0.5867
vn -0.4352 -0.6979 0.5688
vn -0.2448 -0.7558 0.6074
vn -0.1042 -0.7800 0.6171
vn -0.3136 0.3839 0.8685
vn -0.1917 0.3975 0.8974
vn -0.3887 0.3724 0.8428
vn -0.6600 0.3029 0.6875
vn -0.5960 0.3240 0.7347
vn -0.6697 0.2992 0.6797
vn -0.1535 0.4011 0.9031
vn -0.5291 0.3426 0.7763
vn -0.6923 0.2934 0.6593
vn -0.6678 0.2666 0.6950
vn -0.6677 0.2666 0.6950
vn -0.6696 0.2992 0.6798
vn -0.6839 0.2975 0.6661
vn -0.6826 0.2864 0.6723
vn -0.6936 0.2330 0.6816
vn -0.6983 0.2040 0.6862
vn -0.7250 -0.1939 0.6608
vn -0.7211 -0.2604 0.6420
vn -0.7266 -0.1602 0.6682
vn -0.7326 -0.0973 0.6737
vn -0.7287 -0.0562 0.6825
vn -0.7092 0.1064 0.6969
vn -0.7187 0.0333 0.6945
vn -0.7127 0.0389 0.7004
vn -0.7064 0.1383 0.6942
vn -0.6787 0.2963 0.6720
vn -0.6800 0.2960 0.6708
vn -0.7333 -0.3497 0.5831
vn -0.7405 -0.4007 0.5395
vn -0.7356 -0.4369 0.5177
vn -0.7319 -0.4984 0.4646
vn -0.7406 -0.5127 0.4343
vn -0.7523 -0.5282 0.3938
vn -0.7629 -0.5324 0.3668
vn -0.7899 -0.5651 0.2383
vn -0.7744 -0.5803 0.2523
vn -0.7797 -0.5861 0.2206
vn -0.7619 -0.5496 0.3427
vn -0.7591 -0.5666 0.3204
vn -0.7609 -0.5593 0.3290
vn -0.7643 -0.5849 0.2716
vn -0.6857 -0.6741 0.2744
vn -0.7943 -0.5579 0.2405
vn -0.7263 -0.2913 0.6226
vn -0.7349 -0.3546 0.5781
vn 0.0508 -0.9986 -0.0147
vn 0.9353 0.1818 0.3036
vn 0.9251 0.1839 0.3321
vn 0.8465 0.3312 0.4169
vn 0.9936 0.0091 0.1122
vn 0.9996 -0.0236 -0.0152
vn 0.9839 -0.1023 -0.1464
vn 0.9869 -0.1260 -0.1004
vn 0.9785 -0.1703 -0.1164
vn 0.9912 -0.1320 -0.0098
vn 0.9916 -0.1208 -0.0472
vn 0.9868 0.1089 0.1195
vn 1.0000 0.0001 -0.0002
vn 0.9991 -0.0427 -0.0051
vn 0.9999 -0.0107 -0.0107
vn 1.0000 0.0000 -0.0001
vn 1.0000 0.0004 0.0006
vn 1.0000 0.0003 0.0005
vn 0.9989 0.0461 -0.0000
vn 0.9751 0.2218 0.0000
vn 0.9998 0.0179 0.0000
vn 0.7787 0.6274 0.0000
vn 0.7503 0.6611 0.0000
vn 0.8028 0.5963 0.0000
vn 0.0033 1.0000 -0.0051
vn 0.0125 0.9998 0.0161
vn 0.9282 0.3720 0.0000
vn 0.0150 0.9997 0.0215
vn 0.0420 0.9991 0.0000
vn 1.0000 0.0003 0.0001
vn 0.0000 -0.2162 0.9763
vn 0.0000 -0.0438 0.9990
vn 0.0000 -0.3009 0.9537
vn 0.0000 0.8433 -0.5375
vn 0.0000 0.7374 -0.6754
vn 0.0000 0.8871 -0.4616
vn 0.0000 -0.7374 -0.6754
vn 0.0000 -0.8433 -0.5375
vn 0.0000 -0.6754 -0.7374
vn 0.0000 -0.4616 0.8871
vn 0.0000 -0.5375 0.8433
vn 0.0000 0.9537 -0.3009
vn 0.0000 0.9763 -0.2162
vn 0.0000 0.9659 0.2588
vn 0.0000 -0.5375 -0.8433
vn 0.0000 -0.4616 -0.8871
vn 0.0000 -0.6754 0.7374
vn 0.0000 -0.7374 0.6754
vn 0.0000 0.8871 0.4616
vn 0.0000 0.8433 0.5375
vn 0.0000 -0.3009 -0.9537
vn 0.0000 -0.2162 -0.9763
vn 0.0000 -0.8433 0.5375
vn 0.0000 -0.8871 0.4616
vn 0.0000 0.7374 0.6754
vn 0.0000 0.6754 0.7374
vn 0.0000 -0.0438 -0.9990
vn 0.0000 0.0438 -0.9990
vn 0.0000 -0.9536 0.3009
vn 0.0000 -0.9763 0.2162
vn 0.0000 0.5375 0.8433
vn 0.0000 0.4616 0.8871
vn 0.0000 0.2162 -0.9763
vn 0.0000 0.3009 -0.9537
vn 0.0000 -0.9990 0.0438
vn 0.0000 -0.9990 -0.0438
vn 0.0000 0.3009 0.9537
vn 0.0000 0.2162 0.9764
vn 0.0000 0.4616 -0.8871
vn 0.0000 0.5375 -0.8433
vn 0.0000 -0.9763 -0.2162
vn 0.0000 -0.9536 -0.3009
vn 0.0000 0.0438 0.9990
vn 0.0000 0.2162 0.9763
vn 0.0000 0.6754 -0.7374
vn 0.0000 -0.8871 -0.4616
vn 0.0000 -0.9537 -0.3009
vn 0.9988 -0.0159 -0.0455
vn 1.0000 -0.0034 0.0029
vn 1.0000 0.0014 0.0043
vn 0.8747 0.1606 0.4573
vn 0.6310 0.2553 0.7325
vn 0.7702 0.2099 0.6022
vn 0.1788 0.3238 0.9291
vn 0.2876 0.3153 0.9044
vn 0.9162 0.2196 0.3352
vn 0.5205 0.2810 0.8063
vn 0.7348 0.5704 0.3671
vn 0.5802 0.6707 0.4622
vn 0.8174 0.4830 0.3141
vn 0.3812 0.7776 0.5000
vn 0.2573 0.8126 0.5229
vn 0.8875 0.4116 0.2073
vn 0.9995 0.0106 0.0305
vn 1.0000 0.0016 0.0046
vn 1.0000 0.0008 0.0024
vn 0.9995 0.0109 0.0307
vn 0.8056 0.1949 0.5595
vn -0.9863 -0.1651 0.0040
vn -0.9557 -0.2941 0.0087
vn -0.8051 -0.5930 0.0102
vn -0.5320 -0.8467 0.0071
vn -0.4165 -0.9091 0.0040
vn 0.9999 0.0028 0.0168
vn 0.9989 -0.0458 0.0076
vn 0.6289 0.2559 0.7342
vn 0.8047 0.1953 0.5606
vn 0.8758 0.1586 0.4558
vn 0.9985 0.0175 0.0511
vn 1.0000 0.0015 0.0044
vn 0.2921 0.3148 0.9031
vn 0.5216 0.2808 0.8056
vn 0.1826 0.3231 0.9286
vn 0.9988 -0.0161 -0.0462
vn -0.9131 -0.1311 -0.3862
vn -0.9679 -0.0818 -0.2378
vn -0.4988 -0.2793 -0.8205
vn -0.2764 -0.3116 -0.9091
vn -0.7173 -0.2237 -0.6598
vn -0.9245 -0.1224 -0.3609
vn -0.9665 -0.0821 -0.2431
vn 1.0000 0.0003 0.0004
vn -0.6801 0.2960 0.6707
vn -0.6838 0.2842 0.6720
vn -0.8385 -0.1748 -0.5162
vn -0.8384 -0.1748 -0.5163
vn -0.8381 -0.1746 -0.5168
vn -0.8384 -0.1748 -0.5162
vn 0.0100 -0.9841 0.1774
vn 0.0247 -0.9861 0.1646
vn 0.9993 -0.0280 -0.0256
vn 0.9989 -0.0458 0.0075
vn 0.0215 -0.9855 0.1685
vn 0.0425 -0.9869 0.1559
vn 0.0035 -0.9838 0.1792
vn -0.0012 -0.9839 0.1785
vn -0.0007 -0.9846 0.1747
vn 0.0025 -0.9848 0.1739
vn 0.0000 -0.9840 0.1779
vn 0.0124 -0.9845 0.1749
vn 0.0214 -0.9850 0.1713
vn 0.0140 -0.9871 0.1594
vn 0.0275 -0.9867 0.1599
vn 0.6033 -0.2625 -0.7531
vn 0.0385 -0.3289 -0.9436
vn 0.9921 -0.0412 -0.1183
vn 0.8057 -0.1950 -0.5594
vn 0.0378 -0.3290 -0.9436
vn 0.0380 -0.3289 -0.9436
vn 0.0001 -0.9874 0.1580
vn -0.0002 -0.9874 0.1581
vn 0.0001 -0.9871 0.1600
vn 0.0048 -0.9869 0.1611
vn 0.0030 -0.9871 0.1600
vn 0.0001 -0.9873 0.1591
vn 0.0014 -0.9874 0.1583
vn 0.0051 -0.9869 0.1612
vn 0.0015 -0.9874 0.1584
vn 0.0008 -0.9874 0.1581
vn 0.0009 -0.9874 0.1581
vn 0.0006 -0.9874 0.1580
vn 0.0126 -0.9872 0.1591
vn -0.1048 0.2009 0.9740
vn -0.1100 0.2473 0.9627
vn -0.0955 0.2294 0.9686
vn -0.1024 0.1971 0.9750
vn -0.1033 0.1975 0.9749
vn -0.0876 0.2662 0.9599
vn -0.0658 0.2556 0.9645
vn 0.5954 -0.2645 -0.7587
vn -0.5954 -0.2645 -0.7587
vn -0.7990 -0.1979 -0.5678
vn 0.9919 -0.0419 -0.1201
vn 0.7990 -0.1979 -0.5678
vn 0.0000 0.0000 1.0000
vn -0.0804 0.9968 -0.0000
vn -0.2487 0.9686 -0.0000
vn -0.0299 0.9996 -0.0000
vn -0.3209 0.9471 -0.0000
vn -0.4844 0.8748 -0.0000
vn -0.5594 0.8289 -0.0000
vn -0.7541 0.6568 0.0000
vn -0.8474 0.5309 0.0000
vn -0.9759 0.2182 0.0000
vn -0.7540 0.6568 -0.0000
vn -0.2487 -0.9686 -0.0000
vn -0.0804 -0.9968 -0.0000
vn -0.0299 -0.9996 -0.0000
vn -0.4844 -0.8748 -0.0000
vn -0.3209 -0.9471 -0.0000
vn -0.2487 -0.9686 -0.0001
vn -0.7540 -0.6568 0.0000
vn -0.5594 -0.8289 -0.0000
vn -0.4844 -0.8748 -0.0001
vn -0.9578 -0.2876 0.0000
vn -0.8474 -0.5309 0.0000
vn -0.7540 -0.6568 -0.0001
vn -0.9892 -0.1465 0.0000
vn 0.0000 0.9999 0.0148
vn 0.3183 -0.6910 -0.6490
vn 0.9999 -0.0107 0.0031
vn 0.8980 -0.3809 -0.2201
vn 0.7799 -0.5557 -0.2880
vn 0.9439 -0.1464 -0.2959
vn -0.0000 -0.9994 0.0335
vn 0.0139 -0.9818 0.1892
vn 0.4894 -0.6969 -0.5242
vn 0.8025 -0.5967 -0.0031
vn 0.9801 -0.1983 -0.0018
vn 0.0100 -0.8962 -0.4436
vn 0.0000 -0.9643 0.2650
vn 1.0000 -0.0021 -0.0016
vn 0.8953 -0.3810 -0.2310
vn 0.1441 -0.8792 -0.4540
vn 0.5179 -0.8414 -0.1541
vn 0.1020 0.1983 0.9748
vn 0.0287 0.3000 0.9535
vn 0.0275 0.3000 0.9535
vn 0.0000 0.7857 0.6187
vn -0.0001 0.5263 0.8503
vn 0.0000 0.6864 0.7273
vn 0.7127 0.0389 0.7004
vn 0.6787 0.2963 0.6720
vn 0.6800 0.2960 0.6708
vn -0.9868 0.1089 0.1195
vn -1.0000 0.0000 -0.0001
vn -1.0000 0.0016 0.0046
vn 0.4165 -0.9091 0.0040
vn -0.9999 0.0029 0.0168
vn -1.0000 0.0015 0.0044
vn -0.1826 0.3239 0.9283
vn -0.0000 0.3277 0.9448
vn -1.0000 0.0003 0.0004
vn 0.6801 0.2960 0.6707
vn -0.9989 -0.0458 0.0075
vn -0.8056 -0.1950 -0.5594
vn -0.0385 -0.3287 -0.9436
vn -0.0380 -0.3289 -0.9436
vn -0.7799 -0.5557 -0.2880
vn -0.5697 -0.7602 -0.3124
vn -0.3821 -0.2653 -0.8852
vn -0.0139 -0.9818 0.1892
vn -0.1181 0.8913 -0.4378
vn -0.4894 -0.6969 -0.5242
vn -0.9956 -0.0759 -0.0545
vn -0.8953 -0.3810 -0.2310
vn -0.1441 -0.8792 -0.4540
vn -0.0293 0.3000 0.9535
vn -0.0287 0.3000 0.9535
vn -0.4876 -0.6748 0.5541
vn -0.7263 -0.2913 0.6227
vn -0.6787 0.2968 0.6718
vn -0.6839 0.2975 0.6662
vn -0.7349 -0.3546 0.5780
vn -0.7262 -0.2913 0.6227
vn 1.0000 0.0002 0.0004
vn 1.0000 0.0003 0.0000
vn -0.0000 -0.9764 -0.2162
vn 1.0000 0.0016 0.0047
vn -1.0000 -0.0004 -0.0003
vn -0.9801 -0.1983 -0.0020
vn -0.9665 -0.0824 -0.2432
vn -0.6788 0.2965 0.6718
vn -0.6800 0.2961 0.6708
vn 0.9992 -0.0107 -0.0390
vn 0.0275 -0.9868 0.1599
vn 0.8056 -0.1950 -0.5594
vn 0.0378 -0.3289 -0.9436
vn -0.0939 0.1952 0.9763
vn -0.0990 0.2007 0.9746
vn -0.1049 0.1982 0.9745
vn -0.1033 0.1975 0.9748
vn -0.9577 -0.2876 -0.0000
g body_low_body_low_Plane.001_body
usemtl body
s 1
f 2457/4646/2731 2458/4647/2732 2459/4648/2733
f 2459/4648/2733 2460/4649/2734 2461/4650/2735
f 2462/4651/2736 2457/4646/2731 2463/4652/2737
f 2464/4653/2738 2461/4650/2735 2465/4654/2739
f 2465/4654/2739 2466/4655/2740 2467/4656/2741
f 2463/4652/2737 2459/4648/2733 2464/4653/2738
f 2468/4657/2742 2469/4658/2743 2462/4651/2736
f 2470/4659/2744 2471/4660/2745 2472/4661/2746
f 2473/4662/2747 2474/4663/2748 2475/4664/2749
f 2473/4662/2747 2476/4665/2750 2477/4666/2751
f 2477/4666/2751 2478/4667/2752 2479/4668/2753
f 2479/4668/2753 2480/4669/2754 2481/4670/2755
f 2481/4670/2755 2482/4671/2756 2483/4672/2757
f 2484/4673/2758 2482/4671/2756 2485/4674/2759
f 2471/4660/2745 2485/4674/2759 2472/4661/2746
f 2486/4675/2760 2469/4658/2743 2487/4676/2761
f 2488/4677/2762 2487/4676/2761 2469/4658/2743
f 2489/4678/2763 2490/4679/2764 2491/4680/2765
f 2461/4650/2735 2492/4681/2766 2466/4655/2740
f 2493/4682/2767 2492/4681/2766 2460/4649/2734
f 2460/4649/2734 2492/4681/2766 2461/4650/2735
f 2494/4683/2768 2495/4684/2769 2489/4678/2763
f 2496/4685/2770 2487/4676/2761 2490/4679/2764
f 2497/4686/2771 2498/4687/2772 2499/4688/2773
f 2500/4689/2774 2501/4690/2775 2497/4686/2771
f 2502/4691/2776 2503/4692/2777 2504/4693/2778
f 2502/4691/2776 2505/4694/2779 2506/4695/2780
f 2507/4696/2781 2508/4697/2782 2509/4698/2783
f 2510/4699/2784 2507/4696/2781 2509/4698/2783
f 2511/4700/2785 2512/4701/2786 2513/4702/2787
f 2514/4703/2788 2511/4700/2785 2515/4704/2789
f 2516/4705/2790 2517/4706/2791 2512/4701/2786
f 2514/4703/2788 2504/4693/2778 2516/4705/2790
f 2458/4647/2732 2518/4707/2792 2503/4692/2777
f 2503/4692/2777 2506/4695/2793 2458/4647/2732
f 2458/4647/2732 2506/4695/2780 2460/4649/2734
f 2493/4682/2767 2506/4695/2780 2505/4694/2779
f 2519/4708/2794 2502/4691/2776 2514/4703/2788
f 2520/4709/2795 2514/4703/2788 2515/4704/2789
f 2510/4699/2784 2520/4709/2795 2515/4704/2789
f 2486/4675/2760 2518/4707/2792 2458/4647/2732
f 2496/4685/2770 2518/4707/2792 2486/4675/2796
f 2521/4710/2797 2512/4701/2786 2517/4706/2791
f 2517/4706/2791 2496/4685/2770 2521/4710/2797
f 2515/4704/2789 2511/4700/2785 2507/4696/2781
f 2507/4696/2781 2513/4702/2787 2522/4711/2798
f 2504/4693/2799 2518/4707/2792 2517/4706/2791
f 2495/4684/2769 2496/4685/2770 2490/4679/2764
f 2523/4712/2800 2490/4679/2764 2487/4676/2761
f 2508/4697/2782 2524/4713/2801 2525/4714/2802
f 2526/4715/2803 2513/4702/2787 2527/4716/2804
f 2526/4715/2803 2524/4713/2801 2522/4711/2798
f 2528/4717/2805 2513/4702/2787 2512/4701/2786
f 2529/4718/2806 2498/4719/2807 2501/4720/2808
f 2530/4721/2809 2531/4722/2810 2532/4723/2811
f 2533/4724/2812 2501/4720/2808 2531/4722/2810
f 2494/4725/2768 2532/4723/2811 2521/4726/2797
f 2499/4727/2813 2534/4728/2814 2497/4729/2815
f 2534/4728/2814 2500/4730/2816 2497/4729/2817
f 2535/4731/2818 2536/4732/2819 2499/4727/2813
f 2537/4733/2820 2538/4734/2820 2536/4735/2820
f 2539/4736/2820 2534/4737/2820 2540/4738/2820
f 2534/4737/2820 2538/4734/2820 2540/4738/2820
f 2531/4739/2821 2527/4740/2822 2528/4741/2822
f 2524/4742/2823 2541/4743/2824 2525/4744/2825
f 2541/4743/2824 2526/4745/2826 2500/4689/2774
f 2500/4689/2774 2526/4745/2826 2531/4739/2821
f 2532/4746/2827 2528/4741/2828 2521/4747/2827
f 2524/4742/2823 2526/4745/2826 2541/4743/2824
f 2531/4739/2821 2528/4741/2828 2532/4746/2829
f 2527/4740/2830 2531/4739/2821 2526/4745/2826
f 2542/4748/2831 2525/4749/2832 2541/4750/2831
f 2542/4748/2833 2500/4730/2816 2539/4751/2834
f 2543/4752/2835 2540/4753/2835 2538/4754/2835
f 2544/4755/2835 2538/4754/2835 2537/4756/2836
f 2545/4757/2837 2509/4758/2838 2508/4759/2839
f 2546/4760/2840 2508/4759/2839 2525/4761/2832
f 2509/4758/2838 2547/4762/2841 2510/4763/2842
f 2548/4764/2843 2547/4762/2841 2549/4765/2844
f 2525/4761/2832 2550/4766/2845 2546/4760/2840
f 2551/4767/2846 2550/4766/2845 2552/4768/2847
f 2545/4757/2837 2551/4767/2846 2553/4769/2848
f 2547/4762/2841 2553/4769/2848 2554/4770/2849
f 2549/4765/2844 2554/4770/2849 2474/4771/2850
f 2475/4772/2851 2474/4771/2850 2554/4770/2849
f 2555/4773/2852 2553/4769/2848 2551/4767/2846
f 2555/4773/2852 2552/4768/2847 2556/4774/2853
f 2554/4770/2854 2557/4775/2855 2475/4772/2851
f 2555/4773/2852 2558/4776/2856 2557/4775/2855
f 2476/4777/2857 2557/4775/2855 2558/4776/2856
f 2556/4774/2853 2559/4778/2858 2555/4773/2852
f 2559/4778/2858 2560/4779/2859 2558/4776/2856
f 2560/4779/2859 2480/4780/2860 2478/4781/2861
f 2561/4782/2862 2562/4783/2863 2563/4784/2864
f 2478/4781/2861 2558/4776/2856 2560/4779/2859
f 2564/4785/2865 2561/4782/2862 2565/4786/2866
f 2565/4786/2867 2563/4784/2864 2566/4787/2868
f 2480/4780/2860 2564/4785/2865 2482/4788/2869
f 2565/4786/2866 2567/4789/2870 2564/4785/2865
f 2566/4787/2868 2568/4790/2871 2565/4786/2866
f 2482/4788/2869 2567/4789/2870 2485/4791/2872
f 2568/4790/2871 2569/4792/2873 2567/4789/2870
f 2485/4791/2872 2569/4792/2873 2472/4793/2874
f 2570/4794/2875 2571/4795/2876 2572/4796/2877
f 2573/4797/2878 2574/4798/2879 2575/4799/2880
f 2576/4800/2881 2577/4801/2882 2578/4802/2883
f 2575/4799/2880 2579/4803/2884 2576/4800/2881
f 2570/4794/2875 2580/4804/2885 2569/4792/2873
f 2569/4792/2873 2581/4805/2886 2472/4793/2874
f 2582/4806/2887 2570/4794/2875 2572/4796/2877
f 2583/4807/2888 2576/4800/2881 2580/4804/2885
f 2580/4804/2885 2578/4802/2883 2581/4805/2886
f 2582/4806/2887 2575/4799/2880 2583/4807/2888
f 2581/4805/2889 2470/4808/2890 2472/4793/2874
f 2584/4809/2891 2470/4808/2890 2581/4805/2886
f 2584/4809/2891 2578/4802/2883 2585/4810/2892
f 2577/4801/2882 2585/4810/2892 2578/4802/2883
f 2573/4797/2878 2586/4811/2893 2587/4812/2894
f 2582/4806/2887 2588/4813/2895 2573/4797/2878
f 2572/4796/2877 2589/4814/2896 2582/4806/2887
f 2556/4815/2820 2590/4816/2820 2562/4817/2820
f 2539/4736/2820 2591/4818/2820 2542/4819/2820
f 2562/4817/2820 2590/4816/2820 2563/4820/2820
f 2563/4820/2820 2590/4816/2820 2566/4821/2820
f 2566/4821/2820 2592/4822/2820 2571/4823/2820
f 2593/4824/2820 2539/4736/2820 2540/4738/2820
f 2571/4823/2820 2594/4825/2820 2572/4826/2820
f 2595/4827/2820 2591/4818/2820 2550/4828/2820
f 2596/4829/2835 2540/4753/2835 2597/4830/2835
f 2542/4819/2820 2591/4818/2820 2595/4827/2820
f 2550/4828/2820 2591/4818/2820 2552/4831/2820
f 2591/4818/2820 2556/4815/2820 2552/4831/2820
f 2572/4832/2897 2598/4833/2898 2599/4834/2898
f 2600/4835/2835 2601/4836/2835 2602/4837/2835
f 2603/4838/2899 2604/4839/2900 2600/4840/2899
f 2605/4841/2901 2606/4842/2902 2604/4839/2900
f 2607/4843/2903 2608/4844/2835 2606/4842/2902
f 2609/4845/2904 2610/4846/2905 2611/4847/2906
f 2612/4848/2907 2613/4849/2908 2614/4850/2909
f 2615/4851/2910 2616/4852/2911 2617/4853/2912
f 2618/4854/2913 2619/4855/2914 2620/4856/2915
f 2621/4857/2916 2622/4858/2916 2623/4859/2916
f 2624/4860/2917 2617/4853/2912 2616/4852/2911
f 2625/4861/2918 2626/4862/2919 2627/4863/2920
f 2623/4864/2921 2615/4851/2910 2628/4865/2922
f 2629/4866/2923 2630/4867/2924 2631/4868/2925
f 2614/4850/2909 2632/4869/2926 2618/4854/2913
f 2498/4719/2807 2627/4863/2920 2626/4862/2919
f 2633/4870/2927 2634/4871/2928 2609/4845/2904
f 2616/4872/2916 2635/4873/2929 2624/4874/2916
f 2613/4875/2916 2636/4876/2916 2632/4877/2916
f 2621/4878/2930 2628/4865/2922 2637/4879/2931
f 2638/4880/2916 2639/4881/2916 2616/4872/2916
f 2620/4856/2915 2640/4882/2932 2641/4883/2933
f 2632/4877/2916 2631/4884/2916 2619/4885/2916
f 2623/4859/2916 2642/4886/2916 2638/4880/2916
f 2643/4887/2934 2642/4888/2935 2622/4889/2936
f 2644/4890/2937 2643/4887/2938 2622/4889/2936
f 2645/4891/2939 2636/4892/2940 2646/4893/2941
f 2647/4894/2942 2635/4895/2943 2639/4896/2944
f 2648/4897/2945 2631/4868/2925 2636/4892/2940
f 2649/4898/2946 2639/4896/2944 2642/4888/2935
f 2621/4878/2930 2641/4883/2933 2640/4882/2932
f 2644/4899/2916 2640/4900/2916 2630/4901/2916
f 2644/4890/2937 2650/4902/2947 2651/4903/2948
f 2619/4885/2916 2630/4901/2916 2640/4900/2916
f 2646/4893/2941 2652/4904/2949 2645/4891/2939
f 2653/4905/2950 2654/4906/2951 2652/4904/2949
f 2655/4907/2952 2656/4908/2953 2654/4906/2951
f 2657/4909/2954 2658/4910/2955 2656/4908/2953
f 2659/4911/2956 2660/4912/2957 2658/4910/2955
f 2611/4847/2906 2661/4913/2958 2612/4848/2907
f 2653/4914/2916 2613/4875/2916 2661/4915/2916
f 2655/4916/2916 2661/4915/2916 2610/4917/2916
f 2657/4918/2916 2610/4917/2916 2634/4919/2916
f 2659/4920/2916 2634/4919/2916 2662/4921/2916
f 2659/4920/2916 2662/4921/2916 2663/4922/2916
f 2663/4923/2959 2664/4924/2960 2660/4912/2957
f 2665/4925/2961 2664/4924/2960 2666/4926/2962
f 2667/4927/2963 2668/4928/2964 2665/4925/2961
f 2669/4929/2965 2587/4930/2894 2586/4931/2893
f 2663/4922/2916 2662/4921/2916 2666/4932/2916
f 2666/4932/2916 2662/4921/2916 2665/4933/2916
f 2662/4921/2916 2670/4934/2966 2665/4933/2916
f 2670/4934/2966 2587/4935/2967 2667/4936/2968
f 2670/4934/2966 2667/4936/2968 2665/4933/2916
f 2499/4688/2773 2498/4687/2772 2535/4937/2969
f 2624/4874/2916 2635/4873/2929 2626/4938/2970
f 2626/4938/2970 2535/4937/2969 2498/4687/2772
f 2671/4939/2971 2544/4755/2972 2537/4756/2836
f 2633/4870/2927 2672/4940/2973 2673/4941/2974
f 2673/4941/2975 2662/4942/2976 2633/4870/2927
f 2674/4943/2977 2675/4944/2978 2676/4945/2979
f 2677/4946/2980 2678/4947/2981 2670/4948/2982
f 2679/4949/2983 2673/4950/2975 2672/4951/2973
f 2680/4952/2984 2676/4945/2979 2678/4947/2981
f 2681/4953/2985 2670/4948/2982 2673/4950/2986
f 2675/4944/2978 2682/4954/2987 2683/4955/2988
f 2684/4956/2989 2685/4957/2990 2682/4954/2987
f 2686/4958/2991 2684/4956/2989 2674/4943/2977
f 2687/4959/2992 2677/4946/2980 2681/4953/2985
f 2688/4960/2993 2680/4952/2984 2677/4946/2980
f 2689/4961/2994 2674/4943/2977 2680/4952/2984
f 2690/4962/2995 2681/4953/2985 2679/4949/2983
f 2686/4958/2991 2691/4963/2996 2692/4964/2997
f 2693/4965/2998 2688/4960/2993 2687/4959/2992
f 2688/4960/2993 2694/4966/2999 2689/4961/2994
f 2694/4966/2999 2686/4958/2991 2689/4961/2994
f 2690/4962/2995 2693/4965/2998 2687/4959/2992
f 2692/4964/2997 2695/4967/3000 2685/4957/2990
f 2696/4968/3001 2697/4969/3002 2693/4965/3003
f 2697/4969/3002 2698/4970/3004 2694/4966/2999
f 2694/4966/2999 2699/4971/3005 2700/4972/3006
f 2701/4973/3007 2693/4965/3003 2702/4974/3008
f 2691/4963/2996 2703/4975/3009 2695/4967/3000
f 2700/4972/3006 2704/4976/3010 2691/4963/2996
f 2696/4968/3001 2705/4977/3011 2706/4978/3012
f 2706/4978/3012 2707/4979/3013 2698/4970/3004
f 2698/4970/3004 2708/4980/3014 2699/4971/3005
f 2701/4973/3007 2709/4981/3015 2696/4968/3001
f 2704/4976/3010 2710/4982/3016 2703/4975/3009
f 2699/4971/3005 2711/4983/3017 2704/4976/3010
f 2709/4984/3018 2712/4985/3018 2705/4986/3018
f 2705/4986/3018 2713/4987/3018 2707/4988/3018
f 2713/4987/3018 2708/4989/3018 2707/4988/3018
f 2714/4990/3018 2709/4984/3018 2715/4991/3018
f 2711/4992/3018 2716/4993/3018 2710/4994/3018
f 2708/4989/3018 2717/4995/3018 2711/4992/3018
f 2718/4996/3018 2710/4994/3018 2716/4993/3018
f 2719/4997/2835 2720/4998/2835 2718/4999/2835
f 2721/5000/2916 2685/5001/2916 2695/5002/2916
f 2682/5003/2916 2721/5000/2916 2683/5004/2916
f 2721/5000/2916 2695/5002/2916 2703/5005/2916
f 2685/5001/2916 2721/5000/2916 2682/5003/2916
f 2703/5005/2916 2720/5006/2916 2721/5000/2916
f 2722/5007/2835 2723/5008/3019 2714/5009/2835
f 2724/5010/3020 2716/5011/3021 2717/5012/3022
f 2725/5013/3023 2717/5012/3022 2726/5014/3024
f 2727/5015/3025 2718/5016/2820 2716/5011/3021
f 2728/5017/3026 2712/5018/3027 2723/5008/3019
f 2729/5019/3028 2713/5020/3029 2712/5018/3027
f 2730/5021/3030 2726/5014/3024 2713/5020/3029
f 2470/5022/2916 2731/5023/3031 2471/5024/2916
f 2484/5025/2916 2731/5023/2916 2483/5026/2916
f 2481/5027/2916 2732/5028/2916 2479/5029/2916
f 2471/5024/2916 2731/5023/2916 2484/5025/2916
f 2483/5026/2916 2731/5023/2916 2481/5027/2916
f 2519/5030/2916 2549/5031/2916 2733/5032/2916
f 2493/5033/2916 2474/5034/2916 2492/5035/2916
f 2549/5031/2916 2520/5036/2916 2548/5037/2916
f 2493/5033/2916 2505/5038/2916 2474/5034/2916
f 2474/5034/2916 2505/5038/2916 2549/5031/2916
f 2733/5032/2916 2549/5031/2916 2505/5038/2916
f 2520/5036/2916 2549/5031/2916 2519/5030/2916
f 2474/5034/2916 2473/5039/2916 2492/5035/2916
f 2492/5035/2916 2477/5040/2916 2466/5041/2916
f 2479/5029/2916 2732/5028/2916 2477/5040/2916
f 2734/5042/3032 2731/5023/3033 2585/5043/3034
f 2585/5043/3035 2731/5023/3031 2584/5044/2916
f 2470/5022/2916 2584/5044/2916 2731/5023/2916
f 2735/5045/2898 2736/5046/2898 2737/5047/2898
f 2738/5048/2835 2739/5049/2835 2731/5050/2835
f 2740/5051/2835 2731/5050/2835 2721/5052/2835
f 2477/5040/2916 2741/5053/2916 2466/5041/2916
f 2466/5041/2916 2741/5053/2916 2467/5054/2916
f 2738/5055/2916 2742/5056/2916 2743/5057/2916
f 2737/5047/2898 2744/5058/2898 2742/5059/2898
f 2745/5060/2916 2744/5061/2916 2736/5062/2916
f 2742/5063/3036 2746/5064/3037 2747/5065/3038
f 2742/5063/3036 2747/5065/3038 2748/5066/3039
f 2748/5066/3039 2743/5067/3040 2742/5063/3036
f 2743/5067/3041 2749/5068/3042 2739/5069/3043
f 2743/5067/3040 2750/5070/3044 2749/5068/3042
f 2751/5071/3045 2749/5068/3042 2750/5070/3046
f 2752/5072/3047 2753/5073/3048 2751/5071/3045
f 2754/5074/3049 2755/5075/3050 2752/5072/3047
f 2756/5076/3051 2757/5077/3052 2754/5074/3049
f 2758/5078/3053 2759/5079/3054 2756/5076/3051
f 2760/5080/3055 2761/5081/3056 2758/5078/3053
f 2762/5082/3057 2763/5083/3058 2760/5084/3058
f 2764/5085/3059 2765/5086/3060 2762/5082/3057
f 2766/5087/3061 2767/5088/3062 2764/5085/3059
f 2768/5089/3063 2769/5090/3064 2770/5091/3065
f 2768/5089/3063 2771/5092/3066 2766/5087/3061
f 2772/5093/3067 2773/5094/3068 2769/5090/3064
f 2756/5095/2820 2772/5096/2820 2758/5097/2820
f 2758/5097/2820 2762/5098/2820 2760/5099/2820
f 2762/5098/2820 2758/5097/2820 2764/5100/2820
f 2764/5100/2820 2758/5097/2820 2766/5101/2820
f 2766/5101/2820 2758/5097/2820 2768/5102/2820
f 2768/5102/2820 2758/5097/2820 2772/5096/2820
f 2756/5095/2820 2774/5103/2820 2772/5096/2820
f 2775/5104/2820 2756/5095/2820 2754/5105/2820
f 2750/5106/2820 2775/5104/2820 2751/5107/2820
f 2752/5108/2820 2775/5104/2820 2754/5105/2820
f 2775/5104/3069 2748/5109/3070 2747/5110/3071
f 2775/5104/2820 2776/5111/2820 2748/5109/3072
f 2751/5107/2820 2775/5104/2820 2752/5108/2820
f 2775/5104/2820 2750/5106/2820 2776/5111/2820
f 2777/5112/3073 2775/5104/3073 2747/5110/3071
f 2778/5113/3074 2779/5114/3075 2780/5115/3076
f 2781/5116/3077 2782/5117/3078 2778/5113/3074
f 2783/5118/3079 2784/5119/3080 2781/5116/3077
f 2785/5120/3081 2786/5121/3082 2787/5122/3083
f 2788/5123/3084 2789/5124/3085 2786/5121/3082
f 2790/5125/3086 2781/5116/3087 2789/5124/3085
f 2787/5122/3083 2791/5126/3088 2792/5127/3089
f 2786/5121/3082 2793/5128/3090 2791/5126/3088
f 2789/5124/3085 2778/5113/3074 2793/5128/3090
f 2792/5127/3089 2794/5129/3091 2795/5130/3092
f 2791/5126/3088 2796/5131/3093 2794/5129/3091
f 2793/5128/3090 2780/5115/3076 2796/5131/3093
f 2790/5132/3094 2797/5133/3095 2783/5134/3096
f 2785/5135/3097 2798/5136/3098 2788/5137/3099
f 2783/5134/3096 2799/5138/3100 2800/5139/3101
f 2788/5137/3099 2801/5140/3102 2790/5132/3094
f 2802/5141/3103 2803/5142/3104 2804/5143/3105
f 2798/5136/3098 2804/5143/3106 2803/5142/3107
f 2802/5141/3103 2804/5143/3106 2805/5144/3108
f 2806/5145/3109 2807/5146/3110 2808/5147/3111
f 2809/5148/3112 2810/5149/3113 2811/5150/3114
f 2811/5150/3114 2812/5151/3115 2813/5152/3116
f 2814/5153/3117 2815/5154/3118 2816/5155/3119
f 2817/5156/3120 2816/5155/3119 2807/5146/3110
f 2813/5152/3121 2815/5154/3118 2818/5157/3122
f 2819/5158/3123 2805/5144/3108 2804/5143/3106
f 2820/5159/3124 2821/5160/3125 2822/5161/3126
f 2823/5162/3127 2824/5163/3128 2821/5160/3125
f 2825/5164/3129 2826/5165/3130 2824/5163/3128
f 2773/5166/3131 2827/5167/3132 2828/5168/3133
f 2829/5169/3134 2830/5170/3135 2826/5165/3130
f 2830/5170/3135 2831/5171/3136 2832/5172/3137
f 2833/5173/3138 2832/5172/3137 2831/5171/3136
f 2831/5171/3136 2828/5168/3133 2833/5173/3138
f 2833/5173/3138 2827/5167/3132 2834/5174/3139
f 2769/5175/3140 2773/5166/3131 2828/5168/3133
f 2820/5159/3124 2835/5176/3141 2809/5148/3112
f 2828/5177/2916 2761/5178/2916 2771/5179/2916
f 2749/5180/2916 2823/5181/2916 2739/5182/2916
f 2749/5180/2916 2753/5183/2916 2823/5181/2916
f 2823/5181/2916 2753/5183/2916 2825/5184/2916
f 2753/5183/2916 2755/5185/2916 2825/5184/2916
f 2825/5184/2916 2755/5185/2916 2829/5186/2916
f 2755/5185/2916 2757/5187/2916 2829/5186/2916
f 2829/5186/2916 2757/5187/2916 2831/5188/2916
f 2828/5177/2916 2770/5189/2916 2769/5190/2916
f 2757/5187/2916 2759/5191/2916 2831/5188/2916
f 2831/5188/2916 2759/5191/2916 2828/5177/2916
f 2828/5177/2916 2771/5179/2916 2770/5189/2916
f 2771/5179/2916 2761/5178/2916 2767/5192/2916
f 2767/5192/2916 2761/5178/2916 2765/5193/2916
f 2765/5193/2916 2761/5178/2916 2763/5194/2916
f 2761/5178/2916 2828/5177/2916 2759/5191/2916
f 2820/5195/2916 2836/5196/2916 2823/5181/2916
f 2809/5197/2916 2836/5196/2916 2820/5195/2916
f 2811/5198/2916 2836/5196/2916 2809/5197/2916
f 2837/5199/2916 2811/5198/2916 2813/5200/2916
f 2739/5182/2916 2823/5181/2916 2836/5196/2916
f 2773/5201/3142 2772/5202/3142 2838/5203/3142
f 2827/5204/3143 2773/5205/3144 2838/5206/3145
f 2839/5207/3146 2827/5204/3143 2838/5206/3145
f 2833/5208/3147 2840/5209/3148 2832/5210/3149
f 2830/5211/3150 2841/5212/3151 2826/5213/3152
f 2840/5209/3148 2830/5211/3150 2832/5210/3149
f 2833/5208/3147 2839/5207/3146 2840/5209/3148
f 2835/5214/3153 2842/5215/3153 2810/5216/3153
f 2824/5217/3154 2843/5218/3155 2821/5219/2820
f 2822/5220/3153 2842/5215/3153 2835/5214/3153
f 2821/5219/3153 2842/5215/3153 2822/5220/3153
f 2841/5212/3151 2824/5217/3154 2826/5213/3152
f 2812/5221/2820 2844/5222/2820 2815/5223/2820
f 2844/5222/2820 2816/5224/2820 2815/5223/2820
f 2807/5225/2820 2845/5226/3156 2808/5227/3157
f 2810/5216/2820 2844/5222/2820 2812/5221/2820
f 2805/5228/3158 2846/5229/3159 2802/5230/3160
f 2803/5231/3161 2847/5232/3162 2798/5233/3162
f 2797/5234/3163 2848/5235/3164 2799/5236/2835
f 2801/5237/3165 2848/5235/3164 2797/5234/3163
f 2802/5230/3160 2849/5238/3166 2803/5231/3161
f 2847/5232/3167 2801/5237/3165 2798/5233/3168
f 2807/5225/2820 2816/5224/2820 2845/5226/3156
f 2850/5239/3169 2851/5240/3170 2805/5228/3158
f 2852/5241/2835 2853/5242/2835 2854/5243/2835
f 2777/5244/2835 2746/5245/2835 2745/5246/2835
f 2736/5062/2916 2602/5247/2916 2745/5060/2916
f 2746/5245/2835 2777/5244/2835 2747/5248/2835
f 2745/5246/2835 2855/5249/2835 2777/5244/2835
f 2856/5250/3171 2857/5251/3172 2858/5252/3173
f 2859/5253/2835 2855/5249/2835 2745/5246/2835
f 2859/5253/2835 2745/5246/2835 2860/5254/2835
f 2745/5246/2835 2861/5255/2835 2860/5254/2835
f 2862/5256/3174 2601/5257/3175 2863/5258/3176
f 2864/5259/3177 2865/5260/3178 2866/5261/3179
f 2862/5256/3174 2867/5262/3180 2601/5257/3175
f 2868/5263/3181 2869/5264/3182 2864/5259/3177
f 2863/5265/3183 2600/5266/3184 2604/5267/3185
f 2869/5268/3186 2604/5267/3185 2606/5269/3187
f 2865/5270/3188 2606/5269/3187 2608/5271/3189
f 2601/5272/3190 2600/5266/3184 2863/5265/3183
f 2870/5273/3191 2861/5274/3192 2871/5275/3193
f 2870/5273/3191 2862/5256/3174 2872/5276/3194
f 2872/5276/3194 2863/5258/3176 2868/5263/3181
f 2871/5275/3193 2867/5262/3180 2862/5256/3174
f 2871/5277/2835 2861/5255/2835 2602/4837/2835
f 2602/4837/2835 2861/5255/2835 2745/5246/2835
f 2867/5278/2835 2871/5277/2835 2602/4837/2835
f 2867/5278/2835 2602/4837/2835 2601/4836/2835
f 2873/5279/2916 2602/5247/2916 2736/5062/2916
f 2740/5280/2916 2737/5281/2916 2738/5055/2916
f 2874/5282/2916 2732/5028/2916 2731/5023/2916
f 2721/5052/2835 2719/4997/2835 2740/5051/2835
f 2734/5042/3195 2721/5000/3195 2731/5023/3196
f 2577/4801/2882 2683/5283/3197 2734/5284/3198
f 2574/4798/2879 2676/5285/3199 2579/4803/2884
f 2587/4812/2894 2678/5286/3200 2574/4798/2879
f 2579/4803/2884 2675/5287/3201 2577/4801/2882
f 2777/5244/2835 2855/5249/2835 2875/5288/2835
f 2876/5289/3202 2877/5290/3203 2857/5251/3172
f 2878/5291/3204 2879/5292/3205 2880/5293/3206
f 2881/5294/3207 2880/5293/3206 2876/5289/3202
f 2876/5289/3202 2882/5295/3208 2881/5294/3207
f 2883/5296/3209 2884/5297/3210 2879/5292/3205
f 2885/5298/3211 2886/5299/3212 2884/5297/3210
f 2860/5300/3213 2887/5301/3214 2888/5302/3215
f 2889/5303/3216 2467/4656/2741 2890/5304/3217
f 2891/5305/3218 2462/4651/2736 2892/5306/3219
f 2893/5307/3220 2464/4653/2738 2894/5308/3221
f 2892/5306/3219 2463/4652/2737 2893/5307/3220
f 2464/4653/2738 2889/5303/3216 2894/5308/3221
f 2895/5309/3222 2889/5303/3216 2890/5304/3223
f 2808/5227/3224 2896/5310/3224 2850/5239/3224
f 2467/5054/2916 2897/5311/2916 2890/5312/2916
f 2806/5145/3109 2850/5313/3225 2819/5158/3226
f 2898/5314/3227 2889/5303/3216 2895/5309/3222
f 2898/5314/3228 2895/5309/3222 2899/5315/3229
f 2889/5303/3216 2898/5314/3230 2894/5308/3221
f 2899/5316/3231 2900/5317/3231 2898/5318/3231
f 2894/5319/3232 2898/5320/3233 2900/5321/3234
f 2901/5322/3235 2876/5289/3202 2900/5323/3236
f 2900/5321/3234 2876/5324/3237 2880/5325/3238
f 2900/5321/3234 2880/5325/3238 2894/5319/3232
f 2894/5319/3232 2880/5325/3238 2879/5326/3239
f 2894/5319/3232 2879/5326/3239 2893/5327/3240
f 2884/5328/3241 2893/5327/3240 2879/5326/3239
f 2886/5329/3242 2892/5330/3243 2884/5328/3241
f 2895/5331/3244 2901/5332/3245 2899/5333/3246
f 2890/5334/3247 2877/5335/3248 2895/5331/3244
f 2902/5336/3249 2903/5337/3250 2904/5338/3249
f 2905/5339/3251 2858/5252/3173 2903/5337/3250
f 2902/5340/3249 2906/5341/3252 2907/5342/3252
f 2855/5343/3253 2908/5344/3252 2875/5345/3252
f 2780/5346/3254 2779/5347/3255 2906/5348/3256
f 2903/5349/3257 2795/5350/3258 2904/5351/3259
f 2795/5350/3258 2794/5352/3260 2906/5348/3261
f 2904/5351/3262 2795/5350/3258 2906/5348/3256
f 2794/5352/3263 2796/5353/3264 2906/5348/3256
f 2796/5353/3265 2780/5346/3266 2906/5348/3256
f 2858/5354/3246 2909/5355/3246 2903/5349/3246
f 2857/5356/3267 2909/5355/3268 2858/5354/3268
f 2909/5355/3268 2795/5350/3258 2903/5349/3268
f 2890/5334/3247 2857/5356/3267 2877/5335/3269
f 2910/5357/3270 2911/5358/3271 2912/5359/3272
f 2913/5360/3273 2914/5361/3274 2911/5358/3271
f 2915/5362/3275 2910/5357/3270 2916/5363/3276
f 2917/5364/3277 2918/5365/3278 2913/5360/3273
f 2919/5366/3279 2920/5367/3280 2918/5365/3278
f 2921/5368/3281 2913/5360/3273 2910/5357/3270
f 2468/4657/2742 2916/5363/3276 2488/4677/2762
f 2922/5369/3282 2923/5370/3283 2924/5371/3284
f 2925/5372/3285 2926/5373/3286 2927/5374/3287
f 2928/5375/3288 2925/5372/3285 2929/5376/3289
f 2930/5377/3290 2929/5376/3289 2931/5378/3291
f 2932/5379/3292 2931/5378/3291 2933/5380/3293
f 2934/5381/3294 2933/5380/3293 2935/5382/3295
f 2936/5383/3296 2934/5381/3294 2935/5382/3295
f 2924/5371/3284 2937/5384/3297 2936/5383/3296
f 2916/5363/3276 2912/5359/3298 2938/5385/3299
f 2938/5385/3299 2488/4677/2762 2916/5363/3276
f 2939/5386/3300 2489/4678/2763 2491/4680/2765
f 2918/5365/3278 2920/5367/3280 2940/5387/3301
f 2941/5388/3302 2914/5361/3274 2940/5387/3301
f 2914/5361/3274 2918/5365/3278 2940/5387/3301
f 2942/5389/3303 2494/4683/2768 2489/4678/2763
f 2938/5385/3299 2943/5390/3304 2939/5386/3300
f 2944/5391/3305 2945/5392/3306 2946/5393/3307
f 2947/5394/3308 2946/5393/3309 2948/5395/3310
f 2949/5396/3311 2950/5397/3312 2951/5398/3313
f 2949/5396/3311 2952/5399/3314 2953/5400/3315
f 2954/5401/3316 2955/5402/3317 2956/5403/3318
f 2957/5404/3319 2955/5402/3317 2958/5405/3320
f 2959/5406/3321 2960/5407/3322 2961/5408/3323
f 2959/5406/3321 2962/5409/3324 2958/5405/3320
f 2961/5408/3323 2963/5410/3325 2964/5411/3326
f 2962/5409/3324 2964/5411/3326 2949/5396/3311
f 2911/5358/3271 2950/5397/3312 2965/5412/3327
f 2950/5397/3312 2911/5358/3271 2951/5398/3328
f 2911/5358/3271 2914/5361/3274 2951/5398/3313
f 2951/5398/3313 2941/5388/3302 2952/5399/3314
f 2949/5396/3311 2966/5413/3329 2962/5409/3324
f 2962/5409/3324 2967/5414/3330 2958/5405/3320
f 2957/5404/3319 2967/5414/3330 2968/5415/3331
f 2912/5359/3298 2911/5358/3271 2965/5412/3327
f 2943/5390/3304 2912/5359/3332 2965/5412/3327
f 2969/5416/3333 2960/5407/3322 2970/5417/3334
f 2943/5390/3304 2963/5410/3325 2969/5416/3333
f 2958/5405/3320 2955/5402/3317 2959/5406/3321
f 2955/5402/3317 2971/5418/3335 2959/5406/3321
f 2964/5411/3326 2965/5412/3327 2950/5397/3312
f 2942/5389/3303 2943/5390/3304 2969/5416/3333
f 2523/4712/2800 2939/5386/3300 2491/4680/2765
f 2954/5401/3316 2972/5419/3336 2973/5420/3337
f 2971/5418/3335 2974/5421/3338 2975/5422/3339
f 2974/5421/3338 2973/5420/3337 2972/5419/3336
f 2970/5417/3334 2971/5418/3335 2975/5422/3339
f 2945/5423/3340 2529/4718/2806 2946/5424/3341
f 2948/5425/3342 2530/4721/2809 2976/5426/3343
f 2946/5424/3341 2533/4724/2812 2948/5425/3342
f 2976/5426/3343 2494/4725/2768 2969/5427/3333
f 2977/5428/3344 2978/5429/3345 2979/5430/3346
f 2947/5431/3347 2978/5429/3345 2944/5432/3348
f 2979/5430/3346 2980/5433/3349 2977/5428/3344
f 2981/5434/2916 2979/5435/2916 2982/5436/2916
f 2983/5437/2916 2984/5438/2916 2978/5439/2916
f 2978/5439/2916 2982/5436/2916 2979/5435/2916
f 2948/5395/3310 2970/5440/3350 2975/5441/3350
f 2972/5442/3351 2985/5443/3352 2986/5444/3353
f 2986/5444/3353 2947/5394/3308 2974/5445/3354
f 2947/5394/3308 2948/5395/3310 2974/5445/3354
f 2976/5446/3355 2969/5447/3355 2970/5440/3356
f 2972/5442/3351 2986/5444/3353 2974/5445/3354
f 2948/5395/3310 2976/5446/3357 2970/5440/3356
f 2975/5441/3358 2974/5445/3354 2948/5395/3310
f 2985/5448/3359 2987/5449/2831 2986/5450/2831
f 2947/5431/3347 2987/5449/2833 2983/5451/2834
f 2984/5452/2835 2543/4752/2835 2982/5453/2835
f 2982/5453/2835 2544/4755/2835 2981/5454/3360
f 2956/5455/3361 2988/5456/3362 2954/5457/3363
f 2954/5457/3363 2989/5458/3364 2985/5459/3359
f 2956/5455/3361 2957/5460/3365 2990/5461/3366
f 2990/5461/3366 2968/5462/3367 2991/5463/3368
f 2985/5459/3359 2992/5464/3369 2993/5465/3370
f 2994/5466/3371 2992/5464/3369 2989/5458/3364
f 2994/5466/3371 2988/5456/3362 2995/5467/3372
f 2995/5467/3372 2990/5461/3366 2996/5468/3373
f 2996/5468/3373 2991/5463/3368 2927/5469/3374
f 2926/5470/3375 2996/5468/3373 2927/5469/3374
f 2995/5467/3372 2997/5471/3376 2994/5466/3371
f 2998/5472/3377 2997/5471/3376 2999/5473/3378
f 3000/5474/3379 2996/5468/3380 2926/5470/3375
f 2997/5471/3376 3001/5475/3381 3002/5476/3382
f 2928/5477/3383 3000/5474/3379 2926/5470/3375
f 2999/5473/3378 3002/5476/3382 3003/5478/3384
f 3002/5476/3382 3004/5479/3385 3005/5480/3386
f 3004/5479/3385 2932/5481/3387 3006/5482/3388
f 3003/5478/3384 3005/5480/3386 3007/5483/3389
f 2930/5484/3390 3001/5475/3381 2928/5477/3383
f 3006/5482/3388 3005/5480/3386 3004/5479/3385
f 3007/5483/3389 3008/5485/3391 3009/5486/3392
f 2932/5481/3387 2934/5487/3393 3006/5482/3388
f 3008/5485/3394 3010/5488/3395 3011/5489/3396
f 3009/5486/3392 3011/5489/3396 3012/5490/3397
f 3010/5488/3395 2934/5487/3393 2937/5491/3398
f 3011/5489/3396 3013/5492/3399 3014/5493/3400
f 3013/5492/3399 2937/5491/3398 2923/5494/3401
f 3012/5490/3397 3014/5493/3400 3015/5495/3402
f 3016/5496/3403 3017/5497/3404 3018/5498/3405
f 3019/5499/3406 3020/5500/3407 3021/5501/3408
f 3022/5502/3409 3021/5501/3408 3017/5497/3404
f 3014/5493/3400 3023/5503/3410 3024/5504/3411
f 3013/5492/3399 3025/5505/3412 3023/5503/3410
f 3014/5493/3400 3026/5506/3413 3015/5495/3402
f 3024/5504/3411 3019/5499/3414 3022/5502/3409
f 3023/5503/3410 3027/5507/3415 3019/5499/3406
f 3026/5506/3413 3022/5502/3409 3016/5496/3403
f 3025/5505/3412 2923/5494/3401 2922/5508/3416
f 3028/5509/3417 3025/5505/3418 2922/5508/3416
f 3027/5507/3415 3028/5509/3417 3029/5510/3419
f 3020/5500/3407 3029/5510/3419 3030/5511/3420
f 3016/5496/3403 2586/4811/2893 2588/4813/2895
f 3026/5506/3413 2588/4813/2895 2589/4814/2896
f 3015/5495/3402 2589/4814/2896 2599/5512/3421
f 2999/5513/2916 3003/5514/2916 3031/5515/2916
f 2983/5437/2916 2987/5516/2916 3032/5517/2916
f 3003/5514/2916 3007/5518/2916 3031/5515/2916
f 3007/5518/2916 3009/5519/2916 3031/5515/2916
f 3009/5519/2916 3033/5520/2916 3031/5515/2916
f 2983/5437/2916 3034/5521/2916 2984/5438/2916
f 3012/5522/2916 3035/5523/2916 3033/5520/2916
f 2993/5524/2916 2992/5525/2916 3032/5517/2916
f 2984/5452/2835 2596/4829/2835 2597/4830/2835
f 2987/5516/2916 2993/5524/2916 3032/5517/2916
f 2992/5525/2916 2998/5526/2916 3032/5517/2916
f 2999/5513/2916 3032/5517/2916 2998/5526/2916
f 3015/5527/3422 2598/4833/2898 3035/5528/3422
f 3036/5529/2835 3037/5530/2835 3038/5531/2835
f 3039/5532/3423 3038/5533/3424 3037/5534/3424
f 3040/5535/3425 3041/5536/3426 3039/5532/3423
f 2608/4844/2835 3042/5537/3427 3040/5535/3425
f 2609/4845/2904 3043/5538/3428 3044/5539/3429
f 2612/4848/2907 3045/5540/3430 3046/5541/3431
f 2615/4851/2910 3047/5542/3432 3048/5543/3433
f 2618/4854/2913 3049/5544/3434 3050/5545/3435
f 3051/5546/2820 3052/5547/2820 3053/5548/2820
f 2617/4853/2912 3054/5549/3436 3047/5542/3432
f 2625/4861/2918 3055/5550/3437 3054/5549/3436
f 3056/5551/3438 2615/4851/2910 3048/5543/3433
f 3057/5552/2924 2629/4866/2923 3058/5553/2925
f 2614/4850/2909 3050/5545/3435 3045/5540/3430
f 2627/4863/2920 2945/5423/3340 3055/5550/3437
f 2633/4870/2927 3044/5539/3429 3059/5554/3439
f 3047/5555/2820 3060/5556/3440 3061/5557/2820
f 3045/5558/2820 3062/5559/2820 3063/5560/2820
f 2628/4865/2922 3051/5561/3441 2637/4879/2931
f 3048/5562/2820 3061/5557/2820 3064/5563/2820
f 2620/4856/2915 3065/5564/3442 3049/5544/3434
f 3050/5565/2820 3058/5566/2820 3062/5559/2820
f 3056/5567/2820 3064/5563/2820 3052/5547/2820
f 3064/5568/2935 2643/4887/2934 3052/5569/2936
f 3053/5570/2937 2643/4887/2938 2651/4903/2948
f 3062/5571/2940 2645/4891/2939 3063/5572/2941
f 3060/5573/3443 2647/4894/2942 3061/5574/2944
f 3058/5553/2925 2648/4897/2945 3062/5571/2940
f 3061/5574/2944 2649/4898/2946 3064/5568/2935
f 2641/4883/2933 3051/5561/3441 3065/5564/3442
f 3065/5575/2820 3053/5548/2820 3057/5576/2820
f 3053/5570/2937 2650/4902/2947 3057/5552/2924
f 3049/5577/2820 3057/5576/2820 3058/5566/2820
f 3063/5572/2941 2652/4904/2949 3066/5578/2950
f 3066/5578/2950 2654/4906/2951 3067/5579/2952
f 3067/5579/2952 2656/4908/2953 3068/5580/2954
f 3068/5580/2954 2658/4910/2955 3069/5581/2956
f 3069/5581/2956 2660/4912/2957 3070/5582/2959
f 2611/4847/2906 3046/5541/3431 3043/5538/3428
f 3045/5558/2820 3066/5583/2820 3046/5584/2820
f 3046/5584/2820 3067/5585/2820 3043/5586/2820
f 3043/5586/2820 3068/5587/2820 3044/5588/2820
f 3044/5588/2820 3069/5589/2820 3059/5590/2820
f 3069/5589/2820 3070/5591/2820 3059/5590/2820
f 3070/5582/2959 2664/4924/2960 3071/5592/2962
f 2664/4924/2960 3072/5593/2961 3071/5592/2962
f 2668/4928/2964 3073/5594/2963 3072/5593/2961
f 3018/5595/3405 2669/4929/2965 2586/4931/2893
f 3070/5591/2820 3071/5596/2820 3059/5590/2820
f 3071/5596/2820 3072/5597/2820 3059/5590/2820
f 3059/5590/2820 3072/5597/2820 3074/5598/3444
f 3074/5598/3444 3073/5599/3445 3018/5600/3446
f 3074/5598/3444 3072/5597/2820 3073/5599/3445
f 2977/5601/3447 2980/5602/3448 2945/5392/3306
f 3054/5603/2820 3055/5604/3449 3060/5556/3440
f 3055/5604/3449 2980/5602/3448 3060/5556/3450
f 3060/5573/3443 2980/5433/3349 2981/5454/3360
f 2633/4870/2927 3075/5605/3451 2672/4940/2973
f 3075/5605/3452 3059/5554/3439 3074/5606/3453
f 3076/5607/3454 3077/5608/3455 3078/5609/3456
f 3079/5610/3457 3080/5611/3458 3074/5612/3453
f 3075/5613/3459 2679/4949/2983 2672/4951/2973
f 3078/5609/3456 3081/5614/3460 3079/5610/3457
f 3074/5612/3453 3082/5615/3461 3075/5613/3452
f 3076/5607/3454 3083/5616/3462 3084/5617/3463
f 3084/5617/3463 3085/5618/3464 3086/5619/3465
f 3084/5617/3463 3087/5620/3466 3077/5608/3455
f 3080/5611/3458 3088/5621/3467 3082/5615/3461
f 3081/5614/3460 3089/5622/3468 3080/5611/3458
f 3077/5608/3455 3090/5623/3469 3081/5614/3460
f 3082/5615/3461 2690/4962/2995 2679/4949/2983
f 3087/5620/3466 3091/5624/3470 3092/5625/3471
f 3089/5622/3468 3093/5626/3472 3088/5621/3467
f 3089/5622/3468 3094/5627/3473 3095/5628/3474
f 3087/5620/3466 3094/5627/3473 3090/5623/3469
f 2690/4962/2995 3093/5626/3472 2702/4974/3008
f 3086/5619/3465 3096/5629/3475 3091/5624/3470
f 3095/5628/3474 3097/5630/3476 3093/5626/3477
f 3095/5628/3478 3098/5631/3479 3099/5632/3480
f 3094/5627/3473 3100/5633/3481 3098/5631/3479
f 3093/5626/3477 2701/4973/3007 2702/4974/3008
f 3091/5624/3470 3101/5634/3482 3102/5635/3483
f 3092/5625/3471 3102/5635/3483 3100/5633/3481
f 3097/5630/3476 3103/5636/3484 3104/5637/3485
f 3099/5632/3480 3105/5638/3486 3103/5636/3484
f 3098/5631/3479 3106/5639/3487 3105/5638/3486
f 2701/4973/3007 3104/5637/3485 2715/5640/3488
f 3102/5635/3483 3107/5641/3489 3108/5642/3490
f 3100/5633/3481 3108/5642/3490 3106/5639/3487
f 3104/5643/3018 3109/5644/3018 3110/5645/3018
f 3103/5646/3018 3111/5647/3018 3109/5644/3018
f 3106/5648/3018 3111/5647/3018 3105/5649/3018
f 3104/5643/3018 2714/4990/3018 2715/4991/3018
f 3108/5650/3018 3112/5651/3018 3113/5652/3018
f 3106/5648/3018 3113/5652/3018 3114/5653/3018
f 3107/5654/3018 3115/5655/3018 3112/5651/3018
f 3116/5656/2835 3117/5657/2835 3115/5658/2835
f 3118/5659/2820 3096/5660/2820 3085/5661/2820
f 3083/5662/2820 3119/5663/2820 3118/5659/2820
f 3118/5659/2820 3101/5664/2820 3096/5660/2820
f 3085/5661/2820 3083/5662/2820 3118/5659/2820
f 3101/5664/2820 3116/5665/2820 3107/5666/2820
f 3110/5667/3491 2722/5007/2835 2714/5009/2835
f 3112/5668/3492 3120/5669/3493 3113/5670/3494
f 3113/5670/3494 3121/5671/3495 3114/5672/3496
f 3115/5673/2916 3122/5674/3497 3112/5668/3492
f 3109/5675/3498 3123/5676/3499 3110/5667/3491
f 3111/5677/3500 3124/5678/3501 3109/5675/3498
f 3114/5672/3496 3125/5679/3502 3111/5677/3500
f 2922/5680/2820 2924/5681/2820 3126/5682/2820
f 2936/5683/2820 2935/5684/2820 3126/5682/2820
f 2933/5685/2820 2931/5686/2820 3127/5687/2820
f 2924/5681/2820 2936/5683/2820 3126/5682/2820
f 2935/5684/2820 2933/5685/2820 3126/5682/2820
f 2966/5688/2820 2953/5689/2820 2991/5690/2820
f 2941/5691/2820 2940/5692/2820 2927/5693/2820
f 2991/5690/2820 2968/5694/2820 2967/5695/2820
f 2941/5691/2820 2927/5693/2820 2952/5696/2820
f 2927/5693/2820 2991/5690/2820 2952/5696/2820
f 2953/5689/2820 2952/5696/2820 2991/5690/2820
f 2967/5695/2820 2966/5688/2820 2991/5690/2820
f 2927/5693/2820 2940/5692/2820 2925/5697/2820
f 2929/5698/2820 2940/5692/2820 2920/5699/2820
f 2931/5686/2820 2929/5698/2820 3127/5687/2820
f 3030/5700/3503 3029/5701/3504 3126/5682/3505
f 3029/5701/3506 3028/5702/2820 3126/5682/2820
f 2922/5680/2820 3126/5682/2820 3028/5702/2820
f 3128/5703/2898 3129/5704/2898 3130/5705/2898
f 3131/5706/2835 3132/5707/2835 3126/5708/2835
f 3126/5708/2835 3133/5709/2835 3118/5710/2835
f 2929/5698/2820 3134/5711/2820 3127/5687/2820
f 2920/5699/2820 3135/5712/2820 3134/5711/2820
f 3132/5713/2820 3136/5714/2820 3130/5715/2820
f 3130/5705/2898 3137/5716/2898 3128/5703/2898
f 3137/5717/2820 3138/5718/2820 3128/5719/2820
f 3139/5720/3507 3140/5721/3508 3136/5722/3509
f 3136/5722/3509 3141/5723/3510 3139/5720/3507
f 3142/5724/3511 3141/5723/3510 3136/5722/3509
f 3142/5724/3512 3131/5725/3513 3143/5726/3514
f 3144/5727/3515 3142/5724/3511 3143/5726/3514
f 3143/5726/3514 3145/5728/3045 3144/5727/3516
f 3146/5729/3048 3147/5730/3047 3145/5728/3045
f 3148/5731/3050 3149/5732/3049 3147/5730/3047
f 3150/5733/3052 3151/5734/3051 3149/5732/3049
f 3152/5735/3054 3153/5736/3053 3151/5734/3051
f 3154/5737/3056 3155/5738/3055 3153/5736/3053
f 3156/5739/3058 3157/5740/3057 3155/5741/3058
f 3158/5742/3060 3159/5743/3059 3157/5740/3057
f 3160/5744/3062 3161/5745/3061 3159/5743/3059
f 3162/5746/3517 3163/5747/3518 3164/5748/3519
f 3165/5749/3066 3162/5746/3517 3161/5745/3061
f 3164/5748/3519 3163/5747/3518 3166/5750/3520
f 3151/5751/2916 3153/5752/2916 3164/5753/2916
f 3153/5752/2916 3155/5754/2916 3157/5755/2916
f 3157/5755/2916 3159/5756/2916 3153/5752/2916
f 3159/5756/2916 3161/5757/2916 3153/5752/2916
f 3161/5757/2916 3162/5758/2916 3153/5752/2916
f 3162/5758/2916 3164/5753/2916 3153/5752/2916
f 3167/5759/2916 3151/5751/2916 3164/5753/2916
f 3168/5760/2916 3149/5761/2916 3151/5751/2916
f 3144/5762/2916 3145/5763/2916 3168/5760/2916
f 3147/5764/2916 3149/5761/2916 3168/5760/2916
f 3168/5760/3521 3139/5765/3522 3141/5766/3523
f 3168/5760/2916 3141/5766/3524 3169/5767/2916
f 3145/5763/2916 3147/5764/2916 3168/5760/2916
f 3168/5760/2916 3169/5767/2916 3144/5762/2916
f 3170/5768/3525 3139/5765/3526 3168/5760/3525
f 3168/5769/3527 2777/5770/3527 3170/5771/3527
f 3171/5772/3528 2779/5114/3075 2782/5117/3078
f 3172/5773/3529 2782/5117/3078 2784/5119/3080
f 3173/5774/3530 2784/5119/3080 2800/5775/3531
f 3174/5776/3532 3175/5777/3533 3176/5778/3534
f 3176/5778/3534 3177/5779/3535 3178/5780/3536
f 3178/5780/3536 3172/5773/3537 3173/5774/3530
f 3179/5781/3538 3180/5782/3539 3175/5777/3533
f 3175/5777/3533 3181/5783/3540 3177/5779/3535
f 3177/5779/3535 3171/5772/3528 3172/5773/3529
f 3182/5784/3541 3183/5785/3542 3180/5782/3539
f 3180/5782/3539 3184/5786/3543 3181/5783/3540
f 3181/5783/3540 3185/5787/3544 3171/5772/3528
f 3178/5788/3545 3186/5789/3546 3187/5790/3547
f 3174/5791/3548 3188/5792/3549 3189/5793/3550
f 3173/5794/3551 2799/5138/3100 3186/5789/3546
f 3176/5795/3552 3187/5790/3547 3188/5792/3549
f 3190/5796/3553 3189/5793/3550 3191/5797/3554
f 3188/5792/3549 3191/5797/3555 3189/5793/3556
f 3190/5796/3553 3192/5798/3557 3189/5793/3556
f 3193/5799/3558 3194/5800/3559 3195/5801/3560
f 3196/5802/3561 3197/5803/3562 3198/5804/3563
f 3199/5805/3564 3198/5804/3563 3200/5806/3565
f 3201/5807/3566 3202/5808/3567 3203/5809/3568
f 3195/5801/3560 3204/5810/3569 3201/5807/3566
f 3202/5808/3567 3200/5806/3565 3203/5809/3568
f 3205/5811/3570 3192/5798/3557 3206/5812/3571
f 3207/5813/3572 3208/5814/3573 3209/5815/3574
f 3209/5815/3574 3210/5816/3575 3211/5817/3576
f 3211/5817/3576 3212/5818/3577 3213/5819/3578
f 3166/5820/3579 3214/5821/3580 3215/5822/3581
f 3213/5819/3578 3216/5823/3582 3217/5824/3583
f 3216/5823/3582 3218/5825/3584 3217/5824/3583
f 3219/5826/3585 3217/5824/3583 3218/5825/3584
f 3217/5824/3583 3219/5826/3585 3214/5821/3580
f 3215/5822/3581 3219/5826/3585 3220/5827/3586
f 3163/5828/3587 3214/5821/3580 3166/5820/3579
f 3207/5813/3572 3221/5829/3588 3222/5830/3589
f 3214/5831/2820 3165/5832/2820 3154/5833/2820
f 3143/5834/2820 3131/5835/2820 3209/5836/2820
f 3143/5834/2820 3209/5836/2820 3146/5837/2820
f 3209/5836/2820 3211/5838/2820 3146/5837/2820
f 3146/5837/2820 3211/5838/2820 3148/5839/2820
f 3211/5838/2820 3213/5840/2820 3148/5839/2820
f 3148/5839/2820 3213/5840/2820 3150/5841/2820
f 3213/5840/2820 3217/5842/2820 3150/5841/2820
f 3214/5831/2820 3163/5843/2820 3223/5844/2820
f 3150/5841/2820 3217/5842/2820 3152/5845/2820
f 3217/5842/2820 3214/5831/2820 3152/5845/2820
f 3214/5831/2820 3223/5844/2820 3165/5832/2820
f 3165/5832/2820 3160/5846/2820 3154/5833/2820
f 3160/5846/2820 3158/5847/2820 3154/5833/2820
f 3158/5847/2820 3156/5848/2820 3154/5833/2820
f 3154/5833/2820 3152/5845/2820 3214/5831/2820
f 3207/5849/2820 3209/5836/2820 3224/5850/2820
f 3197/5851/2820 3207/5849/2820 3224/5850/2820
f 3198/5852/2820 3197/5851/2820 3224/5850/2820
f 3198/5852/2820 3225/5853/2820 3200/5854/2820
f 3226/5855/2820 3209/5836/2820 3131/5835/2820
f 3174/5856/2820 3227/5857/2820 3228/5858/2820
f 3229/5859/2820 3174/5856/2820 3230/5860/2820
f 3166/5861/3590 3231/5862/3590 3164/5863/3590
f 3215/5864/3591 3231/5865/3592 3166/5866/3593
f 3215/5864/3591 3232/5867/3594 3231/5865/3592
f 3219/5868/3595 3218/5869/3596 3233/5870/3597
f 3216/5871/3598 3212/5872/3599 3234/5873/3600
f 3216/5871/3598 3233/5870/3597 3218/5869/3596
f 3219/5868/3595 3232/5867/3594 3220/5874/3601
f 3221/5875/3602 3196/5876/3602 3235/5877/3602
f 3210/5878/3603 3208/5879/2916 3236/5880/3604
f 3222/5881/3602 3221/5875/3602 3235/5877/3602
f 3208/5879/3605 3235/5877/3605 3236/5880/3604
f 3234/5873/3600 3210/5878/3603 3236/5880/3604
f 3199/5882/2916 3202/5883/2916 3237/5884/2916
f 3204/5885/2916 3237/5884/2916 3202/5883/2916
f 3194/5886/2916 3238/5887/3606 3239/5888/3607
f 3237/5884/2916 3196/5876/2916 3199/5882/2916
f 3192/5889/3608 3240/5890/3609 3241/5891/3610
f 3191/5892/3611 3242/5893/3612 3243/5894/3613
f 3186/5895/3614 2799/5236/2835 2848/5235/3164
f 3187/5896/3615 3186/5895/3614 2848/5235/3164
f 3190/5897/3616 3243/5894/3613 3240/5890/3609
f 3187/5896/3615 3242/5893/3617 3188/5898/3618
f 3194/5886/2916 3239/5888/3607 3204/5885/2916
f 3206/5899/3619 3241/5891/3610 3244/5900/3619
f 3245/5901/3620 3246/5902/3621 3247/5903/3622
f 3248/5904/3623 3249/5905/3624 3250/5906/3625
f 3251/5907/3626 3252/5908/3627 3253/5909/3628
f 3254/5910/3629 3247/5903/3622 3255/5911/3630
f 3256/5912/3631 3250/5906/3625 3257/5913/3632
f 3258/5914/3633 3259/5915/2835 3260/5916/2835
f 3261/5917/3634 3253/5909/3628 3262/5918/3635
f 3263/5919/3636 3255/5911/3630 3264/5920/3637
f 3259/5915/2835 3257/5913/3632 3260/5916/2835
f 3265/5921/3638 3258/5914/3633 3266/5922/3639
f 3267/5923/3640 3262/5918/3635 3268/5924/3641
f 3269/5925/3642 3264/5920/3637 3270/5926/3643
f 3271/5927/3644 3266/5922/3639 3272/5928/3645
f 3273/5929/3646 3268/5924/3641 3274/5930/3647
f 3275/5931/3648 3270/5926/3643 3276/5932/3649
f 3277/5933/3650 3272/5928/3645 3278/5934/3651
f 3279/5935/3652 3274/5930/3647 3280/5936/3653
f 3281/5937/3654 3276/5932/3649 3282/5938/3655
f 3283/5939/3656 3278/5934/3651 3284/5940/3657
f 3285/5941/3658 3280/5936/3653 3286/5942/3659
f 3287/5943/3660 3282/5944/3655 3288/5945/3661
f 3289/5946/3662 3284/5940/3663 3246/5902/3621
f 3290/5947/3664 3286/5942/3659 3249/5905/3624
f 3291/5948/3665 3288/5945/3666 3252/5908/3627
f 3246/5949/2820 3292/5950/2820 3247/5951/2820
f 3249/5952/2820 3292/5950/2820 3250/5953/2820
f 3252/5954/2820 3292/5950/2820 3253/5955/2820
f 3247/5951/2820 3292/5950/2820 3255/5956/2820
f 3250/5953/2820 3292/5950/2820 3257/5957/2820
f 3260/5958/2820 3292/5950/2820 3258/5959/2820
f 3253/5955/2820 3292/5950/2820 3262/5960/2820
f 3255/5956/2820 3292/5950/2820 3264/5961/2820
f 3257/5957/2820 3292/5950/2820 3260/5958/2820
f 3258/5959/2820 3292/5950/2820 3266/5962/2820
f 3262/5960/2820 3292/5950/2820 3268/5963/2820
f 3264/5961/2820 3292/5950/2820 3270/5964/2820
f 3266/5962/2820 3292/5950/2820 3272/5965/2820
f 3268/5963/2820 3292/5950/2820 3274/5966/2820
f 3270/5964/2820 3292/5950/2820 3276/5967/2820
f 3272/5965/2820 3292/5950/2820 3278/5968/2820
f 3274/5966/2820 3292/5950/2820 3280/5969/2820
f 3276/5967/2820 3292/5950/2820 3282/5970/2820
f 3278/5968/2820 3292/5950/2820 3284/5971/2820
f 3280/5969/2820 3292/5950/2820 3286/5972/2820
f 3282/5970/2820 3292/5950/2820 3288/5973/2820
f 3284/5971/2820 3292/5950/2820 3246/5949/2820
f 3286/5972/2820 3292/5950/2820 3249/5952/2820
f 3288/5973/2820 3292/5950/2820 3252/5954/2820
f 3128/5719/2820 3138/5718/2820 3036/5974/2820
f 3293/5975/3667 3294/5976/3668 3295/5977/3669
f 3296/5978/2835 3138/5979/2835 3297/5980/2835
f 3296/5978/2835 3298/5981/2835 3138/5979/2835
f 3138/5979/2835 3298/5981/2835 3299/5982/2835
f 3300/5983/3670 3301/5984/3671 3302/5985/3672
f 3303/5986/3673 2865/5260/3178 3304/5987/3674
f 3300/5983/3670 3302/5985/3672 3305/5988/3675
f 3306/5989/3676 3304/5987/3674 3301/5984/3671
f 3301/5990/3677 3039/5991/3678 3037/5992/3679
f 3304/5993/3680 3039/5991/3678 3301/5990/3677
f 2865/5270/3188 3040/5994/3681 3304/5993/3680
f 3302/5995/3682 3301/5990/3677 3037/5992/3679
f 3307/5996/3683 3299/5997/3684 3308/5998/3685
f 3307/5996/3683 3300/5983/3670 3309/5999/3686
f 3310/6000/3687 3301/5984/3671 3300/5983/3670
f 3309/5999/3686 3300/5983/3670 3305/5988/3675
f 3309/6001/2835 3036/5529/2835 3299/5982/2835
f 3036/5529/2835 3138/5979/2835 3299/5982/2835
f 3305/6002/2835 3036/5529/2835 3309/6001/2835
f 3305/6002/2835 3302/6003/2835 3036/5529/2835
f 3036/5974/2820 3311/6004/2820 3128/5719/2820
f 3130/5715/2820 3133/6005/2820 3132/5713/2820
f 3118/5710/2835 3133/5709/2835 3117/5657/2835
f 3030/5700/2820 3118/5659/2820 3119/5663/2820
f 3020/5500/3407 3119/6006/3688 3076/6007/3689
f 3017/5497/3404 3078/6008/3690 3079/6009/3691
f 3018/5498/3405 3079/6009/3691 3074/6010/3692
f 3021/5501/3408 3076/6007/3689 3078/6008/3690
f 2777/5244/2835 2875/5288/2835 3297/5980/2835
f 3312/6011/3693 3294/5976/3668 3313/6012/3694
f 3314/6013/3695 3315/6014/3696 3316/6015/3697
f 3316/6015/3697 3317/6016/3698 3312/6011/3693
f 3312/6011/3693 3295/5977/3699 3294/5976/3668
f 3318/6017/3700 3319/6018/3701 3314/6013/3695
f 2886/5299/3212 3320/6019/3702 3318/6017/3700
f 3298/6020/3703 3308/5998/3685 3299/5997/3684
f 3321/6021/3704 3135/6022/3705 2919/5366/3279
f 2891/5305/3218 2915/5362/3275 2468/4657/2742
f 3322/6023/3706 2917/5364/3277 2921/5368/3281
f 3323/6024/3707 2921/5368/3281 2915/5362/3275
f 3321/6021/3704 2917/5364/3277 3324/6025/3708
f 3325/6026/3709 3230/6027/3710 3321/6021/3704
f 3238/5887/3711 3244/5900/3619 3239/5888/3711
f 3135/5712/2820 3326/6028/2820 3134/5711/2820
f 3193/5799/3558 3206/5812/3712 3238/6029/3713
f 3327/6030/3714 3325/6026/3709 3321/6021/3704
f 3327/6030/3715 3328/6031/3716 3325/6026/3709
f 3321/6021/3704 3324/6025/3708 3327/6030/3717
f 3328/6032/3231 3329/6033/3231 3330/6034/3231
f 3324/6035/3718 3329/6036/3719 3327/6037/3233
f 3330/6038/3720 3312/6011/3693 3313/6012/3721
f 3329/6036/3719 3316/6039/3722 3312/6040/3723
f 3329/6036/3719 3324/6035/3718 3316/6039/3722
f 3324/6035/3718 3314/6041/3724 3316/6039/3722
f 3324/6035/3718 3322/6042/3725 3314/6041/3724
f 3322/6042/3725 3318/6043/3726 3314/6041/3724
f 2886/5329/3242 3323/6044/3727 2891/6045/3728
f 3330/6046/3729 3325/6047/3730 3328/6048/3246
f 3230/6049/3731 3325/6047/3730 3313/6050/3732
f 3331/6051/3733 3332/6052/3734 3333/6053/3734
f 3334/6054/3735 3335/6055/3736 3331/6051/3733
f 3332/6052/3734 2906/5341/3252 3333/6053/3734
f 3297/6056/3737 2908/5344/3252 3336/6057/3738
f 3185/6058/3739 2906/5348/3256 2779/5347/3740
f 3331/6059/3741 3333/6060/3742 3337/6061/3743
f 3337/6061/3743 2906/5348/3744 3183/6062/3745
f 3333/6060/3746 2906/5348/3256 3337/6061/3743
f 3183/6062/3747 2906/5348/3256 3184/6063/3748
f 3184/6063/3749 2906/5348/3256 3185/6058/3750
f 3174/5856/2820 3337/6064/2820 3179/6065/2820
f 3179/6065/2820 3337/6064/2820 3182/6066/2820
f 3337/6064/2820 3174/5856/2820 3229/5859/2820
f 3334/6067/3246 3331/6059/3246 3229/6068/3246
f 3294/6069/3751 3334/6067/3268 3229/6068/3268
f 3229/6068/3268 3331/6059/3268 3337/6061/3743
f 3294/6069/3751 3230/6049/3731 3313/6050/3732
f 3139/6070/3752 3338/6071/3753 3339/6072/3754
f 3140/5721/3755 3137/6073/3756 3136/5722/3509
f 3339/6072/3754 3340/6074/3757 3341/6075/3758
f 3341/6076/2820 2853/6077/2820 3339/6078/2820
f 3341/6079/2835 3342/6080/2835 3343/6081/2835
f 2852/6082/2820 3344/6083/2820 3140/6084/2820
f 3345/6085/2916 3340/6086/2916 3338/6087/2916
f 3338/6087/2916 3170/6088/2916 3345/6085/2916
f 3345/6085/2916 3342/6089/2916 3340/6086/2916
f 3170/6090/2835 2777/5244/2835 3345/6091/2835
f 2777/5244/2835 3297/5980/2835 3345/6091/2835
f 3138/5979/2835 3345/6091/2835 3297/5980/2835
f 3346/6092/2835 3344/6093/2835 3138/5979/2835
f 3138/5979/2835 3344/6093/2835 3345/6091/2835
f 2837/5199/2916 2813/5200/2916 2818/6094/2916
f 3347/6095/3759 3297/6096/3737 3336/6097/3738
f 3225/5853/2820 3193/6098/2820 3195/6099/2820
f 3225/5853/2820 3203/6100/2820 3200/5854/2820
f 3348/6101/3760 2855/5343/3253 2859/6102/3761
f 3349/6103/2916 2804/6104/2916 2785/6105/2916
f 2837/5199/2916 2814/6106/2916 2817/6107/2916
f 3225/5853/2820 3195/6099/2820 3201/6108/2820
f 3350/6109/3762 3296/6110/3763 3347/6095/3759
f 3351/6111/2916 2806/6112/2916 2819/6113/2916
f 2837/5199/2916 2818/6094/2916 2814/6106/2916
f 2888/5302/3215 2859/6102/3761 2860/5300/3213
f 3225/5853/2820 3201/6108/2820 3203/6100/2820
f 3351/6111/2916 2804/6104/2916 3352/6114/2916
f 2837/5199/2916 2817/6107/2916 2806/6112/2916
f 3353/6115/2820 3193/6098/2820 3225/5853/2820
f 3353/6115/2820 3189/6116/2820 3205/6117/2820
f 3354/6118/2916 2909/6119/2916 2897/5311/2916
f 3355/6120/3764 3356/6121/3764 3357/6122/3764
f 3358/6123/3765 3359/6124/3766 3360/6125/3767
f 3361/6126/3768 3356/6127/3769 3359/6124/3766
f 3362/6128/3770 3363/6129/3771 3356/6127/3769
f 3364/6130/3772 3365/6131/3773 3363/6129/3774
f 3366/6132/2835 3360/6125/3767 3367/6133/2835
f 3368/6134/3018 3369/6135/3018 3362/6136/3018
f 3226/6137/2916 3366/6138/2916 3367/6139/2916
f 3370/6140/3775 3371/6141/3776 3372/6142/3777
f 3355/6143/3778 3373/6144/3779 3370/6140/3780
f 3374/6145/3781 3368/6146/3782 3355/6143/3783
f 3357/6147/3784 3375/6148/3785 3374/6145/3786
f 3372/6142/3777 3376/6149/2898 3226/6150/2898
f 3369/6151/3787 3365/6131/3773 3377/6152/3773
f 3127/5687/2820 3376/6153/2820 2933/5685/2820
f 3226/5855/2820 3378/6154/2820 3224/5850/2820
f 3126/5682/2820 3376/6153/2820 3366/6155/2820
f 3126/5682/2820 3367/6156/2820 3131/5835/2820
f 3367/6156/2820 3226/5855/2820 3131/5835/2820
f 3168/6157/3788 2774/6158/3788 2775/6159/3788
f 2457/4646/2731 2486/4675/3789 2458/4647/2732
f 2459/4648/2733 2458/4647/2732 2460/4649/2734
f 2462/4651/2736 2469/4658/2743 2457/4646/2731
f 2464/4653/2738 2459/4648/2733 2461/4650/2735
f 2465/4654/2739 2461/4650/2735 2466/4655/2740
f 2463/4652/2737 2457/4646/2731 2459/4648/2733
f 2468/4657/2742 2488/4677/2762 2469/4658/2743
f 2473/4662/2747 2475/4664/2749 2476/4665/2750
f 2477/4666/2751 2476/4665/2750 2478/4667/2752
f 2479/4668/2753 2478/4667/2752 2480/4669/2754
f 2481/4670/2755 2480/4669/2754 2482/4671/2756
f 2484/4673/2758 2483/4672/2757 2482/4671/2756
f 2471/4660/2745 2484/4673/2758 2485/4674/2759
f 2486/4675/2760 2457/4646/2731 2469/4658/2743
f 2488/4677/2762 2523/4712/2800 2487/4676/2761
f 2489/4678/2763 2495/4684/2769 2490/4679/2764
f 2494/4683/2768 2521/4710/2797 2495/4684/2769
f 2496/4685/2770 2486/4675/2796 2487/4676/2761
f 2497/4686/2771 2501/4690/2775 2498/4687/2772
f 2500/4689/2774 2531/4739/2821 2501/4690/3790
f 2502/4691/2776 2506/4695/2780 2503/4692/2777
f 2502/4691/2776 2733/6160/3791 2505/4694/2779
f 2507/4696/2781 2522/4711/2798 2508/4697/2782
f 2510/4699/2784 2515/4704/2789 2507/4696/2781
f 2511/4700/2785 2516/4705/2790 2512/4701/2786
f 2514/4703/2788 2516/4705/2790 2511/4700/2785
f 2516/4705/2790 2504/4693/2778 2517/4706/2791
f 2514/4703/2788 2502/4691/2776 2504/4693/2778
f 2493/4682/2767 2460/4649/2734 2506/4695/3792
f 2519/4708/2794 2733/6160/3791 2502/4691/2776
f 2520/4709/2795 2519/4708/2794 2514/4703/2788
f 2510/4699/2784 2548/6161/3793 2520/4709/2795
f 2521/4710/2797 2528/4717/2805 2512/4701/2786
f 2517/4706/2791 2518/4707/2792 2496/4685/2770
f 2507/4696/2781 2511/4700/2785 2513/4702/2787
f 2504/4693/2778 2503/4692/2777 2518/4707/2792
f 2495/4684/2769 2521/4710/2797 2496/4685/2770
f 2523/4712/2800 2491/4680/2765 2490/4679/2764
f 2508/4697/2782 2522/4711/2798 2524/4713/2801
f 2526/4715/2803 2522/4711/2798 2513/4702/2787
f 2528/4717/2805 2527/4716/2804 2513/4702/2787
f 2529/4718/2806 3379/6162/3794 2498/4719/2807
f 2530/4721/2809 2533/4724/2812 2531/4722/2810
f 2533/4724/2812 2529/4718/2806 2501/4720/3795
f 2494/4725/2768 2530/4721/2809 2532/4723/2811
f 2499/4727/2813 2536/4732/2819 2534/4728/2814
f 2534/4728/2814 2539/4751/2834 2500/4730/2816
f 2535/4731/2818 2537/4756/2836 2536/4732/2819
f 2534/4737/2820 2536/4735/2820 2538/4734/2820
f 2542/4748/2831 2595/6163/3370 2525/4749/2832
f 2542/4748/2833 2541/4750/2833 2500/4730/2816
f 2543/4752/2835 2597/4830/2835 2540/4753/2835
f 2544/4755/2835 2543/4752/2835 2538/4754/2835
f 2545/4757/2837 2547/4762/2841 2509/4758/2838
f 2546/4760/2840 2545/4757/2837 2508/4759/2839
f 2548/4764/2843 2510/4763/2842 2547/4762/2841
f 2525/4761/2832 2595/6164/3370 2550/4766/2845
f 2551/4767/2846 2546/4760/2840 2550/4766/2845
f 2545/4757/2837 2546/4760/2840 2551/4767/2846
f 2547/4762/2841 2545/4757/2837 2553/4769/2848
f 2549/4765/2844 2547/4762/2841 2554/4770/2849
f 2555/4773/2852 2557/4775/2855 2553/4769/2848
f 2555/4773/2852 2551/4767/2846 2552/4768/2847
f 2554/4770/2849 2553/4769/2848 2557/4775/2855
f 2555/4773/2852 2559/4778/2858 2558/4776/2856
f 2476/4777/2857 2475/4772/2851 2557/4775/2855
f 2556/4774/2853 2562/4783/2863 2559/4778/2858
f 2559/4778/2858 2561/4782/2862 2560/4779/2859
f 2560/4779/2859 2564/4785/2865 2480/4780/2860
f 2561/4782/2862 2559/4778/2858 2562/4783/2863
f 2478/4781/2861 2476/4777/2857 2558/4776/2856
f 2564/4785/2865 2560/4779/2859 2561/4782/2862
f 2565/4786/2866 2561/4782/2862 2563/4784/2864
f 2565/4786/2866 2568/4790/2871 2567/4789/2870
f 2566/4787/2868 2571/4795/2876 2568/4790/2871
f 2482/4788/2869 2564/4785/2865 2567/4789/2870
f 2568/4790/2871 2570/4794/2875 2569/4792/2873
f 2485/4791/2872 2567/4789/3796 2569/4792/2873
f 2570/4794/2875 2568/4790/2871 2571/4795/2876
f 2573/4797/2878 2587/4812/2894 2574/4798/2879
f 2576/4800/2881 2579/4803/2884 2577/4801/2882
f 2575/4799/2880 2574/4798/2879 2579/4803/2884
f 2570/4794/2875 2583/4807/2888 2580/4804/2885
f 2569/4792/2873 2580/4804/2885 2581/4805/2889
f 2582/4806/2887 2583/4807/2888 2570/4794/2875
f 2583/4807/2888 2575/4799/2880 2576/4800/3797
f 2580/4804/2885 2576/4800/2881 2578/4802/2883
f 2582/4806/2887 2573/4797/2878 2575/4799/2880
f 2584/4809/2891 2581/4805/2886 2578/4802/2883
f 2577/4801/2882 2734/5284/3798 2585/4810/2892
f 2573/4797/2878 2588/4813/2895 2586/4811/2893
f 2582/4806/2887 2589/4814/2896 2588/4813/2895
f 2572/4796/2877 2599/5512/3421 2589/4814/2896
f 2566/4821/2820 2590/4816/2820 2592/4822/2820
f 2593/4824/2820 2591/4818/2820 2539/4736/2820
f 2571/4823/2820 2592/4822/2820 2594/4825/2820
f 2596/4829/2835 2593/6165/2835 2540/4753/2835
f 2591/4818/2820 2590/4816/2820 2556/4815/2820
f 2572/4832/2897 2594/6166/2897 2598/4833/2898
f 2602/4837/2835 3380/6167/2835 2603/6168/2835
f 2603/6168/2835 2600/4835/2835 2602/4837/2835
f 2603/4838/2899 2605/4841/2901 2604/4839/2900
f 2605/4841/2901 2607/4843/2903 2606/4842/2902
f 2607/4843/2903 3381/6169/2835 2608/4844/2835
f 2609/4845/2904 2634/4871/2928 2610/4846/2905
f 2612/4848/2907 2661/4913/2958 2613/4849/2908
f 2615/4851/2910 2638/6170/3799 2616/4852/2911
f 2618/4854/2913 2632/4869/2926 2619/4855/2914
f 2621/4857/2916 2644/4899/2916 2622/4858/2916
f 2624/4860/2917 2625/4861/2918 2617/4853/2912
f 2625/4861/2918 2624/4860/2917 2626/4862/2919
f 2623/4864/2921 2638/6170/3799 2615/4851/2910
f 2629/4866/2923 2650/4902/2947 2630/4867/2924
f 2614/4850/2909 2613/4849/2908 2632/4869/2926
f 2498/4719/2807 3379/6162/3794 2627/4863/2920
f 2633/4870/2927 2662/4942/2976 2634/4871/2928
f 2616/4872/2916 2639/4881/2916 2635/4873/2929
f 2613/4875/2916 2646/6171/2916 2636/4876/2916
f 2621/4878/2930 2623/4864/2921 2628/4865/2922
f 2638/4880/2916 2642/4886/2916 2639/4881/2916
f 2620/4856/2915 2619/4855/2914 2640/4882/2932
f 2632/4877/2916 2636/4876/2916 2631/4884/2916
f 2623/4859/2916 2622/4858/2916 2642/4886/2916
f 2643/4887/2934 2649/4898/2946 2642/4888/2935
f 2644/4890/2937 2651/4903/2948 2643/4887/2938
f 2645/4891/2939 2648/4897/2945 2636/4892/2940
f 2647/4894/2942 2671/4939/2971 2635/4895/2943
f 2648/4897/2945 2629/4866/2923 2631/4868/2925
f 2649/4898/2946 2647/4894/2942 2639/4896/2944
f 2621/4878/2930 2637/4879/2931 2641/4883/2933
f 2644/4899/2916 2621/4857/2916 2640/4900/2916
f 2644/4890/2937 2630/4867/2924 2650/4902/2947
f 2619/4885/2916 2631/4884/2916 2630/4901/2916
f 2646/4893/2941 2653/4905/2950 2652/4904/2949
f 2653/4905/2950 2655/4907/2952 2654/4906/2951
f 2655/4907/2952 2657/4909/2954 2656/4908/2953
f 2657/4909/2954 2659/4911/2956 2658/4910/2955
f 2659/4911/2956 2663/4923/2959 2660/4912/2957
f 2611/4847/2906 2610/4846/2905 2661/4913/2958
f 2653/4914/2916 2646/6171/2916 2613/4875/2916
f 2655/4916/2916 2653/4914/2916 2661/4915/2916
f 2657/4918/2916 2655/4916/2916 2610/4917/2916
f 2659/4920/2916 2657/4918/2916 2634/4919/2916
f 2663/4923/2959 2666/4926/2962 2664/4924/2960
f 2665/4925/2961 2668/4928/2964 2664/4924/2960
f 2667/4927/2963 2669/4929/2965 2668/4928/2964
f 2669/4929/2965 2667/4927/3800 2587/4930/2894
f 2626/4938/2970 2635/4873/3801 2535/4937/2969
f 2537/4756/2836 2535/4731/2818 2635/4895/2943
f 2635/4895/2943 2671/4939/2971 2537/4756/2836
f 2673/4941/2986 2670/6172/2982 2662/4942/2976
f 2674/4943/2977 2684/4956/2989 2675/4944/2978
f 2677/4946/2980 2680/4952/2984 2678/4947/2981
f 2679/4949/2983 2681/4953/2985 2673/4950/2975
f 2680/4952/2984 2674/4943/2977 2676/4945/2979
f 2681/4953/2985 2677/4946/2980 2670/4948/2982
f 2675/4944/2978 2684/4956/2989 2682/4954/2987
f 2684/4956/2989 2692/4964/2997 2685/4957/2990
f 2686/4958/2991 2692/4964/2997 2684/4956/2989
f 2687/4959/2992 2688/4960/2993 2677/4946/2980
f 2688/4960/2993 2689/4961/2994 2680/4952/2984
f 2689/4961/2994 2686/4958/3802 2674/4943/2977
f 2690/4962/2995 2687/4959/2992 2681/4953/3803
f 2686/4958/2991 2700/4972/3006 2691/4963/2996
f 2693/4965/2998 2697/4969/3002 2688/4960/2993
f 2688/4960/2993 2697/4969/3002 2694/4966/2999
f 2694/4966/2999 2700/4972/3006 2686/4958/3802
f 2690/4962/2995 2702/4974/3008 2693/4965/2998
f 2692/4964/2997 2691/4963/2996 2695/4967/3000
f 2696/4968/3001 2706/4978/3012 2697/4969/3002
f 2697/4969/3804 2706/4978/3012 2698/4970/3004
f 2694/4966/2999 2698/4970/3004 2699/4971/3005
f 2701/4973/3007 2696/4968/3001 2693/4965/2998
f 2691/4963/2996 2704/4976/3010 2703/4975/3009
f 2700/4972/3006 2699/4971/3005 2704/4976/3010
f 2696/4968/3001 2709/4981/3015 2705/4977/3011
f 2706/4978/3012 2705/4977/3011 2707/4979/3013
f 2698/4970/3004 2707/4979/3013 2708/4980/3014
f 2701/4973/3007 2715/5640/3488 2709/4981/3015
f 2704/4976/3010 2711/4983/3017 2710/4982/3016
f 2699/4971/3005 2708/4980/3014 2711/4983/3017
f 2709/4984/3018 2723/6173/3018 2712/4985/3018
f 2705/4986/3018 2712/4985/3018 2713/4987/3018
f 2713/4987/3018 2726/6174/3018 2708/4989/3018
f 2714/4990/3018 2723/6173/3018 2709/4984/3018
f 2711/4992/3018 2717/4995/3018 2716/4993/3018
f 2708/4989/3018 2726/6174/3018 2717/4995/3018
f 2718/4996/3018 2720/6175/3018 2710/4994/3018
f 2719/4997/2835 2721/5052/2835 2720/4998/2835
f 2703/5005/2916 2710/6176/2916 2720/5006/2916
f 2722/5007/2835 2728/5017/3026 2723/5008/3019
f 2724/5010/3020 2727/5015/3025 2716/5011/3021
f 2725/5013/3023 2724/5010/3020 2717/5012/3022
f 2727/5015/3025 2719/6177/2820 2718/5016/2820
f 2728/5017/3026 2729/5019/3028 2712/5018/3027
f 2729/5019/3028 2730/5021/3030 2713/5020/3029
f 2730/5021/3030 2725/5013/3023 2726/5014/3024
f 2492/5035/2916 2473/5039/2916 2477/5040/2916
f 2735/5045/2898 2873/6178/2898 2736/5046/2898
f 2738/5048/2835 2743/6179/2835 2739/5049/2835
f 2740/5051/2835 2738/5048/2835 2731/5050/2835
f 2477/5040/2916 2732/5028/2916 2741/5053/2916
f 2738/5055/2916 2737/5281/2916 2742/5056/2916
f 2737/5047/2898 2736/5046/2898 2744/5058/2898
f 2745/5060/2916 2746/6180/2916 2744/5061/2916
f 2742/5063/3036 2744/6181/3805 2746/5064/3805
f 2748/5066/3039 2776/6182/3806 2743/5067/3040
f 2743/5067/3040 2776/6182/3807 2750/5070/3046
f 2751/5071/3045 2753/5073/3048 2749/5068/3042
f 2752/5072/3047 2755/5075/3808 2753/5073/3048
f 2754/5074/3049 2757/5077/3052 2755/5075/3050
f 2756/5076/3051 2759/5079/3054 2757/5077/3052
f 2758/5078/3053 2761/5081/3056 2759/5079/3054
f 2760/5080/3055 2763/6183/3055 2761/5081/3056
f 2762/5082/3057 2765/5086/3809 2763/5083/3810
f 2764/5085/3059 2767/5088/3062 2765/5086/3060
f 2766/5087/3061 2771/5092/3066 2767/5088/3062
f 2768/5089/3063 2772/5093/3067 2769/5090/3064
f 2768/5089/3063 2770/5091/3065 2771/5092/3066
f 2756/5095/2820 2775/5104/2820 2774/5103/2820
f 2778/5113/3074 2782/5117/3078 2779/5114/3075
f 2781/5116/3077 2784/5119/3080 2782/5117/3078
f 2783/5118/3079 2800/5775/3531 2784/5119/3080
f 2785/5120/3081 2788/5123/3084 2786/5121/3082
f 2788/5123/3084 2790/5125/3086 2789/5124/3085
f 2790/5125/3086 2783/5118/3079 2781/5116/3087
f 2787/5122/3083 2786/5121/3082 2791/5126/3088
f 2786/5121/3082 2789/5124/3085 2793/5128/3090
f 2789/5124/3085 2781/5116/3077 2778/5113/3074
f 2792/5127/3089 2791/5126/3088 2794/5129/3091
f 2791/5126/3088 2793/5128/3090 2796/5131/3093
f 2793/5128/3090 2778/5113/3074 2780/5115/3076
f 2790/5132/3094 2801/5140/3102 2797/5133/3095
f 2785/5135/3097 2804/5143/3105 2798/5136/3098
f 2783/5134/3096 2797/5133/3095 2799/5138/3100
f 2788/5137/3099 2798/5136/3098 2801/5140/3102
f 2806/5145/3109 2817/5156/3120 2807/5146/3110
f 2809/5148/3112 2835/5176/3141 2810/5149/3113
f 2811/5150/3114 2810/5149/3113 2812/5151/3115
f 2814/5153/3117 2818/5157/3811 2815/5154/3118
f 2817/5156/3120 2814/5153/3117 2816/5155/3119
f 2813/5152/3121 2812/5151/3115 2815/5154/3118
f 2819/5158/3812 2850/5313/3813 2805/5144/3108
f 2820/5159/3124 2823/5162/3127 2821/5160/3125
f 2823/5162/3127 2825/5164/3129 2824/5163/3128
f 2825/5164/3129 2829/5169/3134 2826/5165/3130
f 2829/5169/3134 2831/5171/3136 2830/5170/3135
f 2833/5173/3138 2828/5168/3133 2827/5167/3132
f 2820/5159/3124 2822/5161/3126 2835/5176/3141
f 2837/5199/2916 2836/5196/2916 2811/5198/2916
f 2839/5207/3146 2834/6184/3814 2827/5204/3143
f 2840/5209/3148 2841/5212/3151 2830/5211/3150
f 2833/5208/3147 2834/6184/3814 2839/5207/3146
f 2821/5219/3815 2843/5218/3155 2842/5215/3815
f 2841/5212/3151 2843/5218/3155 2824/5217/3154
f 2844/5222/2820 2845/5226/2820 2816/5224/2820
f 2810/5216/3153 2842/5215/3153 2844/5222/3153
f 2805/5228/3158 2851/5240/3170 2846/5229/3159
f 2803/5231/3161 2849/5238/3166 2847/5232/3162
f 2802/5230/3160 2846/5229/3159 2849/5238/3166
f 2847/5232/3167 2848/5235/3164 2801/5237/3165
f 2850/5239/3224 2896/5310/3224 2851/5240/3170
f 2852/5241/2835 3339/6185/2835 2853/5242/2835
f 2856/5250/3171 2882/5295/3208 2857/5251/3172
f 2864/5259/3177 2869/5264/3182 2865/5260/3178
f 2868/5263/3181 2863/5258/3176 2869/5264/3182
f 2869/5268/3186 2863/5265/3183 2604/5267/3185
f 2865/5270/3188 2869/5268/3186 2606/5269/3187
f 2870/5273/3191 2887/5301/3214 2861/5274/3816
f 2870/5273/3191 2871/5275/3193 2862/5256/3174
f 2872/5276/3194 2862/5256/3174 2863/5258/3176
f 2873/5279/2916 3380/6186/2916 2602/5247/2916
f 2740/5280/2916 2735/6187/2916 2737/5281/2916
f 2731/5023/2916 2739/5182/2916 2874/5282/2916
f 2739/5182/2916 2836/5196/2916 2874/5282/2916
f 2732/5028/2916 2481/5027/2916 2731/5023/2916
f 2734/5042/2916 2683/5004/2916 2721/5000/2916
f 2577/4801/2882 2675/5287/3201 2683/5283/3197
f 2574/4798/2879 2678/5286/3200 2676/5285/3199
f 2587/4812/2894 2670/6188/3817 2678/5286/3200
f 2579/4803/2884 2676/5285/3199 2675/5287/3201
f 2878/5291/3204 2883/5296/3209 2879/5292/3205
f 2881/5294/3207 2878/5291/3204 2880/5293/3206
f 2876/5289/3818 2857/5251/3172 2882/5295/3819
f 2883/5296/3209 2885/5298/3211 2884/5297/3210
f 2885/5298/3820 3382/6189/3821 2886/5299/3212
f 2860/5300/3213 2861/5274/3816 2887/5301/3214
f 2889/5303/3216 2465/4654/2739 2467/4656/2741
f 2891/5305/3218 2468/4657/2742 2462/4651/2736
f 2893/5307/3220 2463/4652/2737 2464/4653/2738
f 2892/5306/3219 2462/4651/2736 2463/4652/2737
f 2464/4653/2738 2465/4654/2739 2889/5303/3216
f 2808/5227/3822 2845/5226/3156 2896/5310/3224
f 2467/5054/2916 2741/5053/2916 2897/5311/2916
f 2806/5145/3109 2808/5147/3111 2850/5313/3823
f 2899/5316/3231 2901/6190/3231 2900/5317/3231
f 2901/5322/3235 2877/5290/3824 2876/5289/3202
f 2884/5328/3241 2892/5330/3243 2893/5327/3240
f 2886/5329/3242 2891/6045/3728 2892/5330/3243
f 2895/5331/3244 2877/5335/3269 2901/5332/3245
f 2902/5336/3249 2905/5339/3251 2903/5337/3250
f 2905/5339/3825 2856/5250/3171 2858/5252/3173
f 2902/5340/3249 2904/6191/3826 2906/5341/3252
f 2855/5343/3253 3383/6192/3827 2908/5344/3252
f 2890/5334/3247 2909/5355/3268 2857/5356/3267
f 2910/5357/3270 2913/5360/3273 2911/5358/3271
f 2913/5360/3273 2918/5365/3278 2914/5361/3274
f 2915/5362/3275 2921/5368/3281 2910/5357/3270
f 2917/5364/3277 2919/5366/3279 2918/5365/3278
f 2919/5366/3279 3135/6022/3705 2920/5367/3280
f 2921/5368/3281 2917/5364/3277 2913/5360/3273
f 2468/4657/2742 2915/5362/3275 2916/5363/3276
f 2928/5375/3288 2926/5373/3286 2925/5372/3285
f 2930/5377/3290 2928/5375/3288 2929/5376/3289
f 2932/5379/3292 2930/5377/3290 2931/5378/3291
f 2934/5381/3294 2932/5379/3292 2933/5380/3293
f 2936/5383/3296 2937/5384/3297 2934/5381/3294
f 2924/5371/3284 2923/5370/3283 2937/5384/3297
f 2916/5363/3276 2910/5357/3270 2912/5359/3298
f 2938/5385/3299 2523/4712/2800 2488/4677/2762
f 2939/5386/3300 2942/5389/3303 2489/4678/2763
f 2942/5389/3303 2969/5416/3333 2494/4683/2768
f 2938/5385/3299 2912/5359/3332 2943/5390/3304
f 2944/5391/3305 2977/5601/3447 2945/5392/3306
f 2947/5394/3308 2944/5391/3305 2946/5393/3307
f 2949/5396/3311 2964/5411/3326 2950/5397/3312
f 2949/5396/3311 2951/5398/3313 2952/5399/3314
f 2954/5401/3316 2973/5420/3337 2955/5402/3317
f 2957/5404/3319 2956/5403/3318 2955/5402/3317
f 2959/5406/3321 2971/5418/3335 2960/5407/3322
f 2959/5406/3321 2961/5408/3323 2962/5409/3324
f 2961/5408/3323 2960/5407/3322 2963/5410/3325
f 2962/5409/3324 2961/5408/3323 2964/5411/3326
f 2951/5398/3828 2914/5361/3274 2941/5388/3302
f 2949/5396/3311 2953/5400/3315 2966/5413/3329
f 2962/5409/3324 2966/5413/3329 2967/5414/3330
f 2957/5404/3319 2958/5405/3320 2967/5414/3330
f 2969/5416/3333 2963/5410/3325 2960/5407/3322
f 2943/5390/3304 2965/5412/3327 2963/5410/3325
f 2955/5402/3317 2973/5420/3337 2971/5418/3335
f 2964/5411/3829 2963/5410/3325 2965/5412/3327
f 2942/5389/3303 2939/5386/3300 2943/5390/3304
f 2523/4712/2800 2938/5385/3299 2939/5386/3300
f 2954/5401/3316 2985/6193/3830 2972/5419/3336
f 2971/5418/3335 2973/5420/3337 2974/5421/3338
f 2970/5417/3334 2960/5407/3322 2971/5418/3335
f 2945/5423/3340 3379/6162/3794 2529/4718/2806
f 2948/5425/3342 2533/4724/2812 2530/4721/2809
f 2946/5424/3831 2529/4718/2806 2533/4724/2812
f 2976/5426/3343 2530/4721/2809 2494/4725/2768
f 2977/5428/3344 2944/5432/3832 2978/5429/3345
f 2947/5431/3347 2983/5451/2834 2978/5429/3345
f 2979/5430/3346 2981/5454/3360 2980/5433/3349
f 2978/5439/2916 2984/5438/2916 2982/5436/2916
f 2985/5448/3359 2993/6194/3370 2987/5449/2831
f 2947/5431/3347 2986/5450/2833 2987/5449/2833
f 2984/5452/2835 2597/4830/2835 2543/4752/2835
f 2982/5453/2835 2543/4752/2835 2544/4755/2835
f 2956/5455/3361 2990/5461/3366 2988/5456/3362
f 2954/5457/3363 2988/5456/3362 2989/5458/3364
f 2990/5461/3366 2957/5460/3365 2968/5462/3367
f 2985/5459/3359 2989/5458/3364 2992/5464/3369
f 2994/5466/3371 2998/5472/3377 2992/5464/3369
f 2994/5466/3371 2989/5458/3364 2988/5456/3362
f 2995/5467/3372 2988/5456/3362 2990/5461/3366
f 2996/5468/3373 2990/5461/3366 2991/5463/3368
f 2995/5467/3372 3000/5474/3379 2997/5471/3376
f 2998/5472/3377 2994/5466/3371 2997/5471/3376
f 3000/5474/3379 2995/5467/3372 2996/5468/3373
f 2997/5471/3376 3000/5474/3379 3001/5475/3381
f 2928/5477/3383 3001/5475/3381 3000/5474/3379
f 2999/5473/3378 2997/5471/3376 3002/5476/3382
f 3002/5476/3382 3001/5475/3381 3004/5479/3385
f 3004/5479/3385 2930/5484/3390 2932/5481/3387
f 3003/5478/3384 3002/5476/3382 3005/5480/3386
f 2930/5484/3390 3004/5479/3385 3001/5475/3381
f 3006/5482/3388 3008/5485/3394 3005/5480/3386
f 3007/5483/3389 3005/5480/3386 3008/5485/3394
f 3008/5485/3394 3006/5482/3388 3010/5488/3395
f 3009/5486/3392 3008/5485/3394 3011/5489/3396
f 3010/5488/3395 3006/5482/3388 2934/5487/3393
f 3011/5489/3396 3010/5488/3395 3013/5492/3399
f 3013/5492/3399 3010/5488/3833 2937/5491/3398
f 3012/5490/3397 3011/5489/3396 3014/5493/3400
f 3016/5496/3403 3022/5502/3409 3017/5497/3404
f 3019/5499/3406 3027/5507/3415 3020/5500/3407
f 3022/5502/3409 3019/5499/3406 3021/5501/3408
f 3014/5493/3400 3013/5492/3399 3023/5503/3410
f 3013/5492/3399 2923/5494/3401 3025/5505/3418
f 3014/5493/3400 3024/5504/3411 3026/5506/3413
f 3024/5504/3411 3023/5503/3410 3019/5499/3406
f 3023/5503/3410 3025/5505/3418 3027/5507/3415
f 3026/5506/3413 3024/5504/3411 3022/5502/3409
f 3027/5507/3415 3025/5505/3418 3028/5509/3417
f 3020/5500/3407 3027/5507/3415 3029/5510/3419
f 3016/5496/3403 3018/5498/3405 2586/4811/2893
f 3026/5506/3413 3016/5496/3403 2588/4813/2895
f 3015/5495/3402 3026/5506/3413 2589/4814/2896
f 3009/5519/2916 3012/5522/2916 3033/5520/2916
f 2983/5437/2916 3032/5517/2916 3034/5521/2916
f 3012/5522/2916 3015/6195/2916 3035/5523/2916
f 2984/5452/2835 3034/6196/2835 2596/4829/2835
f 2999/5513/2916 3031/5515/2916 3032/5517/2916
f 3015/5527/3422 2599/4834/2898 2598/4833/2898
f 3038/5531/2835 3384/6197/2835 3036/5529/2835
f 3036/5529/2835 3302/6003/2835 3037/5530/2835
f 3039/5532/3423 3041/5536/3426 3038/5533/3424
f 3040/5535/3425 3042/5537/3427 3041/5536/3426
f 2608/4844/2835 3381/6169/2835 3042/5537/3427
f 2609/4845/2904 2611/4847/2906 3043/5538/3428
f 2612/4848/2907 2614/4850/2909 3045/5540/3430
f 2615/4851/2910 2617/4853/2912 3047/5542/3432
f 2618/4854/2913 2620/4856/2915 3049/5544/3434
f 3051/5546/2820 3056/5567/2820 3052/5547/2820
f 2617/4853/2912 2625/4861/2918 3054/5549/3436
f 2625/4861/2918 2627/4863/2920 3055/5550/3437
f 3056/5551/3438 2628/4865/2922 2615/4851/2910
f 3057/5552/2924 2650/4902/2947 2629/4866/2923
f 2614/4850/2909 2618/4854/2913 3050/5545/3435
f 2627/4863/2920 3379/6162/3794 2945/5423/3340
f 2633/4870/2927 2609/4845/2904 3044/5539/3429
f 3047/5555/2820 3054/5603/2820 3060/5556/3440
f 3045/5558/2820 3050/5565/2820 3062/5559/2820
f 2628/4865/2922 3056/5551/3438 3051/5561/3441
f 3048/5562/2820 3047/5555/2820 3061/5557/2820
f 2620/4856/2915 2641/4883/2933 3065/5564/3442
f 3050/5565/2820 3049/5577/2820 3058/5566/2820
f 3056/5567/2820 3048/5562/2820 3064/5563/2820
f 3064/5568/2935 2649/4898/2946 2643/4887/2934
f 3053/5570/2937 3052/5569/2936 2643/4887/2938
f 3062/5571/2940 2648/4897/2945 2645/4891/2939
f 3060/5573/3443 2671/4939/2971 2647/4894/2942
f 3058/5553/2925 2629/4866/2923 2648/4897/2945
f 3061/5574/2944 2647/4894/2942 2649/4898/2946
f 2641/4883/2933 2637/4879/2931 3051/5561/3441
f 3065/5575/2820 3051/5546/2820 3053/5548/2820
f 3053/5570/2937 2651/4903/2948 2650/4902/2947
f 3049/5577/2820 3065/5575/2820 3057/5576/2820
f 3063/5572/2941 2645/4891/2939 2652/4904/2949
f 3066/5578/2950 2652/4904/2949 2654/4906/2951
f 3067/5579/2952 2654/4906/2951 2656/4908/2953
f 3068/5580/2954 2656/4908/2953 2658/4910/2955
f 3069/5581/2956 2658/4910/2955 2660/4912/2957
f 2611/4847/2906 2612/4848/2907 3046/5541/3431
f 3045/5558/2820 3063/5560/2820 3066/5583/2820
f 3046/5584/2820 3066/5583/2820 3067/5585/2820
f 3043/5586/2820 3067/5585/2820 3068/5587/2820
f 3044/5588/2820 3068/5587/2820 3069/5589/2820
f 3070/5582/2959 2660/4912/2957 2664/4924/2960
f 2664/4924/2960 2668/4928/2964 3072/5593/2961
f 2668/4928/2964 2669/4929/2965 3073/5594/2963
f 3018/5595/3405 3073/5594/3800 2669/4929/2965
f 3055/5604/3449 2945/5392/3306 2980/5602/3448
f 2981/5454/3360 2544/4755/2972 2671/4939/2971
f 2671/4939/2971 3060/5573/3443 2981/5454/3360
f 3075/5605/3459 2633/4870/2927 3059/5554/3439
f 3076/5607/3454 3084/5617/3463 3077/5608/3455
f 3079/5610/3457 3081/5614/3460 3080/5611/3458
f 3075/5613/3459 3082/5615/3461 2679/4949/2983
f 3078/5609/3456 3077/5608/3455 3081/5614/3460
f 3074/5612/3453 3080/5611/3458 3082/5615/3461
f 3076/5607/3454 3119/6198/3834 3083/5616/3462
f 3084/5617/3463 3083/5616/3462 3085/5618/3464
f 3084/5617/3463 3086/5619/3465 3087/5620/3466
f 3080/5611/3458 3089/5622/3468 3088/5621/3467
f 3081/5614/3460 3090/5623/3469 3089/5622/3468
f 3077/5608/3455 3087/5620/3835 3090/5623/3469
f 3082/5615/3836 3088/5621/3467 2690/4962/2995
f 3087/5620/3466 3086/5619/3465 3091/5624/3470
f 3089/5622/3468 3095/5628/3474 3093/5626/3472
f 3089/5622/3468 3090/5623/3469 3094/5627/3473
f 3087/5620/3835 3092/5625/3471 3094/5627/3473
f 2690/4962/2995 3088/5621/3467 3093/5626/3472
f 3086/5619/3465 3085/5618/3464 3096/5629/3475
f 3095/5628/3474 3099/5632/3480 3097/5630/3476
f 3095/5628/3474 3094/5627/3473 3098/5631/3479
f 3094/5627/3473 3092/5625/3471 3100/5633/3481
f 3093/5626/3472 3097/5630/3476 2701/4973/3007
f 3091/5624/3470 3096/5629/3475 3101/5634/3482
f 3092/5625/3471 3091/5624/3470 3102/5635/3483
f 3097/5630/3476 3099/5632/3480 3103/5636/3484
f 3099/5632/3480 3098/5631/3479 3105/5638/3486
f 3098/5631/3479 3100/5633/3481 3106/5639/3487
f 2701/4973/3007 3097/5630/3476 3104/5637/3485
f 3102/5635/3483 3101/5634/3482 3107/5641/3489
f 3100/5633/3481 3102/5635/3483 3108/5642/3490
f 3104/5643/3018 3103/5646/3018 3109/5644/3018
f 3103/5646/3018 3105/5649/3018 3111/5647/3018
f 3106/5648/3018 3114/5653/3018 3111/5647/3018
f 3104/5643/3018 3110/5645/3018 2714/4990/3018
f 3108/5650/3018 3107/5654/3018 3112/5651/3018
f 3106/5648/3018 3108/5650/3018 3113/5652/3018
f 3107/5654/3018 3116/6199/3018 3115/5655/3018
f 3116/5656/2835 3118/5710/2835 3117/5657/2835
f 3101/5664/2820 3118/5659/2820 3116/5665/2820
f 3110/5667/3491 3123/5676/3499 2722/5007/2835
f 3112/5668/3492 3122/5674/3497 3120/5669/3493
f 3113/5670/3494 3120/5669/3493 3121/5671/3495
f 3115/5673/2916 3117/6200/2916 3122/5674/3497
f 3109/5675/3498 3124/5678/3501 3123/5676/3499
f 3111/5677/3500 3125/5679/3502 3124/5678/3501
f 3114/5672/3496 3121/5671/3495 3125/5679/3502
f 2929/5698/2820 2925/5697/2820 2940/5692/2820
f 3128/5703/2898 3311/6201/2898 3129/5704/2898
f 3131/5706/2835 3142/6202/2835 3132/5707/2835
f 3126/5708/2835 3132/5707/2835 3133/5709/2835
f 2929/5698/2820 2920/5699/2820 3134/5711/2820
f 3132/5713/2820 3142/6203/2820 3136/5714/2820
f 3130/5705/2898 3136/6204/2898 3137/5716/2898
f 3137/5717/2820 3346/6205/2820 3138/5718/2820
f 3142/5724/3511 3169/6206/3837 3141/5723/3510
f 3144/5727/3516 3169/6206/3838 3142/5724/3511
f 3143/5726/3514 3146/5729/3048 3145/5728/3045
f 3146/5729/3048 3148/5731/3808 3147/5730/3047
f 3148/5731/3050 3150/5733/3052 3149/5732/3049
f 3150/5733/3052 3152/5735/3054 3151/5734/3051
f 3152/5735/3054 3154/5737/3056 3153/5736/3053
f 3154/5737/3056 3156/6207/3055 3155/5738/3055
f 3156/5739/3810 3158/5742/3060 3157/5740/3057
f 3158/5742/3060 3160/5744/3062 3159/5743/3059
f 3160/5744/3062 3165/5749/3066 3161/5745/3061
f 3162/5746/3517 3223/6208/3065 3163/5747/3518
f 3165/5749/3066 3223/6208/3065 3162/5746/3517
f 3167/5759/2916 3168/5760/2916 3151/5751/2916
f 3168/5769/3527 2775/6209/3527 2777/5770/3527
f 3171/5772/3528 3185/5787/3544 2779/5114/3075
f 3172/5773/3529 3171/5772/3528 2782/5117/3078
f 3173/5774/3530 3172/5773/3529 2784/5119/3080
f 3174/5776/3532 3179/5781/3538 3175/5777/3533
f 3176/5778/3534 3175/5777/3533 3177/5779/3535
f 3178/5780/3536 3177/5779/3535 3172/5773/3537
f 3179/5781/3538 3182/5784/3541 3180/5782/3539
f 3175/5777/3533 3180/5782/3539 3181/5783/3540
f 3177/5779/3535 3181/5783/3540 3171/5772/3528
f 3182/5784/3541 3337/6210/3839 3183/5785/3542
f 3180/5782/3539 3183/5785/3542 3184/5786/3543
f 3181/5783/3540 3184/5786/3543 3185/5787/3544
f 3178/5788/3545 3173/5794/3551 3186/5789/3546
f 3174/5791/3548 3176/5795/3552 3188/5792/3549
f 3173/5794/3551 2800/5139/3101 2799/5138/3100
f 3176/5795/3552 3178/5788/3545 3187/5790/3547
f 3193/5799/3558 3238/6029/3713 3194/5800/3559
f 3196/5802/3561 3221/5829/3840 3197/5803/3562
f 3199/5805/3564 3196/5802/3561 3198/5804/3563
f 3201/5807/3566 3204/5810/3569 3202/5808/3567
f 3195/5801/3560 3194/5800/3559 3204/5810/3569
f 3202/5808/3567 3199/5805/3564 3200/5806/3565
f 3205/5811/3841 3189/5793/3556 3192/5798/3842
f 3207/5813/3572 3222/5830/3843 3208/5814/3573
f 3209/5815/3574 3208/5814/3573 3210/5816/3575
f 3211/5817/3576 3210/5816/3575 3212/5818/3577
f 3213/5819/3578 3212/5818/3577 3216/5823/3582
f 3215/5822/3581 3214/5821/3580 3219/5826/3585
f 3207/5813/3572 3197/5803/3562 3221/5829/3844
f 3198/5852/2820 3224/5850/2820 3225/5853/2820
f 3226/5855/2820 3224/5850/2820 3209/5836/2820
f 3174/5856/2820 3189/6116/2820 3227/5857/2820
f 3189/6116/2820 3353/6115/2820 3227/5857/2820
f 3326/6028/2820 3230/5860/2820 3228/5858/2820
f 3230/5860/2820 3174/5856/2820 3228/5858/2820
f 3215/5864/3591 3220/5874/3601 3232/5867/3594
f 3216/5871/3598 3234/5873/3600 3233/5870/3597
f 3219/5868/3595 3233/5870/3597 3232/5867/3594
f 3208/5879/3602 3222/5881/3602 3235/5877/3602
f 3234/5873/3600 3212/5872/3599 3210/5878/3603
f 3204/5885/2916 3239/5888/3845 3237/5884/2916
f 3237/5884/3602 3235/5877/3602 3196/5876/3602
f 3192/5889/3608 3190/5897/3616 3240/5890/3609
f 3191/5892/3611 3188/5898/3612 3242/5893/3612
f 3190/5897/3616 3191/5892/3611 3243/5894/3613
f 3187/5896/3615 2848/5235/3164 3242/5893/3617
f 3206/5899/3846 3192/5889/3608 3241/5891/3610
f 3245/5901/3620 3289/5946/3662 3246/5902/3621
f 3248/5904/3623 3290/5947/3664 3249/5905/3624
f 3251/5907/3626 3291/5948/3665 3252/5908/3627
f 3254/5910/3629 3245/5901/3620 3247/5903/3622
f 3256/5912/3631 3248/5904/3623 3250/5906/3625
f 3258/5914/3633 3385/6211/3633 3259/5915/2835
f 3261/5917/3634 3251/5907/3626 3253/5909/3628
f 3263/5919/3636 3254/5910/3629 3255/5911/3630
f 3259/5915/2835 3256/5912/3631 3257/5913/3632
f 3265/5921/3638 3385/6211/3633 3258/5914/3633
f 3267/5923/3640 3261/5917/3634 3262/5918/3635
f 3269/5925/3642 3263/5919/3636 3264/5920/3637
f 3271/5927/3644 3265/5921/3638 3266/5922/3639
f 3273/5929/3646 3267/5923/3640 3268/5924/3641
f 3275/5931/3648 3269/5925/3642 3270/5926/3643
f 3277/5933/3650 3271/5927/3644 3272/5928/3645
f 3279/5935/3652 3273/5929/3646 3274/5930/3647
f 3281/5937/3654 3275/5931/3648 3276/5932/3649
f 3283/5939/3656 3277/5933/3650 3278/5934/3651
f 3285/5941/3658 3279/5935/3652 3280/5936/3653
f 3287/5943/3660 3281/6212/3654 3282/5944/3655
f 3289/5946/3662 3283/5939/3656 3284/5940/3663
f 3290/5947/3664 3285/5941/3658 3286/5942/3659
f 3291/5948/3665 3287/5943/3847 3288/5945/3666
f 3293/5975/3667 3334/6054/3735 3294/5976/3668
f 3303/5986/3673 2866/5261/3179 2865/5260/3178
f 3306/5989/3676 3303/5986/3673 3304/5987/3674
f 3304/5993/3680 3040/5994/3681 3039/5991/3678
f 2865/5270/3188 2608/5271/3189 3040/5994/3681
f 3307/5996/3683 3309/5999/3686 3299/5997/3848
f 3307/5996/3683 3310/6000/3687 3300/5983/3670
f 3310/6000/3687 3306/5989/3676 3301/5984/3671
f 3036/5974/2820 3384/6213/2820 3311/6004/2820
f 3130/5715/2820 3129/6214/2820 3133/6005/2820
f 3030/5700/3849 3126/5682/3505 3118/5659/3849
f 3020/5500/3407 3030/5511/3850 3119/6006/3688
f 3017/5497/3404 3021/5501/3408 3078/6008/3690
f 3018/5498/3405 3017/5497/3404 3079/6009/3691
f 3021/5501/3408 3020/5500/3407 3076/6007/3689
f 3314/6013/3695 3319/6018/3701 3315/6014/3696
f 3316/6015/3697 3315/6014/3696 3317/6016/3698
f 3312/6011/3693 3317/6016/3698 3295/5977/3669
f 3318/6017/3700 3320/6019/3702 3319/6018/3701
f 2886/5299/3212 3382/6189/3821 3320/6019/3702
f 3298/6020/3703 3350/6109/3762 3308/5998/3685
f 3321/6021/3704 3230/6027/3851 3135/6022/3705
f 2891/5305/3218 3323/6024/3707 2915/5362/3275
f 3322/6023/3706 3324/6025/3708 2917/5364/3277
f 3323/6024/3707 3322/6023/3706 2921/5368/3281
f 3321/6021/3704 2919/5366/3279 2917/5364/3277
f 3238/5887/3619 3206/5899/3619 3244/5900/3619
f 3135/5712/2820 3230/5860/2820 3326/6028/2820
f 3193/5799/3558 3205/5811/3852 3206/5812/3853
f 3328/6032/3231 3327/6215/3231 3329/6033/3231
f 3330/6038/3720 3329/6216/3854 3312/6011/3693
f 3322/6042/3725 3323/6044/3727 3318/6043/3726
f 2886/5329/3242 3318/6043/3726 3323/6044/3727
f 3330/6046/3729 3313/6050/3855 3325/6047/3730
f 3331/6051/3733 3335/6055/3736 3332/6052/3734
f 3334/6054/3735 3293/5975/3667 3335/6055/3856
f 3332/6052/3734 2907/5342/3252 2906/5341/3252
f 3297/6056/3857 2875/5345/3252 2908/5344/3252
f 3294/6069/3751 3229/6068/3268 3230/6049/3731
f 2852/6217/3858 3140/6218/3859 3339/6072/3754
f 3140/6218/3859 3139/6070/3752 3339/6072/3754
f 3140/5721/3755 3346/6219/3860 3137/6073/3861
f 3339/6072/3754 3338/6071/3753 3340/6074/3757
f 3341/6076/2820 3343/6220/2820 2853/6077/2820
f 3341/6079/2835 3340/6221/2835 3342/6080/2835
f 2852/6082/2820 2854/6222/2820 3344/6083/2820
f 3338/6087/2916 3139/6223/3526 3170/6088/2916
f 3346/6092/2835 3140/6224/2835 3344/6093/2835
f 3347/6095/3759 3296/6110/3763 3297/6096/3737
f 3348/6101/3760 3383/6192/3827 2855/5343/3253
f 3349/6103/2916 3352/6114/2916 2804/6104/2916
f 3350/6109/3762 3298/6020/3703 3296/6110/3763
f 3351/6111/2916 2837/5199/2916 2806/6112/2916
f 2888/5302/3215 3348/6101/3760 2859/6102/3761
f 3351/6111/2916 2819/6113/2916 2804/6104/2916
f 3353/6115/2820 3205/6117/2820 3193/6098/2820
f 3349/6103/2916 2785/6105/2916 3354/6118/2916
f 2785/6105/2916 2787/6225/2916 3354/6118/2916
f 2787/6225/2916 2792/6226/2916 3354/6118/2916
f 2792/6226/2916 2795/6227/2916 3354/6118/2916
f 2795/6227/2916 2909/6119/2916 3354/6118/2916
f 2909/6119/2916 2890/5312/2916 2897/5311/2916
f 3363/6228/3764 3365/6229/3764 3356/6121/3764
f 3365/6229/3764 3357/6122/3764 3356/6121/3764
f 3357/6122/3764 3374/6230/3764 3355/6120/3764
f 3355/6120/3764 3370/6231/3764 3359/6232/3764
f 3370/6231/3764 3372/6233/3764 3359/6232/3764
f 3372/6233/3764 3226/6234/3764 3367/6235/3764
f 3367/6235/3764 3360/6236/3764 3372/6233/3764
f 3360/6236/3764 3359/6232/3764 3372/6233/3764
f 3359/6232/3764 3356/6121/3764 3355/6120/3764
f 3358/6123/3765 3361/6126/3768 3359/6124/3766
f 3361/6126/3768 3362/6128/3770 3356/6127/3769
f 3362/6128/3770 3364/6130/3772 3363/6129/3774
f 3364/6130/3772 3377/6152/3773 3365/6131/3773
f 3366/6132/2835 3358/6123/3765 3360/6125/3767
f 3366/6237/3018 3376/6238/3018 3371/6239/3018
f 3371/6239/3018 3373/6240/3018 3361/6241/3018
f 3373/6240/3018 3368/6134/3018 3361/6241/3018
f 3368/6134/3018 3375/6242/3018 3369/6135/3018
f 3369/6135/3018 3377/6243/3018 3362/6136/3018
f 3377/6243/3018 3364/6244/3018 3362/6136/3018
f 3362/6136/3018 3361/6241/3018 3368/6134/3018
f 3361/6241/3018 3358/6245/3018 3371/6239/3018
f 3358/6245/3018 3366/6237/3018 3371/6239/3018
f 3226/6137/2916 3376/6246/2916 3366/6138/2916
f 3370/6140/3775 3373/6144/3779 3371/6141/3776
f 3355/6143/3778 3368/6146/3782 3373/6144/3779
f 3374/6145/3781 3375/6148/3785 3368/6146/3782
f 3357/6147/3784 3369/6151/3787 3375/6148/3785
f 3372/6142/3777 3371/6141/3776 3376/6149/2898
f 3369/6151/3787 3357/6147/3862 3365/6131/3773
f 3127/5687/2820 3378/6154/2820 3376/6153/2820
f 3226/5855/2820 3376/6153/2820 3378/6154/2820
f 3126/5682/2820 2933/5685/2820 3376/6153/2820
f 3126/5682/2820 3366/6155/2820 3367/6156/2820
f 3168/6157/3788 3167/6247/3788 2774/6158/3788
o spusk_low_spusk_low_1911_1:005.001
v -0.038670 -0.476768 0.300978
v -0.038669 -0.457510 0.295260
v -0.038669 -0.480334 0.290364
v -0.038669 -0.294578 0.234278
v 0.038669 -0.294578 0.388505
v 0.038669 -0.294578 0.234278
v -0.038670 -0.436874 0.320595
v -0.038670 -0.462878 0.321765
v -0.038670 -0.438586 0.329206
v -0.038670 -0.464591 0.313155
v -0.038670 -0.431996 0.313296
v -0.038670 -0.469469 0.305855
v -0.038669 -0.416777 0.298010
v -0.038670 -0.424697 0.308418
v -0.038670 -0.416086 0.306705
v -0.038670 -0.485379 0.299265
v -0.038669 -0.503158 0.280311
v -0.038670 -0.506166 0.313155
v -0.038670 -0.501289 0.305855
v -0.038670 -0.506166 0.330376
v -0.038669 -0.538976 0.382097
v -0.038670 -0.501289 0.337676
v -0.038669 -0.525983 0.259377
v -0.038669 -0.538976 0.241817
v -0.038670 -0.493989 0.300978
v -0.038670 -0.507879 0.321765
v -0.038670 -0.407476 0.308418
v -0.038669 -0.387032 0.295130
v -0.038670 -0.369115 0.314131
v -0.038670 -0.395299 0.320595
v -0.038670 -0.367402 0.322741
v -0.038670 -0.393586 0.329206
v -0.038670 -0.367402 0.305520
v -0.038670 -0.400176 0.313296
v -0.038669 -0.357288 0.288391
v -0.038670 -0.362524 0.298220
v -0.038670 -0.355225 0.293343
v -0.038669 -0.307571 0.255478
v -0.038670 -0.325827 0.305520
v -0.038670 -0.324114 0.314131
v -0.038670 -0.346614 0.291630
v -0.038669 -0.327543 0.274934
v -0.038670 -0.338004 0.293343
v -0.038669 -0.294578 0.388505
v -0.038670 -0.330704 0.298220
v -0.038670 -0.416086 0.351706
v -0.038670 -0.407476 0.349993
v -0.038670 -0.325827 0.322741
v -0.038670 -0.493989 0.342553
v -0.038670 -0.485379 0.344266
v -0.038670 -0.330704 0.330041
v -0.038670 -0.338004 0.334918
v -0.038670 -0.424697 0.349993
v -0.038670 -0.476768 0.342553
v -0.038670 -0.346614 0.336631
v -0.038670 -0.355225 0.334918
v -0.038670 -0.400176 0.345116
v -0.038670 -0.464591 0.330376
v -0.038670 -0.436874 0.337816
v -0.038670 -0.469469 0.337676
v -0.038670 -0.431996 0.345116
v -0.038670 -0.362524 0.330041
v -0.038670 -0.395299 0.337816
v 0.038669 -0.387032 0.295130
v 0.038669 -0.503158 0.280311
v 0.038669 -0.357288 0.288391
v 0.038669 -0.327543 0.274934
v 0.038669 -0.416777 0.298010
v 0.038669 -0.480334 0.290364
v 0.038669 -0.457510 0.295260
v 0.038669 -0.525983 0.259377
v 0.038669 -0.307571 0.255478
v 0.038669 -0.538976 0.241817
v 0.038670 -0.493989 0.342553
v 0.038670 -0.485379 0.299265
v 0.038670 -0.485379 0.344266
v 0.038670 -0.493989 0.300978
v 0.038670 -0.476768 0.342553
v 0.038670 -0.501289 0.305855
v 0.038670 -0.469469 0.337676
v 0.038670 -0.464591 0.330376
v 0.038670 -0.506166 0.313155
v 0.038670 -0.462878 0.321765
v 0.038670 -0.507879 0.321765
v 0.038670 -0.506166 0.330376
v 0.038670 -0.501289 0.337676
v 0.038670 -0.464591 0.313155
v 0.038670 -0.469469 0.305855
v 0.038670 -0.476768 0.300978
v 0.038670 -0.424697 0.349993
v 0.038670 -0.416086 0.306705
v 0.038670 -0.416086 0.351706
v 0.038670 -0.424697 0.308418
v 0.038670 -0.407476 0.349993
v 0.038670 -0.431996 0.313296
v 0.038670 -0.400176 0.345116
v 0.038670 -0.395299 0.337816
v 0.038670 -0.436874 0.320595
v 0.038670 -0.393586 0.329206
v 0.038670 -0.438586 0.329206
v 0.038670 -0.436874 0.337816
v 0.038670 -0.431996 0.345116
v 0.038670 -0.395299 0.320595
v 0.038670 -0.400176 0.313296
v 0.038670 -0.407476 0.308418
v 0.038670 -0.355225 0.334918
v 0.038670 -0.346614 0.291630
v 0.038670 -0.346614 0.336631
v 0.038670 -0.355225 0.293343
v 0.038670 -0.338004 0.334918
v 0.038670 -0.362524 0.298220
v 0.038670 -0.330704 0.330041
v 0.038670 -0.325827 0.322741
v 0.038670 -0.367402 0.305520
v 0.038670 -0.324114 0.314131
v 0.038670 -0.369115 0.314131
v 0.038670 -0.367402 0.322741
v 0.038670 -0.362524 0.330041
v 0.038670 -0.325827 0.305520
v 0.038670 -0.330704 0.298220
v 0.038670 -0.338004 0.293343
v 0.038669 -0.538976 0.382097
vt 0.643630 0.180505
vt 0.650389 0.182509
vt 0.642381 0.184231
vt 0.178821 0.553571
vt 0.124694 0.526445
vt 0.178816 0.526432
vt 0.657629 0.173619
vt 0.648507 0.173210
vt 0.657031 0.170598
vt 0.647904 0.176230
vt 0.659341 0.176178
vt 0.646193 0.178792
vt 0.664683 0.181537
vt 0.661904 0.177887
vt 0.664925 0.178486
vt 0.640608 0.181107
vt 0.634369 0.187761
vt 0.633312 0.176235
vt 0.635024 0.178798
vt 0.633311 0.170189
vt 0.621799 0.152038
vt 0.635024 0.167627
vt 0.626355 0.195105
vt 0.621794 0.201265
vt 0.637587 0.180508
vt 0.632710 0.173213
vt 0.667949 0.177885
vt 0.675122 0.182551
vt 0.681412 0.175884
vt 0.672224 0.173613
vt 0.682013 0.172861
vt 0.672825 0.170593
vt 0.682013 0.178905
vt 0.670511 0.176174
vt 0.685563 0.184918
vt 0.683726 0.181468
vt 0.686288 0.183179
vt 0.703012 0.196467
vt 0.696602 0.178907
vt 0.697203 0.175885
vt 0.689310 0.183782
vt 0.696003 0.189641
vt 0.692332 0.183181
vt 0.707564 0.149784
vt 0.707571 0.203905
vt 0.694892 0.181470
vt 0.664925 0.162699
vt 0.667947 0.163300
vt 0.696601 0.172864
vt 0.637587 0.165914
vt 0.640608 0.165313
vt 0.694889 0.170301
vt 0.692327 0.168589
vt 0.661904 0.163300
vt 0.643630 0.165917
vt 0.689305 0.167990
vt 0.686284 0.168589
vt 0.670510 0.165009
vt 0.647906 0.170189
vt 0.657632 0.167575
vt 0.646193 0.167629
vt 0.659341 0.165010
vt 0.683724 0.170301
vt 0.672223 0.167572
vt 0.058942 0.517764
vt 0.086081 0.528467
vt 0.058942 0.528465
vt 0.058942 0.561464
vt 0.086082 0.570213
vt 0.058943 0.570214
vt 0.058942 0.506310
vt 0.086081 0.517767
vt 0.058940 0.496529
vt 0.086081 0.506310
vt 0.086082 0.538952
vt 0.058943 0.538948
vt 0.058942 0.553271
vt 0.086081 0.561465
vt 0.086081 0.553278
vt 0.086084 0.581080
vt 0.058945 0.581080
vt 0.058940 0.487803
vt 0.086079 0.496527
vt 0.881302 0.610746
vt 0.930533 0.637879
vt 0.881306 0.637888
vt 0.086085 0.588745
vt 0.058945 0.588745
vt 0.344714 0.847349
vt 0.317574 0.844269
vt 0.344714 0.844269
vt 0.344713 0.825786
vt 0.317572 0.822706
vt 0.344713 0.822705
vt 0.344714 0.850431
vt 0.317574 0.847352
vt 0.344713 0.828867
vt 0.317572 0.825787
vt 0.344714 0.853512
vt 0.317574 0.850433
vt 0.344714 0.831948
vt 0.317574 0.828868
vt 0.344714 0.856594
vt 0.317574 0.853512
vt 0.344714 0.859675
vt 0.317574 0.856594
vt 0.344714 0.835027
vt 0.317574 0.831949
vt 0.344713 0.813464
vt 0.317572 0.810386
vt 0.344713 0.810383
vt 0.344714 0.838108
vt 0.317574 0.835029
vt 0.344714 0.841187
vt 0.317574 0.838108
vt 0.317574 0.841190
vt 0.344713 0.816545
vt 0.317572 0.813466
vt 0.344713 0.819624
vt 0.317572 0.816545
vt 0.317572 0.819624
vt 0.131672 0.810618
vt 0.104531 0.807537
vt 0.131672 0.807537
vt 0.131670 0.789052
vt 0.104529 0.785971
vt 0.131670 0.785971
vt 0.131672 0.813697
vt 0.104531 0.810616
vt 0.131670 0.792133
vt 0.104529 0.789052
vt 0.131672 0.816777
vt 0.104531 0.813696
vt 0.131670 0.795212
vt 0.104529 0.792133
vt 0.131672 0.819858
vt 0.104531 0.816777
vt 0.131672 0.822940
vt 0.104531 0.819856
vt 0.131670 0.798297
vt 0.104529 0.795214
vt 0.131672 0.826021
vt 0.104531 0.822937
vt 0.131672 0.801378
vt 0.104531 0.798295
vt 0.131672 0.804458
vt 0.104531 0.801377
vt 0.104531 0.804458
vt 0.131672 0.779810
vt 0.104531 0.776729
vt 0.131672 0.776729
vt 0.131672 0.782890
vt 0.104531 0.779808
vt 0.104531 0.782889
vt 0.860225 0.673240
vt 0.833084 0.670159
vt 0.860225 0.670159
vt 0.860225 0.651675
vt 0.833084 0.648594
vt 0.860225 0.648596
vt 0.860225 0.676324
vt 0.833084 0.673240
vt 0.860225 0.654755
vt 0.833084 0.651675
vt 0.860225 0.679406
vt 0.833084 0.676322
vt 0.860223 0.657834
vt 0.833084 0.654756
vt 0.860225 0.682487
vt 0.833084 0.679403
vt 0.860225 0.685566
vt 0.833084 0.682484
vt 0.860223 0.660915
vt 0.833083 0.657836
vt 0.860225 0.688646
vt 0.833084 0.685565
vt 0.860225 0.663997
vt 0.833084 0.660918
vt 0.860225 0.667078
vt 0.833084 0.663997
vt 0.833084 0.667078
vt 0.860225 0.642434
vt 0.833084 0.639355
vt 0.860225 0.639353
vt 0.860225 0.645515
vt 0.833084 0.642434
vt 0.833084 0.645515
vt 0.058858 0.369193
vt 0.057606 0.365467
vt 0.065615 0.367187
vt 0.072858 0.376077
vt 0.072257 0.379097
vt 0.063732 0.376488
vt 0.063132 0.373466
vt 0.074569 0.373517
vt 0.061419 0.370904
vt 0.079911 0.368153
vt 0.080153 0.371205
vt 0.077131 0.371805
vt 0.055836 0.368592
vt 0.049597 0.361938
vt 0.050252 0.370904
vt 0.048541 0.373464
vt 0.048538 0.379509
vt 0.050252 0.382071
vt 0.037029 0.397661
vt 0.037022 0.348434
vt 0.041582 0.354594
vt 0.052814 0.369193
vt 0.047938 0.376486
vt 0.083174 0.371805
vt 0.090347 0.367145
vt 0.096633 0.373814
vt 0.097235 0.376837
vt 0.087445 0.376083
vt 0.088048 0.379104
vt 0.097235 0.370792
vt 0.085734 0.373520
vt 0.100785 0.364783
vt 0.101507 0.366521
vt 0.098947 0.368232
vt 0.118227 0.353240
vt 0.112425 0.373823
vt 0.111825 0.370803
vt 0.104529 0.365923
vt 0.111224 0.360069
vt 0.107551 0.366527
vt 0.122786 0.345799
vt 0.122789 0.399921
vt 0.110113 0.368240
vt 0.080151 0.386998
vt 0.083174 0.386398
vt 0.111823 0.376843
vt 0.052814 0.383782
vt 0.055836 0.384384
vt 0.110113 0.379403
vt 0.107551 0.381115
vt 0.077129 0.386395
vt 0.058857 0.383782
vt 0.104530 0.381715
vt 0.101509 0.381113
vt 0.085734 0.384686
vt 0.063132 0.379510
vt 0.072858 0.382121
vt 0.061419 0.382071
vt 0.074569 0.384683
vt 0.098948 0.379400
vt 0.087445 0.382126
vt 0.124700 0.553583
vt 0.086079 0.487803
vt 0.930530 0.610738
vt 0.317574 0.859675
vt 0.104531 0.826019
vt 0.833084 0.688646
vn -1.0000 0.0000 -0.0001
vn 0.0000 1.0000 0.0000
vn -1.0000 0.0000 0.0000
vn -1.0000 0.0001 -0.0000
vn -1.0000 -0.0001 -0.0000
vn -1.0000 -0.0001 -0.0002
vn -1.0000 -0.0000 -0.0002
vn -1.0000 -0.0001 -0.0001
vn -1.0000 0.0001 0.0002
vn -0.0000 -0.3182 -0.9480
vn -0.0000 -0.1590 -0.9873
vn 0.0000 0.3080 -0.9514
vn 0.0000 0.5468 -0.8373
vn 0.0000 -0.5635 -0.8261
vn 0.0000 -0.7812 -0.6243
vn 0.0000 -0.0146 -0.9999
vn 0.0000 0.1389 -0.9903
vn 0.0000 0.7433 -0.6689
vn 0.0000 -0.8526 -0.5225
vn 0.0000 -1.0000 0.0000
vn 0.0000 0.8039 -0.5948
vn 0.0000 -0.0000 -1.0000
vn 0.0000 0.3827 -0.9239
vn -0.0000 0.3827 0.9239
vn 0.0000 -0.0000 1.0000
vn 0.0000 -0.3827 -0.9239
vn 0.0000 0.7071 0.7071
vn 0.0000 -0.7071 -0.7071
vn -0.0000 0.9239 0.3827
vn -0.0000 -0.9239 -0.3827
vn -0.0000 -0.9239 0.3827
vn -0.0000 0.9239 -0.3827
vn -0.0000 0.7071 -0.7071
vn -0.0000 -0.7071 0.7071
vn 0.0000 -0.3827 0.9239
vn 1.0000 0.0000 -0.0001
vn 1.0000 0.0000 0.0000
vn 1.0000 0.0001 -0.0000
vn 1.0000 -0.0001 -0.0000
vn 1.0000 -0.0001 -0.0002
vn 1.0000 -0.0000 -0.0002
vn 1.0000 -0.0001 -0.0001
vn 1.0000 0.0001 0.0002
g spusk_low_spusk_low_1911_1:005.001_body
usemtl body
s 1
f 3386/6248/3863 3387/6249/3863 3388/6250/3863
f 3389/6251/3864 3390/6252/3864 3391/6253/3864
f 3392/6254/3865 3393/6255/3865 3394/6256/3865
f 3392/6254/3865 3395/6257/3865 3393/6255/3865
f 3396/6258/3865 3387/6249/3865 3392/6254/3865
f 3392/6254/3863 3387/6249/3863 3395/6257/3863
f 3395/6257/3866 3387/6249/3866 3397/6259/3866
f 3398/6260/3863 3399/6261/3863 3400/6262/3863
f 3399/6261/3865 3387/6249/3865 3396/6258/3865
f 3386/6248/3863 3388/6250/3863 3401/6263/3863
f 3397/6259/3863 3387/6249/3863 3386/6248/3863
f 3387/6249/3863 3399/6261/3863 3398/6260/3863
f 3402/6264/3867 3403/6265/3867 3404/6266/3867
f 3405/6267/3865 3406/6268/3865 3407/6269/3865
f 3406/6268/3865 3408/6270/3865 3409/6271/3865
f 3402/6264/3863 3410/6272/3863 3388/6250/3863
f 3388/6250/3863 3410/6272/3863 3401/6263/3863
f 3406/6268/3865 3411/6273/3865 3408/6270/3865
f 3408/6270/3865 3403/6265/3865 3402/6264/3865
f 3411/6273/3865 3406/6268/3865 3405/6267/3865
f 3403/6265/3865 3408/6270/3865 3411/6273/3865
f 3402/6264/3865 3404/6266/3865 3410/6272/3865
f 3412/6274/3863 3413/6275/3863 3398/6260/3863
f 3414/6276/3865 3415/6277/3865 3416/6278/3865
f 3416/6278/3865 3415/6277/3865 3417/6279/3865
f 3418/6280/3865 3413/6275/3865 3414/6276/3865
f 3414/6276/3865 3413/6275/3865 3415/6277/3865
f 3415/6277/3865 3413/6275/3865 3419/6281/3865
f 3420/6282/3868 3421/6283/3868 3422/6284/3868
f 3421/6283/3865 3413/6275/3865 3418/6280/3865
f 3412/6274/3863 3398/6260/3863 3400/6262/3863
f 3419/6281/3865 3413/6275/3865 3412/6274/3865
f 3413/6275/3863 3421/6283/3863 3420/6282/3863
f 3423/6285/3865 3424/6286/3865 3425/6287/3865
f 3426/6288/3869 3420/6282/3869 3422/6284/3869
f 3426/6288/3870 3427/6289/3871 3420/6282/3870
f 3428/6290/3865 3427/6289/3865 3426/6288/3865
f 3423/6285/3865 3429/6291/3865 3389/6292/3865
f 3428/6290/3865 3430/6293/3865 3427/6289/3865
f 3427/6289/3865 3424/6286/3865 3423/6285/3865
f 3430/6293/3866 3424/6286/3866 3427/6289/3866
f 3423/6285/3865 3425/6287/3865 3429/6291/3865
f 3431/6294/3865 3429/6291/3865 3432/6295/3865
f 3433/6296/3865 3429/6291/3865 3425/6287/3865
f 3406/6268/3865 3434/6297/3865 3407/6269/3865
f 3406/6268/3865 3435/6298/3865 3434/6297/3865
f 3436/6299/3865 3429/6291/3865 3433/6296/3865
f 3437/6300/3865 3429/6291/3865 3436/6299/3865
f 3429/6291/3865 3431/6294/3865 3406/6268/3865
f 3406/6268/3865 3438/6301/3865 3435/6298/3865
f 3431/6294/3865 3438/6301/3865 3406/6268/3865
f 3435/6298/3865 3438/6301/3865 3439/6302/3865
f 3440/6303/3865 3429/6291/3865 3437/6300/3865
f 3441/6304/3865 3442/6305/3865 3440/6303/3865
f 3440/6303/3865 3432/6295/3865 3429/6291/3865
f 3442/6305/3865 3432/6295/3865 3440/6303/3865
f 3443/6306/3865 3394/6256/3865 3393/6255/3865
f 3443/6306/3865 3444/6307/3865 3394/6256/3865
f 3445/6308/3865 3444/6307/3865 3443/6306/3865
f 3445/6308/3865 3446/6309/3865 3444/6307/3865
f 3417/6279/3865 3447/6310/3865 3416/6278/3865
f 3448/6311/3865 3447/6310/3865 3417/6279/3865
f 3448/6311/3865 3441/6304/3865 3447/6310/3865
f 3442/6305/3865 3441/6304/3865 3448/6311/3865
f 3439/6302/3865 3446/6309/3865 3445/6308/3865
f 3439/6302/3865 3438/6301/3865 3446/6309/3865
f 3420/6312/3872 3449/6313/3873 3413/6314/3873
f 3388/6315/3874 3450/6316/3875 3402/6317/3875
f 3427/6318/3876 3451/6319/3872 3420/6312/3872
f 3423/6320/3877 3452/6321/3876 3427/6318/3876
f 3413/6314/3873 3453/6322/3878 3398/6323/3878
f 3387/6324/3879 3454/6325/3874 3388/6315/3874
f 3398/6323/3878 3455/6326/3879 3387/6324/3879
f 3402/6317/3875 3456/6327/3880 3408/6328/3880
f 3389/6329/3881 3457/6330/3877 3423/6320/3877
f 3458/6331/3882 3406/6332/3882 3409/6333/3882
f 3408/6328/3880 3458/6334/3883 3409/6335/3883
f 3435/6336/3884 3459/6337/3885 3434/6338/3885
f 3410/6339/3886 3460/6340/3887 3401/6341/3887
f 3439/6342/3888 3461/6343/3884 3435/6336/3884
f 3404/6344/3889 3462/6345/3886 3410/6339/3886
f 3445/6346/3890 3463/6347/3888 3439/6342/3888
f 3403/6348/3891 3464/6349/3889 3404/6344/3889
f 3443/6350/3892 3465/6351/3890 3445/6346/3890
f 3393/6352/3882 3466/6353/3892 3443/6350/3892
f 3411/6354/3864 3467/6355/3891 3403/6348/3891
f 3395/6356/3893 3468/6357/3882 3393/6358/3882
f 3405/6359/3894 3469/6360/3864 3411/6354/3864
f 3407/6361/3895 3470/6362/3894 3405/6359/3894
f 3434/6338/3885 3471/6363/3895 3407/6361/3895
f 3397/6364/3896 3472/6365/3893 3395/6356/3893
f 3386/6366/3897 3473/6367/3896 3397/6364/3896
f 3401/6341/3887 3474/6368/3897 3386/6366/3897
f 3431/6369/3884 3475/6370/3885 3438/6371/3885
f 3399/6372/3886 3476/6373/3887 3400/6374/3887
f 3432/6375/3888 3477/6376/3884 3431/6369/3884
f 3396/6377/3889 3478/6378/3886 3399/6372/3886
f 3442/6379/3890 3479/6380/3888 3432/6375/3888
f 3392/6381/3891 3480/6382/3889 3396/6377/3889
f 3448/6383/3892 3481/6384/3890 3442/6379/3890
f 3417/6385/3882 3482/6386/3892 3448/6383/3892
f 3394/6387/3864 3483/6388/3891 3392/6381/3891
f 3415/6389/3893 3484/6390/3882 3417/6385/3882
f 3444/6391/3894 3485/6392/3864 3394/6387/3864
f 3446/6393/3895 3486/6394/3894 3444/6391/3894
f 3438/6371/3885 3487/6395/3895 3446/6393/3895
f 3419/6396/3896 3488/6397/3893 3415/6398/3893
f 3412/6399/3897 3489/6400/3896 3419/6396/3896
f 3400/6374/3887 3490/6401/3897 3412/6399/3897
f 3440/6402/3884 3491/6403/3885 3441/6404/3885
f 3422/6405/3886 3492/6406/3887 3426/6407/3887
f 3437/6408/3888 3493/6409/3884 3440/6402/3884
f 3421/6410/3889 3494/6411/3886 3422/6405/3886
f 3436/6412/3890 3495/6413/3888 3437/6408/3888
f 3418/6414/3891 3496/6415/3889 3421/6410/3889
f 3433/6416/3892 3497/6417/3890 3436/6412/3890
f 3425/6418/3882 3498/6419/3892 3433/6416/3892
f 3414/6420/3864 3499/6421/3891 3418/6414/3891
f 3424/6422/3893 3500/6423/3882 3425/6418/3882
f 3416/6424/3894 3501/6425/3864 3414/6420/3864
f 3447/6426/3895 3502/6427/3894 3416/6424/3894
f 3441/6404/3885 3503/6428/3895 3447/6426/3895
f 3430/6429/3896 3504/6430/3893 3424/6431/3893
f 3428/6432/3897 3505/6433/3896 3430/6429/3896
f 3426/6407/3887 3506/6434/3897 3428/6432/3897
f 3474/6435/3898 3454/6436/3898 3455/6437/3898
f 3483/6438/3899 3485/6439/3899 3468/6440/3899
f 3483/6438/3899 3468/6440/3899 3472/6441/3899
f 3480/6442/3899 3483/6438/3899 3455/6437/3899
f 3483/6438/3898 3472/6441/3898 3455/6437/3898
f 3472/6441/3900 3473/6443/3900 3455/6437/3900
f 3453/6444/3898 3476/6445/3898 3478/6446/3898
f 3478/6446/3899 3480/6442/3899 3455/6437/3899
f 3474/6435/3898 3460/6447/3898 3454/6436/3898
f 3473/6443/3898 3474/6435/3898 3455/6437/3898
f 3455/6437/3898 3453/6444/3898 3478/6446/3898
f 3450/6448/3901 3464/6449/3901 3467/6450/3901
f 3470/6451/3899 3471/6452/3899 3507/6453/3899
f 3507/6453/3899 3458/6454/3899 3456/6455/3899
f 3450/6448/3898 3454/6436/3898 3462/6456/3898
f 3454/6436/3898 3460/6447/3898 3462/6456/3898
f 3507/6453/3899 3456/6455/3899 3469/6457/3899
f 3456/6455/3899 3450/6448/3899 3467/6450/3899
f 3469/6457/3899 3470/6451/3899 3507/6453/3899
f 3467/6450/3899 3469/6457/3899 3456/6455/3899
f 3450/6448/3899 3462/6456/3899 3464/6449/3899
f 3490/6458/3898 3453/6444/3898 3449/6459/3898
f 3501/6460/3899 3502/6461/3899 3488/6462/3899
f 3502/6461/3899 3484/6463/3899 3488/6462/3899
f 3499/6464/3899 3501/6460/3899 3449/6459/3899
f 3501/6460/3899 3488/6462/3899 3449/6459/3899
f 3488/6462/3899 3489/6465/3899 3449/6459/3899
f 3451/6466/3902 3494/6467/3902 3496/6468/3902
f 3496/6468/3899 3499/6464/3899 3449/6459/3899
f 3490/6458/3898 3476/6445/3898 3453/6444/3898
f 3489/6465/3899 3490/6458/3899 3449/6459/3899
f 3449/6459/3898 3451/6466/3898 3496/6468/3898
f 3457/6469/3899 3500/6470/3899 3504/6471/3899
f 3492/6472/3903 3494/6467/3903 3451/6466/3903
f 3492/6472/3904 3451/6466/3904 3452/6473/3905
f 3506/6474/3899 3492/6472/3899 3452/6473/3899
f 3457/6469/3899 3391/6475/3899 3390/6476/3899
f 3506/6474/3899 3452/6473/3899 3505/6477/3899
f 3452/6473/3899 3457/6469/3899 3504/6471/3899
f 3505/6477/3900 3452/6473/3900 3504/6471/3900
f 3457/6469/3899 3390/6476/3899 3500/6470/3899
f 3477/6478/3899 3479/6479/3899 3390/6476/3899
f 3498/6480/3899 3500/6470/3899 3390/6476/3899
f 3507/6453/3899 3471/6452/3899 3459/6481/3899
f 3507/6453/3899 3459/6481/3899 3461/6482/3899
f 3497/6483/3899 3498/6480/3899 3390/6476/3899
f 3495/6484/3899 3497/6483/3899 3390/6476/3899
f 3390/6476/3899 3507/6453/3899 3477/6478/3899
f 3507/6453/3899 3461/6482/3899 3475/6485/3899
f 3477/6478/3899 3507/6453/3899 3475/6485/3899
f 3461/6482/3899 3463/6486/3899 3475/6485/3899
f 3493/6487/3899 3495/6484/3899 3390/6476/3899
f 3491/6488/3899 3493/6487/3899 3481/6489/3899
f 3493/6487/3899 3390/6476/3899 3479/6479/3899
f 3481/6489/3899 3493/6487/3899 3479/6479/3899
f 3466/6490/3899 3468/6440/3899 3485/6439/3899
f 3466/6490/3899 3485/6439/3899 3486/6491/3899
f 3465/6492/3899 3466/6490/3899 3486/6491/3899
f 3465/6492/3899 3486/6491/3899 3487/6493/3899
f 3484/6463/3899 3502/6461/3899 3503/6494/3899
f 3482/6495/3899 3484/6463/3899 3503/6494/3899
f 3482/6495/3899 3503/6494/3899 3491/6488/3899
f 3481/6489/3899 3482/6495/3899 3491/6488/3899
f 3463/6486/3899 3465/6492/3899 3487/6493/3899
f 3463/6486/3899 3487/6493/3899 3475/6485/3899
f 3389/6251/3864 3429/6496/3864 3390/6252/3864
f 3420/6312/3872 3451/6319/3872 3449/6313/3873
f 3388/6315/3874 3454/6325/3874 3450/6316/3875
f 3427/6318/3876 3452/6321/3876 3451/6319/3872
f 3423/6320/3877 3457/6330/3877 3452/6321/3876
f 3413/6314/3873 3449/6313/3873 3453/6322/3878
f 3387/6324/3879 3455/6326/3879 3454/6325/3874
f 3398/6323/3878 3453/6322/3878 3455/6326/3879
f 3402/6317/3875 3450/6316/3875 3456/6327/3880
f 3389/6329/3881 3391/6497/3881 3457/6330/3877
f 3458/6331/3882 3507/6498/3882 3406/6332/3882
f 3408/6328/3880 3456/6327/3880 3458/6334/3883
f 3435/6336/3884 3461/6343/3884 3459/6337/3885
f 3410/6339/3886 3462/6345/3886 3460/6340/3887
f 3439/6342/3888 3463/6347/3888 3461/6343/3884
f 3404/6344/3889 3464/6349/3889 3462/6345/3886
f 3445/6346/3890 3465/6351/3890 3463/6347/3888
f 3403/6348/3891 3467/6355/3891 3464/6349/3889
f 3443/6350/3892 3466/6353/3892 3465/6351/3890
f 3393/6352/3882 3468/6499/3882 3466/6353/3892
f 3411/6354/3864 3469/6360/3864 3467/6355/3891
f 3395/6356/3893 3472/6365/3893 3468/6357/3882
f 3405/6359/3894 3470/6362/3894 3469/6360/3864
f 3407/6361/3895 3471/6363/3895 3470/6362/3894
f 3434/6338/3885 3459/6337/3885 3471/6363/3895
f 3397/6364/3896 3473/6367/3896 3472/6365/3893
f 3386/6366/3897 3474/6368/3897 3473/6367/3896
f 3401/6341/3887 3460/6340/3887 3474/6368/3897
f 3431/6369/3884 3477/6376/3884 3475/6370/3885
f 3399/6372/3886 3478/6378/3886 3476/6373/3887
f 3432/6375/3888 3479/6380/3888 3477/6376/3884
f 3396/6377/3889 3480/6382/3889 3478/6378/3886
f 3442/6379/3890 3481/6384/3890 3479/6380/3888
f 3392/6381/3891 3483/6388/3891 3480/6382/3889
f 3448/6383/3892 3482/6386/3892 3481/6384/3890
f 3417/6385/3882 3484/6390/3882 3482/6386/3892
f 3394/6387/3864 3485/6392/3864 3483/6388/3891
f 3415/6389/3893 3488/6500/3893 3484/6390/3882
f 3444/6391/3894 3486/6394/3894 3485/6392/3864
f 3446/6393/3895 3487/6395/3895 3486/6394/3894
f 3438/6371/3885 3475/6370/3885 3487/6395/3895
f 3419/6396/3896 3489/6400/3896 3488/6397/3893
f 3412/6399/3897 3490/6401/3897 3489/6400/3896
f 3400/6374/3887 3476/6373/3887 3490/6401/3897
f 3440/6402/3884 3493/6409/3884 3491/6403/3885
f 3422/6405/3886 3494/6411/3886 3492/6406/3887
f 3437/6408/3888 3495/6413/3888 3493/6409/3884
f 3421/6410/3889 3496/6415/3889 3494/6411/3886
f 3436/6412/3890 3497/6417/3890 3495/6413/3888
f 3418/6414/3891 3499/6421/3891 3496/6415/3889
f 3433/6416/3892 3498/6419/3892 3497/6417/3890
f 3425/6418/3882 3500/6423/3882 3498/6419/3892
f 3414/6420/3864 3501/6425/3864 3499/6421/3891
f 3424/6422/3893 3504/6501/3893 3500/6423/3882
f 3416/6424/3894 3502/6427/3894 3501/6425/3864
f 3447/6426/3895 3503/6428/3895 3502/6427/3894
f 3441/6404/3885 3491/6403/3885 3503/6428/3895
f 3430/6429/3896 3505/6433/3896 3504/6430/3893
f 3428/6432/3897 3506/6434/3897 3505/6433/3896
f 3426/6407/3887 3492/6406/3887 3506/6434/3897
o nakladki_low_nakladki_low_Cube:005.001
v 0.132611 -1.042417 0.996072
v 0.144841 -1.041316 1.009239
v 0.145186 -1.048434 0.999140
v 0.132611 -0.972115 0.999731
v 0.143907 -0.974301 1.013020
v 0.132611 -0.979003 1.007802
v 0.132611 -1.004097 0.937018
v 0.145496 -1.016153 0.930905
v 0.145610 -1.003728 0.929948
v 0.132611 -1.045962 0.986071
v 0.145407 -1.052718 0.987510
v 0.143862 -0.984633 1.019916
v 0.132611 -0.987745 1.013814
v 0.145582 -0.991520 0.932343
v 0.132611 -0.993663 0.938948
v 0.132611 -1.046798 0.975494
v 0.145469 -1.053894 0.975125
v 0.143910 -0.996374 1.023801
v 0.132611 -0.997745 1.017360
v 0.145539 -0.980294 0.937671
v 0.132611 -0.984085 0.943513
v 0.145371 -1.051627 0.962868
v 0.132611 -1.044868 0.965061
v 0.144046 -1.008649 1.024475
v 0.132611 -1.008322 1.018196
v 0.145486 -0.970828 0.945728
v 0.132611 -0.976015 0.950401
v 0.132611 -0.970002 0.959143
v 0.145053 -0.959778 0.967721
v 0.132611 -0.966457 0.969143
v 0.145333 -1.046264 0.951615
v 0.132611 -1.040304 0.955483
v 0.132611 -1.018756 1.016266
v 0.144251 -1.020723 1.022329
v 0.145425 -0.963772 0.955966
v 0.144549 -0.958797 0.980075
v 0.132611 -0.965621 0.979720
v 0.132611 -1.033416 0.947413
v 0.145343 -1.038172 0.942134
v 0.132611 -1.028334 1.011701
v 0.144522 -1.031862 1.017139
v 0.144265 -0.960883 0.992317
v 0.132611 -0.967551 0.990153
v 0.132611 -1.024674 0.941400
v 0.145398 -1.027902 0.935070
v 0.132611 -1.036404 1.004814
v 0.144045 -0.966176 1.003585
v 0.132611 -1.014674 0.937855
v 0.137022 -1.042417 0.996072
v 0.137022 -0.976015 0.950401
v 0.143442 -0.975264 0.961826
v 0.143442 -0.980403 0.954354
v 0.137022 -0.979003 1.007802
v 0.137022 -1.004097 0.937018
v 0.137022 -1.045962 0.986071
v 0.137022 -0.987745 1.013814
v 0.137022 -0.993663 0.938948
v 0.137022 -1.046798 0.975494
v 0.137022 -0.997745 1.017360
v 0.137022 -0.984085 0.943513
v 0.137022 -0.970002 0.959143
v 0.137022 -1.044868 0.965061
v 0.137022 -1.008322 1.018196
v 0.137022 -0.966457 0.969143
v 0.137022 -1.040304 0.955483
v 0.137022 -1.018756 1.016266
v 0.137022 -0.965621 0.979720
v 0.137022 -1.033416 0.947413
v 0.137022 -1.028334 1.011701
v 0.137022 -0.967551 0.990153
v 0.137022 -1.024674 0.941400
v 0.137022 -1.036404 1.004814
v 0.137022 -0.972115 0.999731
v 0.137022 -1.014674 0.937855
v 0.143442 -1.025712 0.977753
v 0.143442 -1.015834 0.994570
v 0.143442 -1.037155 0.993388
v 0.143442 -0.971519 0.979413
v 0.143442 -0.972234 0.970373
v 0.143442 -1.035349 0.958698
v 0.143442 -1.025119 1.006747
v 0.143442 -1.016932 1.010648
v 0.143442 -0.973168 0.988330
v 0.143442 -1.021991 0.946661
v 0.143442 -1.029462 0.951800
v 0.143442 -1.032016 1.000860
v 0.143442 -1.013444 0.943631
v 0.143442 -0.982957 1.003414
v 0.143442 -0.977070 0.996516
v 0.143442 -1.040185 0.984841
v 0.143442 -0.990428 1.008553
v 0.143442 -1.004403 0.942917
v 0.143442 -0.998975 1.011583
v 0.143442 -0.987300 0.948467
v 0.143442 -0.995486 0.944566
v 0.143442 -1.039250 0.966884
v 0.143442 -1.040900 0.975801
v 0.143442 -1.008015 1.012298
v 0.143442 -0.996585 0.960644
v 0.143442 -1.016088 0.960790
v 0.130019 -1.025712 0.977753
v 0.130019 -1.016088 0.960790
v 0.130019 -0.986707 0.977461
v 0.130019 -1.015834 0.994570
v 0.143442 -0.996331 0.994424
v 0.130019 -0.996331 0.994424
v 0.143442 -0.986707 0.977461
v 0.130019 -0.996585 0.960644
v 0.145605 -1.038172 0.942134
v 0.145626 -1.025674 0.926963
v 0.145622 -1.016153 0.930905
v 0.145525 -1.051627 0.962868
v 0.145572 -1.046264 0.951615
v 0.132611 -0.319382 0.685587
v 0.145756 -0.324861 0.697946
v 0.145841 -0.326488 0.685587
v 0.132611 -0.258417 0.720786
v 0.144039 -0.266380 0.731710
v 0.132611 -0.268219 0.724846
v 0.132611 -0.258417 0.650389
v 0.145496 -0.266380 0.639465
v 0.145657 -0.254864 0.644235
v 0.145774 -0.324861 0.673229
v 0.132611 -0.317997 0.675068
v 0.132611 -0.278739 0.726231
v 0.144283 -0.278739 0.733337
v 0.132611 -0.249999 0.656848
v 0.145884 -0.244975 0.651823
v 0.145452 -0.320091 0.661713
v 0.132611 -0.313937 0.665266
v 0.132611 -0.289258 0.724846
v 0.144802 -0.291097 0.731710
v 0.145802 -0.237386 0.661713
v 0.132611 -0.243540 0.665266
v 0.145371 -0.312502 0.651824
v 0.132611 -0.307478 0.656848
v 0.132611 -0.299060 0.720786
v 0.145534 -0.302613 0.726939
v 0.145715 -0.232616 0.673229
v 0.132611 -0.239480 0.675068
v 0.132611 -0.238095 0.685587
v 0.145558 -0.232616 0.697946
v 0.132611 -0.239480 0.696107
v 0.145333 -0.302613 0.644235
v 0.132611 -0.299060 0.650389
v 0.132611 -0.307478 0.714327
v 0.145588 -0.312502 0.719351
v 0.145630 -0.230989 0.685587
v 0.145025 -0.237386 0.709462
v 0.132611 -0.243540 0.705909
v 0.132611 -0.289258 0.646329
v 0.145343 -0.291097 0.639465
v 0.132611 -0.313937 0.705909
v 0.145669 -0.320091 0.709462
v 0.144423 -0.244975 0.719351
v 0.132611 -0.249999 0.714327
v 0.132611 -0.278739 0.644944
v 0.145398 -0.278739 0.637838
v 0.132611 -0.317997 0.696107
v 0.144087 -0.254864 0.726939
v 0.132611 -0.268219 0.646329
v 0.128878 -0.156662 0.774299
v 0.096611 -0.148641 0.748616
v 0.096611 -0.156662 0.774299
v 0.133491 -0.148641 0.748616
v 0.096611 -0.139581 0.711468
v 0.096611 -1.034056 1.170840
v 0.127372 -1.034056 1.170840
v 0.115485 -1.013336 1.189921
v 0.096611 -1.058756 1.154089
v 0.131488 -1.051429 1.159280
v 0.096611 -1.084585 1.144722
v 0.134156 -1.069165 1.149214
v 0.110422 -1.110420 1.139944
v 0.096611 -1.110420 1.139944
v 0.096611 -1.013336 1.189921
v 0.140615 -1.064215 1.106241
v 0.110422 -1.168409 0.782308
v 0.125519 -1.141049 0.794741
v 0.133864 -1.123256 0.820510
v 0.139208 -1.107028 0.854551
v 0.143655 -1.091908 0.904696
v 0.145355 -1.071885 1.004022
v 0.143923 -1.067656 1.058399
v 0.113574 -0.481246 0.550814
v 0.145609 -1.082208 0.955324
v 0.140070 -0.371122 0.593341
v 0.140313 -0.164126 0.519868
v 0.143808 -0.151641 0.553161
v 0.125519 -0.193363 0.463167
v 0.133003 -0.399306 0.563400
v 0.125519 -0.416758 0.541327
v 0.133308 -0.179305 0.488109
v 0.096611 -0.482397 0.550506
v 0.096611 -1.169029 0.782308
v 0.096611 -0.151641 0.553161
v 0.096611 -0.179305 0.488109
v 0.144784 -0.359765 0.641945
v 0.096611 -0.135363 0.644748
v 0.096611 -0.146850 0.613705
v 0.096611 -0.144849 0.660327
v 0.096611 -0.164126 0.519868
v 0.141030 -0.139581 0.711468
v 0.096611 -0.135797 0.676395
v 0.114867 -0.199170 0.455788
v 0.096611 -0.193363 0.463167
v 0.118954 -0.166404 0.799596
v 0.145568 -0.135363 0.644748
v 0.096611 -0.136423 0.621201
v 0.096611 -0.173274 0.795829
v 0.096611 -0.141779 0.586978
v 0.145088 -0.141779 0.586978
v 0.096611 -0.203775 0.467153
v 0.096611 -1.011417 1.177896
v 0.096611 -1.027738 1.162866
v 0.096611 -1.157624 0.789166
v 0.096611 -0.480616 0.563545
v 0.096611 -1.101561 1.131264
v 0.096611 -1.081915 1.134898
v 0.096611 -0.201105 0.455544
v 0.096611 -1.054108 1.144983
v 0.096611 -0.166667 0.803967
v 0.133479 -0.469279 0.590220
v 0.131680 -0.438990 0.571127
v 0.096611 -0.406503 0.537756
v 0.096611 -0.414843 0.527700
v 0.096611 -0.416758 0.541327
v 0.129927 -0.450473 0.572251
v 0.127723 -0.462555 0.569253
v 0.125519 -0.473109 0.561044
v 0.130379 -0.428803 0.565304
v 0.129294 -0.422086 0.558076
v 0.128129 -0.418003 0.550191
v 0.096611 -0.450473 0.572251
v 0.096611 -0.422086 0.558076
v 0.096611 -0.418003 0.550191
v 0.096611 -0.428803 0.565304
v 0.096611 -0.438990 0.571127
v 0.096611 -0.462555 0.569253
v 0.113868 -0.417123 0.529213
v 0.096611 -0.473109 0.561044
v 0.096611 -0.411059 0.557522
v 0.096611 -0.464403 0.580457
v 0.096611 -0.440172 0.578297
v 0.096611 -0.430651 0.576508
v 0.139673 -0.943121 1.058918
v 0.143500 -0.931407 1.007933
v 0.141633 -0.329625 0.785034
v 0.137022 -0.319382 0.685587
v 0.145526 -0.338583 0.739895
v 0.134854 -0.324075 0.816999
v 0.137022 -0.238095 0.685587
v 0.143442 -0.245185 0.676597
v 0.137022 -0.239480 0.675068
v 0.137022 -0.268219 0.724846
v 0.137022 -0.258417 0.650389
v 0.137022 -0.317997 0.675068
v 0.137022 -0.278739 0.726231
v 0.137022 -0.249999 0.656848
v 0.137022 -0.313937 0.665266
v 0.137022 -0.289258 0.724846
v 0.137022 -0.243540 0.665266
v 0.137022 -0.307478 0.656848
v 0.137022 -0.299060 0.720786
v 0.137022 -0.239480 0.696107
v 0.137022 -0.299060 0.650389
v 0.137022 -0.307478 0.714327
v 0.137022 -0.243540 0.705909
v 0.137022 -0.289258 0.646329
v 0.137022 -0.313937 0.705909
v 0.137022 -0.249999 0.714327
v 0.137022 -0.278739 0.644944
v 0.137022 -0.317997 0.696107
v 0.137022 -0.258417 0.720786
v 0.137022 -0.268219 0.646329
v 0.143442 -0.296179 0.676857
v 0.143442 -0.295019 0.696326
v 0.143442 -0.313476 0.685587
v 0.143442 -0.245185 0.694578
v 0.143442 -0.296107 0.655504
v 0.143442 -0.308822 0.702956
v 0.143442 -0.303302 0.710150
v 0.143442 -0.248655 0.702956
v 0.143442 -0.278739 0.650850
v 0.143442 -0.287729 0.652034
v 0.143442 -0.312292 0.694578
v 0.143442 -0.254175 0.710150
v 0.143442 -0.269748 0.652034
v 0.143442 -0.261370 0.715671
v 0.143442 -0.278739 0.720325
v 0.143442 -0.269748 0.719141
v 0.143442 -0.254176 0.661024
v 0.143442 -0.261370 0.655504
v 0.143442 -0.312292 0.676597
v 0.143442 -0.287729 0.719141
v 0.143442 -0.308822 0.668219
v 0.143442 -0.248655 0.668219
v 0.143442 -0.244001 0.685587
v 0.143442 -0.303302 0.661024
v 0.143442 -0.296107 0.715671
v 0.143442 -0.262458 0.674848
v 0.143442 -0.279898 0.666118
v 0.130020 -0.296179 0.676857
v 0.130020 -0.279898 0.666118
v 0.130020 -0.261298 0.694317
v 0.130020 -0.295019 0.696326
v 0.143442 -0.277579 0.705056
v 0.130020 -0.277579 0.705056
v 0.143442 -0.261298 0.694317
v 0.130020 -0.262458 0.674848
v 0.145384 -0.957772 0.896344
v 0.133682 -1.066009 1.151005
v 0.145769 -0.350789 0.682887
v 0.145080 -0.923641 0.954468
v -0.132611 -1.042417 0.996072
v -0.144841 -1.041316 1.009239
v -0.132611 -1.036404 1.004814
v -0.143907 -0.974301 1.013020
v -0.132611 -0.972115 0.999731
v -0.132611 -0.979003 1.007802
v -0.132611 -1.004097 0.937018
v -0.145496 -1.016153 0.930905
v -0.132611 -1.014674 0.937855
v -0.132611 -1.045962 0.986071
v -0.145186 -1.048434 0.999140
v -0.143862 -0.984633 1.019916
v -0.132611 -0.987745 1.013814
v -0.145582 -0.991520 0.932343
v -0.132611 -0.993663 0.938948
v -0.132611 -1.046798 0.975494
v -0.145407 -1.052718 0.987510
v -0.143910 -0.996374 1.023801
v -0.132611 -0.997745 1.017360
v -0.145539 -0.980294 0.937671
v -0.132611 -0.984085 0.943513
v -0.145371 -1.051627 0.962868
v -0.132611 -1.044868 0.965061
v -0.144046 -1.008649 1.024475
v -0.132611 -1.008322 1.018196
v -0.145486 -0.970828 0.945728
v -0.132611 -0.976015 0.950401
v -0.145053 -0.959778 0.967721
v -0.132611 -0.970002 0.959143
v -0.132611 -0.966457 0.969143
v -0.145333 -1.046264 0.951615
v -0.132611 -1.040304 0.955483
v -0.132611 -1.018756 1.016266
v -0.145425 -0.963772 0.955966
v -0.144549 -0.958797 0.980075
v -0.132611 -0.965621 0.979720
v -0.132611 -1.033416 0.947413
v -0.132611 -1.028334 1.011701
v -0.144251 -1.020723 1.022329
v -0.144265 -0.960883 0.992317
v -0.132611 -0.967551 0.990153
v -0.132611 -1.024674 0.941400
v -0.145343 -1.038172 0.942134
v -0.144522 -1.031862 1.017139
v -0.144045 -0.966176 1.003585
v -0.145398 -1.027902 0.935070
v -0.137022 -1.042417 0.996072
v -0.137022 -0.976015 0.950401
v -0.143442 -0.975264 0.961826
v -0.137022 -0.970002 0.959143
v -0.137022 -0.979003 1.007802
v -0.137022 -1.004097 0.937018
v -0.137022 -1.045962 0.986071
v -0.137022 -0.987745 1.013814
v -0.137022 -0.993663 0.938948
v -0.137022 -1.046798 0.975494
v -0.137022 -0.997745 1.017360
v -0.137022 -0.984085 0.943513
v -0.137022 -1.044868 0.965061
v -0.137022 -1.008322 1.018196
v -0.137022 -0.966457 0.969143
v -0.137022 -1.040304 0.955483
v -0.137022 -1.018756 1.016266
v -0.137022 -0.965621 0.979720
v -0.137022 -1.033416 0.947413
v -0.137022 -1.028334 1.011701
v -0.137022 -0.967551 0.990153
v -0.137022 -1.024674 0.941400
v -0.137022 -1.036404 1.004814
v -0.137022 -0.972115 0.999731
v -0.137022 -1.014674 0.937855
v -0.143442 -1.040185 0.984841
v -0.143442 -1.037155 0.993388
v -0.143442 -1.025712 0.977753
v -0.143442 -0.971519 0.979413
v -0.143442 -1.035349 0.958698
v -0.143442 -1.025119 1.006747
v -0.143442 -0.973168 0.988330
v -0.143442 -1.021991 0.946661
v -0.143442 -1.032016 1.000860
v -0.143442 -1.013444 0.943631
v -0.143442 -0.982957 1.003414
v -0.143442 -0.990428 1.008553
v -0.143442 -1.004403 0.942917
v -0.143442 -0.998975 1.011583
v -0.143442 -0.987300 0.948467
v -0.143442 -1.039250 0.966884
v -0.143442 -1.008015 1.012298
v -0.143442 -0.995486 0.944566
v -0.143442 -0.996585 0.960644
v -0.130019 -1.015834 0.994570
v -0.130019 -0.996331 0.994424
v -0.130019 -0.986707 0.977461
v -0.143442 -0.986707 0.977461
v -0.130019 -1.016088 0.960790
v -0.143442 -1.016088 0.960790
v -0.130019 -1.025712 0.977753
v -0.143442 -1.015834 0.994570
v -0.143442 -1.016932 1.010648
v -0.143442 -1.029462 0.951800
v -0.143442 -0.996331 0.994424
v -0.130019 -0.996585 0.960644
v -0.145626 -1.025674 0.926963
v -0.132611 -0.319382 0.685587
v -0.145756 -0.324861 0.697946
v -0.132611 -0.317997 0.696107
v -0.144039 -0.266380 0.731710
v -0.132611 -0.258417 0.720786
v -0.132611 -0.268219 0.724846
v -0.132611 -0.258417 0.650389
v -0.145496 -0.266380 0.639465
v -0.132611 -0.268219 0.646329
v -0.145774 -0.324861 0.673229
v -0.132611 -0.317997 0.675068
v -0.132611 -0.278739 0.726231
v -0.132611 -0.249999 0.656848
v -0.145657 -0.254864 0.644235
v -0.145452 -0.320091 0.661713
v -0.132611 -0.313937 0.665266
v -0.132611 -0.289258 0.724846
v -0.144283 -0.278739 0.733337
v -0.145802 -0.237386 0.661713
v -0.132611 -0.243540 0.665266
v -0.145371 -0.312502 0.651824
v -0.132611 -0.307478 0.656848
v -0.132611 -0.299060 0.720786
v -0.144802 -0.291097 0.731710
v -0.145715 -0.232616 0.673229
v -0.132611 -0.239480 0.675068
v -0.145558 -0.232616 0.697946
v -0.132611 -0.238095 0.685587
v -0.132611 -0.239480 0.696107
v -0.145333 -0.302613 0.644235
v -0.132611 -0.299060 0.650389
v -0.132611 -0.307478 0.714327
v -0.145534 -0.302613 0.726939
v -0.145630 -0.230989 0.685587
v -0.145025 -0.237386 0.709462
v -0.132611 -0.243540 0.705909
v -0.132611 -0.289258 0.646329
v -0.132611 -0.313937 0.705909
v -0.145588 -0.312502 0.719351
v -0.144423 -0.244975 0.719351
v -0.132611 -0.249999 0.714327
v -0.132611 -0.278739 0.644944
v -0.145343 -0.291097 0.639465
v -0.145669 -0.320091 0.709462
v -0.144087 -0.254864 0.726939
v -0.145398 -0.278739 0.637838
v -0.128874 -0.159131 0.775294
v -0.130302 -0.152162 0.748616
v -0.133491 -0.152162 0.748616
v -0.135367 -0.142698 0.714777
v -0.139709 -0.142698 0.714777
v -0.096611 -1.034056 1.170840
v -0.115485 -1.013336 1.189921
v -0.127372 -1.034056 1.170840
v -0.096611 -1.058756 1.154089
v -0.131488 -1.051429 1.159280
v -0.134156 -1.069165 1.149214
v -0.096611 -1.084585 1.144722
v -0.110422 -1.110420 1.139944
v -0.096611 -1.110420 1.139944
v -0.096611 -1.013336 1.189921
v -0.140615 -1.064215 1.106241
v -0.110422 -1.168409 0.782308
v -0.133864 -1.123256 0.820510
v -0.125519 -1.141049 0.794741
v -0.139208 -1.107028 0.854551
v -0.143655 -1.091908 0.904696
v -0.143923 -1.067656 1.058399
v -0.145355 -1.071885 1.004022
v -0.114867 -0.199170 0.455788
v -0.125519 -0.193363 0.463167
v -0.145609 -1.082208 0.955324
v -0.140070 -0.371122 0.593341
v -0.145028 -0.147707 0.565582
v -0.140313 -0.164126 0.519868
v -0.133308 -0.179305 0.488109
v -0.096611 -0.201105 0.455544
v -0.122360 -0.158565 0.533897
v -0.096611 -0.179305 0.488109
v -0.133330 -0.136770 0.624789
v -0.131218 -0.149876 0.661223
v -0.131329 -0.149742 0.613063
v -0.134064 -0.137824 0.682155
v -0.142559 -0.137824 0.682155
v -0.096611 -0.193363 0.463167
v -0.118962 -0.164463 0.798702
v -0.097280 -0.158521 0.774299
v -0.096611 -1.011417 1.177896
v -0.096611 -1.027738 1.162866
v -0.096611 -1.157624 0.789166
v -0.096611 -0.199770 0.465333
v -0.096611 -1.101561 1.131264
v -0.097069 -0.160362 0.532514
v -0.096611 -1.169029 0.782308
v -0.096611 -1.081915 1.134898
v -0.096611 -1.054108 1.144983
v -0.139673 -0.943121 1.058918
v -0.145643 -0.949283 0.899336
v -0.143500 -0.931407 1.007933
v -0.145469 -1.053894 0.975125
v -0.141633 -0.329625 0.785034
v -0.137022 -0.319382 0.685587
v -0.144784 -0.359765 0.641945
v -0.145526 -0.338583 0.739895
v -0.134854 -0.324075 0.816999
v -0.144291 -0.136086 0.652486
v -0.143442 -0.245185 0.676597
v -0.137022 -0.238095 0.685587
v -0.137022 -0.239480 0.675068
v -0.137022 -0.268219 0.724846
v -0.137022 -0.258417 0.650389
v -0.137022 -0.317997 0.675068
v -0.137022 -0.278739 0.726231
v -0.137022 -0.249999 0.656848
v -0.137022 -0.313937 0.665266
v -0.137022 -0.289258 0.724846
v -0.137022 -0.243540 0.665266
v -0.137022 -0.307478 0.656848
v -0.137022 -0.299060 0.720786
v -0.137022 -0.239480 0.696107
v -0.137022 -0.299060 0.650389
v -0.137022 -0.307478 0.714327
v -0.137022 -0.243540 0.705909
v -0.137022 -0.289258 0.646329
v -0.137022 -0.313937 0.705909
v -0.137022 -0.249999 0.714327
v -0.137022 -0.278739 0.644944
v -0.137022 -0.317997 0.696107
v -0.137022 -0.258417 0.720786
v -0.137022 -0.268219 0.646329
v -0.143442 -0.312292 0.676597
v -0.143442 -0.313476 0.685587
v -0.143442 -0.296179 0.676857
v -0.143442 -0.245185 0.694578
v -0.143442 -0.296107 0.655504
v -0.143442 -0.308822 0.702956
v -0.143442 -0.248655 0.702956
v -0.143442 -0.278739 0.650850
v -0.143442 -0.312292 0.694578
v -0.143442 -0.254175 0.710150
v -0.143442 -0.269748 0.652034
v -0.143442 -0.261370 0.715671
v -0.143442 -0.278739 0.720325
v -0.143442 -0.254176 0.661024
v -0.143442 -0.287729 0.719141
v -0.143442 -0.308822 0.668219
v -0.143442 -0.248655 0.668219
v -0.143442 -0.244001 0.685587
v -0.143442 -0.303302 0.661024
v -0.143442 -0.303302 0.710150
v -0.143442 -0.261370 0.655504
v -0.143442 -0.262458 0.674848
v -0.130020 -0.295019 0.696326
v -0.130020 -0.277579 0.705056
v -0.130020 -0.261298 0.694317
v -0.143442 -0.261298 0.694317
v -0.130020 -0.279898 0.666118
v -0.143442 -0.279898 0.666118
v -0.130020 -0.296179 0.676857
v -0.143442 -0.295019 0.696326
v -0.143442 -0.296107 0.715671
v -0.143442 -0.287729 0.652034
v -0.143442 -0.277579 0.705056
v -0.143442 -0.269748 0.719141
v -0.130020 -0.262458 0.674848
v -0.133682 -1.066009 1.151005
v -0.096611 -0.164727 0.803083
v -0.145080 -0.923641 0.954468
v -0.133228 -0.141459 0.594071
v -0.131818 -0.150784 0.565911
v -0.132890 -0.147707 0.565582
v -0.145351 -0.141459 0.594071
v -0.145164 -0.136770 0.624789
v -0.119244 -0.157307 0.613297
v -0.118794 -0.157406 0.566436
v -0.120744 -0.156913 0.715800
v -0.119019 -0.157356 0.661478
v -0.097069 -0.157307 0.613297
v -0.097069 -0.157406 0.566436
v -0.097069 -0.156913 0.715800
v -0.097069 -0.157356 0.661478
v -0.132184 -0.148702 0.715771
v -0.133482 -0.136086 0.652486
v -0.145884 -0.244975 0.651823
v 0.145577 -0.136423 0.621201
v 0.144174 -0.135797 0.676395
v -0.096608 -0.174001 0.795619
v -0.097065 -0.167945 0.613302
v -0.145610 -1.003728 0.929948
v -0.143442 -0.980403 0.954354
v -0.143442 -1.040900 0.975801
v -0.143442 -0.972234 0.970373
v -0.143442 -0.977070 0.996516
v -0.145841 -0.326488 0.685587
v -0.145769 -0.350789 0.682887
vt 0.131643 0.384981
vt 0.127420 0.389687
vt 0.126658 0.385418
vt 0.147665 0.408706
vt 0.141846 0.410764
vt 0.144407 0.406861
vt 0.142102 0.358012
vt 0.135610 0.357231
vt 0.138660 0.354125
vt 0.131544 0.381240
vt 0.126447 0.381093
vt 0.138392 0.408074
vt 0.141428 0.404588
vt 0.142111 0.351474
vt 0.145005 0.355750
vt 0.131877 0.377499
vt 0.126762 0.376779
vt 0.135335 0.404962
vt 0.138783 0.401936
vt 0.145856 0.349273
vt 0.148184 0.353871
vt 0.127672 0.372505
vt 0.132632 0.373797
vt 0.132708 0.401502
vt 0.136523 0.398961
vt 0.149850 0.347560
vt 0.151584 0.352397
vt 0.155151 0.351360
vt 0.158348 0.345813
vt 0.158825 0.350772
vt 0.129028 0.368353
vt 0.133792 0.370209
vt 0.134645 0.395727
vt 0.130470 0.397788
vt 0.154031 0.346360
vt 0.158464 0.411426
vt 0.153902 0.415750
vt 0.154760 0.410999
vt 0.135342 0.366782
vt 0.130808 0.364398
vt 0.133199 0.392279
vt 0.128699 0.393831
vt 0.149681 0.414637
vt 0.151140 0.410092
vt 0.137253 0.363570
vt 0.132996 0.360687
vt 0.132192 0.388677
vt 0.145634 0.412968
vt 0.139508 0.360627
vt 0.995954 0.469376
vt 0.994408 0.465652
vt 0.995955 0.465654
vt 0.348053 0.716559
vt 0.350499 0.720462
vt 0.347448 0.719560
vt 0.995950 0.443318
vt 0.994402 0.439594
vt 0.995950 0.439594
vt 0.995959 0.499148
vt 0.994409 0.495426
vt 0.995957 0.495426
vt 0.995954 0.473097
vt 0.994406 0.469374
vt 0.995951 0.447040
vt 0.994402 0.443318
vt 0.995959 0.502872
vt 0.994411 0.499148
vt 0.995954 0.476819
vt 0.994406 0.473097
vt 0.995954 0.450763
vt 0.994405 0.447040
vt 0.995960 0.506596
vt 0.994411 0.502872
vt 0.995960 0.514042
vt 0.994411 0.510319
vt 0.995959 0.510319
vt 0.995957 0.480541
vt 0.994406 0.476819
vt 0.995951 0.454487
vt 0.994406 0.450763
vt 0.994412 0.506596
vt 0.995950 0.428424
vt 0.994399 0.424702
vt 0.995947 0.424700
vt 0.995957 0.484264
vt 0.994409 0.480541
vt 0.995951 0.458209
vt 0.994405 0.454486
vt 0.995950 0.432148
vt 0.994402 0.428424
vt 0.995959 0.487987
vt 0.994409 0.484264
vt 0.995955 0.461931
vt 0.994405 0.458209
vt 0.995950 0.435871
vt 0.994402 0.432148
vt 0.995957 0.491706
vt 0.994411 0.487984
vt 0.994408 0.461931
vt 0.994402 0.435871
vt 0.994409 0.491704
vt 0.653069 0.063231
vt 0.650830 0.069698
vt 0.646289 0.063738
vt 0.354952 0.755115
vt 0.350499 0.753932
vt 0.353347 0.752509
vt 0.327891 0.723508
vt 0.328374 0.728088
vt 0.325733 0.726539
vt 0.327895 0.750887
vt 0.328375 0.746307
vt 0.330221 0.748897
vt 0.351622 0.756779
vt 0.347448 0.754835
vt 0.332491 0.723271
vt 0.330219 0.725496
vt 0.325736 0.747856
vt 0.327015 0.743431
vt 0.344355 0.758250
vt 0.348053 0.757836
vt 0.330551 0.720904
vt 0.335121 0.721483
vt 0.324144 0.744495
vt 0.326176 0.740362
vt 0.341112 0.754979
vt 0.344285 0.755190
vt 0.337029 0.717292
vt 0.333630 0.718810
vt 0.323164 0.740904
vt 0.325895 0.737196
vt 0.340641 0.758003
vt 0.338027 0.754212
vt 0.340638 0.716392
vt 0.338027 0.720187
vt 0.323164 0.733487
vt 0.322832 0.737196
vt 0.337029 0.757107
vt 0.335123 0.752913
vt 0.344284 0.719204
vt 0.341111 0.719415
vt 0.327015 0.730962
vt 0.326176 0.734029
vt 0.330552 0.753492
vt 0.333630 0.755587
vt 0.344352 0.716144
vt 0.354951 0.719272
vt 0.351620 0.717612
vt 0.324142 0.729900
vt 0.332494 0.751123
vt 0.664279 0.067109
vt 0.659792 0.061936
vt 0.667225 0.060980
vt 0.213700 0.088379
vt 0.207772 0.091801
vt 0.201845 0.081535
vt 0.669645 0.066810
vt 0.669646 0.069994
vt 0.702282 0.030300
vt 0.695439 0.035015
vt 0.695438 0.030304
vt 0.642286 0.045979
vt 0.637574 0.039135
vt 0.642286 0.039135
vt 0.441192 0.006668
vt 0.448034 0.001953
vt 0.448036 0.006664
vt 0.655314 0.074875
vt 0.647880 0.075825
vt 0.655958 0.056319
vt 0.570398 0.008797
vt 0.565683 0.001954
vt 0.570395 0.001953
vt 0.662039 0.073582
vt 0.664978 0.078082
vt 0.662218 0.079673
vt 0.563053 0.043087
vt 0.567763 0.049932
vt 0.563053 0.049932
vt 0.684917 0.060241
vt 0.691763 0.055530
vt 0.691763 0.060241
vt 0.471223 0.252627
vt 0.470010 0.248428
vt 0.473673 0.254276
vt 0.471277 0.256994
vt 0.471315 0.257014
vt 0.127621 0.372493
vt 0.128946 0.368338
vt 0.130729 0.364353
vt 0.423898 0.611078
vt 0.418395 0.614751
vt 0.418674 0.610385
vt 0.434327 0.637594
vt 0.428165 0.638380
vt 0.431563 0.635100
vt 0.440825 0.588093
vt 0.434822 0.585466
vt 0.438652 0.583355
vt 0.419535 0.606098
vt 0.424613 0.607424
vt 0.429170 0.632250
vt 0.425298 0.635080
vt 0.444298 0.586758
vt 0.442710 0.581720
vt 0.420994 0.601972
vt 0.425776 0.603887
vt 0.427180 0.629102
vt 0.422829 0.631466
vt 0.446961 0.580687
vt 0.447910 0.585860
vt 0.422896 0.598035
vt 0.427376 0.600525
vt 0.425622 0.625721
vt 0.420793 0.627584
vt 0.451306 0.580193
vt 0.451605 0.585415
vt 0.447904 0.643311
vt 0.442886 0.647549
vt 0.444259 0.642553
vt 0.425269 0.594361
vt 0.429387 0.597391
vt 0.424505 0.622172
vt 0.419465 0.623416
vt 0.451615 0.643610
vt 0.447162 0.648463
vt 0.438801 0.645972
vt 0.440739 0.641344
vt 0.431780 0.594536
vt 0.428075 0.591006
vt 0.423841 0.618509
vt 0.418659 0.619117
vt 0.434965 0.643861
vt 0.437408 0.639686
vt 0.434514 0.592010
vt 0.431276 0.588025
vt 0.423638 0.614791
vt 0.431404 0.641319
vt 0.437545 0.589852
vt 0.710068 0.577164
vt 0.721392 0.567723
vt 0.721390 0.577164
vt 0.708450 0.567723
vt 0.721393 0.554305
vt 0.340111 0.141144
vt 0.329326 0.140705
vt 0.333891 0.131000
vt 0.339681 0.151615
vt 0.327582 0.147955
vt 0.339263 0.161252
vt 0.326339 0.155061
vt 0.334011 0.170248
vt 0.338852 0.170464
vt 0.340508 0.131267
vt 0.852098 0.351450
vt 0.831299 0.360536
vt 0.836004 0.345925
vt 0.852211 0.478590
vt 0.841948 0.472760
vt 0.836385 0.462841
vt 0.832233 0.450137
vt 0.829341 0.431919
vt 0.827823 0.396384
vt 0.829429 0.377304
vt 0.541079 0.477098
vt 0.531111 0.230410
vt 0.539999 0.222642
vt 0.828525 0.413838
vt 0.512508 0.509129
vt 0.514264 0.586186
vt 0.501734 0.586690
vt 0.537000 0.582655
vt 0.525811 0.503019
vt 0.535442 0.499617
vt 0.526766 0.584610
vt 0.975988 0.642745
vt 0.981943 0.896829
vt 0.977097 0.897056
vt 0.706049 0.485559
vt 0.721385 0.498037
vt 0.704823 0.498038
vt 0.711247 0.463160
vt 0.721386 0.473210
vt 0.708508 0.473207
vt 0.494998 0.507566
vt 0.488276 0.530728
vt 0.487950 0.526361
vt 0.167171 0.122810
vt 0.170178 0.111593
vt 0.170994 0.127943
vt 0.721385 0.485560
vt 0.705805 0.554305
vt 0.721392 0.541925
vt 0.714988 0.459868
vt 0.721392 0.463166
vt 0.713551 0.586677
vt 0.408757 0.937553
vt 0.413603 0.810412
vt 0.413603 0.937553
vt 0.704211 0.530824
vt 0.721389 0.522552
vt 0.721390 0.530820
vt 0.185279 0.174380
vt 0.175160 0.158668
vt 0.170801 0.145979
vt 0.721386 0.510397
vt 0.704376 0.510400
vt 0.169876 0.090283
vt 0.185280 0.058528
vt 0.173153 0.078245
vt 0.177418 0.066653
vt 0.006801 0.241213
vt 0.005371 0.249411
vt 0.003298 0.241905
vt 0.985632 0.950556
vt 0.989754 0.699272
vt 0.990167 0.949692
vt 0.005305 0.213798
vt 0.006771 0.221256
vt 0.003277 0.220508
vt 0.181514 0.057477
vt 0.183970 0.054560
vt 0.435929 0.813398
vt 0.439489 0.937551
vt 0.435929 0.935048
vt 0.005540 0.230817
vt 0.001953 0.230804
vt 0.178787 0.167386
vt 0.183227 0.177434
vt 0.524578 0.476768
vt 0.527652 0.488953
vt 0.551568 0.334468
vt 0.547272 0.332865
vt 0.551568 0.330658
vt 0.528691 0.485009
vt 0.531137 0.481322
vt 0.535089 0.478706
vt 0.528574 0.492980
vt 0.530278 0.496009
vt 0.532486 0.498233
vt 0.176942 0.109765
vt 0.187854 0.114146
vt 0.176163 0.114133
vt 0.176775 0.128878
vt 0.187841 0.125777
vt 0.187836 0.128892
vt 0.176372 0.125763
vt 0.187845 0.122312
vt 0.187848 0.118195
vt 0.175544 0.118180
vt 0.175995 0.122299
vt 0.177721 0.105075
vt 0.187860 0.109779
vt 0.177688 0.132020
vt 0.187833 0.132032
vt 0.181771 0.136279
vt 0.187865 0.105088
vt 0.181918 0.100492
vt 0.187877 0.100159
vt 0.709461 0.231280
vt 0.709997 0.224503
vt 0.711085 0.228222
vt 0.709656 0.239263
vt 0.708545 0.244826
vt 0.706463 0.236546
vt 0.708704 0.235328
vt 0.705958 0.233182
vt 0.713228 0.225959
vt 0.551581 0.409800
vt 0.423930 0.810378
vt 0.417868 0.890186
vt 0.417518 0.811022
vt 0.541220 0.500791
vt 0.541846 0.581497
vt 0.404211 0.215303
vt 0.418163 0.221682
vt 0.420512 0.267248
vt 0.488426 0.234676
vt 0.470479 0.232306
vt 0.438154 0.257726
vt 0.439306 0.261928
vt 0.436260 0.276779
vt 0.464596 0.241663
vt 0.460762 0.239561
vt 0.434512 0.225821
vt 0.990176 0.952467
vt 0.716020 0.248250
vt 0.712046 0.242923
vt 0.715984 0.245474
vt 0.716020 0.220712
vt 0.716022 0.224522
vt 0.443997 0.501846
vt 0.454828 0.528795
vt 0.455151 0.533159
vt 0.003506 0.566440
vt 0.001958 0.562716
vt 0.003504 0.562716
vt 0.460066 0.503834
vt 0.472519 0.513031
vt 0.468167 0.513349
vt 0.427984 0.560684
vt 0.432491 0.500184
vt 0.435835 0.566178
vt 0.469385 0.582047
vt 0.470616 0.546507
vt 0.474973 0.546187
vt 0.583087 0.131578
vt 0.584809 0.127306
vt 0.586416 0.129910
vt 0.003503 0.540379
vt 0.001955 0.536655
vt 0.003503 0.536655
vt 0.003509 0.596218
vt 0.001961 0.592494
vt 0.003509 0.592496
vt 0.003509 0.570161
vt 0.001959 0.566440
vt 0.003504 0.544102
vt 0.001955 0.540379
vt 0.003512 0.599938
vt 0.001961 0.596216
vt 0.003506 0.573883
vt 0.001961 0.570161
vt 0.003504 0.547826
vt 0.001958 0.544102
vt 0.003512 0.603661
vt 0.001964 0.599938
vt 0.003501 0.521764
vt 0.001953 0.518041
vt 0.003501 0.518041
vt 0.003509 0.577608
vt 0.001959 0.573883
vt 0.003504 0.551548
vt 0.001958 0.547824
vt 0.001953 0.514318
vt 0.003501 0.514318
vt 0.003501 0.525489
vt 0.001953 0.521764
vt 0.003509 0.581329
vt 0.001961 0.577608
vt 0.003506 0.555271
vt 0.001958 0.551548
vt 0.003501 0.529209
vt 0.001953 0.525486
vt 0.003509 0.585051
vt 0.001961 0.581329
vt 0.003504 0.558995
vt 0.001959 0.555271
vt 0.003501 0.532934
vt 0.001953 0.529209
vt 0.003510 0.588774
vt 0.001961 0.585051
vt 0.001958 0.558993
vt 0.001953 0.532934
vt 0.001962 0.588773
vt 0.390238 0.191206
vt 0.396708 0.193443
vt 0.390748 0.197987
vt 0.575814 0.133042
vt 0.578913 0.129632
vt 0.579517 0.132633
vt 0.565098 0.093575
vt 0.563958 0.098038
vt 0.562019 0.095670
vt 0.555593 0.119273
vt 0.557630 0.115139
vt 0.558465 0.118213
vt 0.572099 0.132792
vt 0.575749 0.129982
vt 0.569495 0.094952
vt 0.566588 0.096249
vt 0.554617 0.115679
vt 0.557347 0.111970
vt 0.568487 0.131894
vt 0.572575 0.129767
vt 0.568498 0.092057
vt 0.572583 0.094183
vt 0.554286 0.111970
vt 0.557630 0.108802
vt 0.565088 0.130374
vt 0.569485 0.129000
vt 0.575826 0.090912
vt 0.572111 0.091159
vt 0.555597 0.104669
vt 0.554617 0.108261
vt 0.563947 0.125910
vt 0.566579 0.127699
vt 0.578919 0.094324
vt 0.575758 0.093972
vt 0.557193 0.101304
vt 0.558467 0.105731
vt 0.562007 0.128278
vt 0.561674 0.123683
vt 0.583096 0.092379
vt 0.579526 0.091322
vt 0.559355 0.098273
vt 0.559832 0.102856
vt 0.557185 0.122639
vt 0.559346 0.125674
vt 0.586425 0.094045
vt 0.581973 0.095227
vt 0.581964 0.128731
vt 0.561680 0.100263
vt 0.559827 0.121091
vt 0.394116 0.180008
vt 0.388943 0.184485
vt 0.387993 0.177054
vt 0.223553 0.107013
vt 0.229481 0.110435
vt 0.223553 0.120700
vt 0.393821 0.174642
vt 0.397004 0.174642
vt 0.565683 0.012238
vt 0.570395 0.019082
vt 0.565683 0.019082
vt 0.500806 0.056253
vt 0.505517 0.063098
vt 0.500806 0.063098
vt 0.871658 0.058190
vt 0.878503 0.053481
vt 0.878503 0.058191
vt 0.401890 0.188966
vt 0.402834 0.196399
vt 0.383326 0.188314
vt 0.889023 0.062274
vt 0.882179 0.066984
vt 0.882179 0.062274
vt 0.400589 0.182246
vt 0.405087 0.179304
vt 0.406680 0.182060
vt 0.425408 0.038051
vt 0.430121 0.044894
vt 0.425411 0.044897
vt 0.889023 0.054126
vt 0.882179 0.058835
vt 0.882179 0.054124
vt 0.465073 0.268222
vt 0.468094 0.265063
vt 0.476353 0.280283
vt 0.506873 0.235162
vt 0.994399 0.004317
vt 0.998047 0.328482
vt 0.994487 0.327557
vt 0.398824 0.220106
vt 0.403255 0.216160
vt 0.392883 0.224630
vt 0.419795 0.554725
vt 0.383326 0.229512
vt 0.949758 0.001980
vt 0.941796 0.328478
vt 0.943134 0.001953
vt 0.480385 0.506051
vt 0.453224 0.285257
vt 0.520146 0.233500
vt 0.457808 0.616212
vt 0.454412 0.610884
vt 0.458952 0.612669
vt 0.471965 0.592511
vt 0.477368 0.595489
vt 0.473871 0.596772
vt 0.464956 0.643843
vt 0.458406 0.644048
vt 0.462566 0.640990
vt 0.457108 0.619868
vt 0.452956 0.614969
vt 0.468138 0.594603
vt 0.470585 0.598525
vt 0.464407 0.650369
vt 0.467684 0.646379
vt 0.456865 0.623582
vt 0.452046 0.619221
vt 0.464641 0.597172
vt 0.467568 0.600706
vt 0.467949 0.652916
vt 0.470701 0.648558
vt 0.452014 0.627941
vt 0.457099 0.627298
vt 0.461515 0.600142
vt 0.464865 0.603264
vt 0.471779 0.654999
vt 0.473966 0.650348
vt 0.480094 0.657543
vt 0.477426 0.651722
vt 0.481030 0.652651
vt 0.452849 0.632233
vt 0.457799 0.630956
vt 0.462505 0.606143
vt 0.475840 0.656592
vt 0.484428 0.657937
vt 0.484724 0.653120
vt 0.458957 0.634495
vt 0.460523 0.609295
vt 0.458726 0.603422
vt 0.480305 0.589973
vt 0.484721 0.594392
vt 0.481008 0.594693
vt 0.460556 0.637858
vt 0.454205 0.636392
vt 0.456346 0.607018
vt 0.476048 0.590958
vt 0.456067 0.640350
vt 0.994405 0.384040
vt 0.995956 0.380317
vt 0.995952 0.384040
vt 0.381178 0.654474
vt 0.384268 0.651058
vt 0.384878 0.654057
vt 0.994401 0.410094
vt 0.995950 0.406372
vt 0.995949 0.410094
vt 0.994410 0.354258
vt 0.995958 0.350533
vt 0.995958 0.354256
vt 0.994408 0.380317
vt 0.995954 0.376594
vt 0.994403 0.406375
vt 0.995950 0.402651
vt 0.994410 0.350536
vt 0.995959 0.346814
vt 0.994407 0.376595
vt 0.995954 0.372871
vt 0.994403 0.402653
vt 0.995950 0.398929
vt 0.994411 0.346814
vt 0.995959 0.343093
vt 0.994411 0.339368
vt 0.995959 0.335645
vt 0.995959 0.339368
vt 0.994407 0.372871
vt 0.995958 0.369148
vt 0.994403 0.398929
vt 0.995952 0.395207
vt 0.994411 0.343093
vt 0.994411 0.335643
vt 0.995962 0.331922
vt 0.994410 0.369148
vt 0.995956 0.365425
vt 0.994405 0.395207
vt 0.995954 0.391484
vt 0.994399 0.421260
vt 0.995949 0.417539
vt 0.995947 0.421262
vt 0.994408 0.365426
vt 0.995956 0.361703
vt 0.994407 0.391486
vt 0.995952 0.387762
vt 0.994401 0.417539
vt 0.995949 0.413817
vt 0.994408 0.361703
vt 0.995959 0.357980
vt 0.994405 0.387764
vt 0.994401 0.413817
vt 0.994411 0.357980
vt 0.645142 0.124684
vt 0.645964 0.127756
vt 0.639546 0.125514
vt 0.388443 0.653000
vt 0.390164 0.648727
vt 0.391772 0.651332
vt 0.363831 0.639654
vt 0.362555 0.644079
vt 0.360961 0.640714
vt 0.367375 0.617109
vt 0.367039 0.621704
vt 0.364714 0.619713
vt 0.391772 0.615492
vt 0.387319 0.616668
vt 0.388445 0.613822
vt 0.367041 0.645118
vt 0.364715 0.647108
vt 0.365194 0.624296
vt 0.362553 0.622746
vt 0.384878 0.612763
vt 0.369314 0.647344
vt 0.367375 0.649713
vt 0.363831 0.627173
vt 0.360958 0.626113
vt 0.381108 0.615410
vt 0.381178 0.612350
vt 0.370453 0.651806
vt 0.362997 0.630245
vt 0.359984 0.629708
vt 0.377937 0.615623
vt 0.377463 0.612600
vt 0.371945 0.649133
vt 0.373851 0.653328
vt 0.359654 0.633418
vt 0.374850 0.616393
vt 0.373851 0.613498
vt 0.377937 0.651201
vt 0.377463 0.654224
vt 0.363001 0.636585
vt 0.359987 0.637123
vt 0.370455 0.615017
vt 0.371945 0.617691
vt 0.624208 0.121930
vt 0.626459 0.119679
vt 0.627723 0.126360
vt 0.554286 0.136919
vt 0.560211 0.133494
vt 0.566141 0.136915
vt 0.628212 0.133189
vt 0.621794 0.130944
vt 0.392093 0.020214
vt 0.396807 0.013371
vt 0.396804 0.020215
vt 0.641409 0.074415
vt 0.636698 0.081260
vt 0.636698 0.074415
vt 0.702283 0.043166
vt 0.695440 0.038453
vt 0.702284 0.038456
vt 0.643552 0.136770
vt 0.641303 0.139021
vt 0.640037 0.132341
vt 0.635473 0.117264
vt 0.638546 0.118088
vt 0.633392 0.122523
vt 0.221134 0.001953
vt 0.227977 0.006668
vt 0.221133 0.006664
vt 0.634368 0.136178
vt 0.635473 0.141437
vt 0.632291 0.141438
vt 0.563053 0.060214
vt 0.567763 0.053370
vt 0.567763 0.060213
vt 0.704206 0.010879
vt 0.711049 0.015593
vt 0.704205 0.015590
vt 0.630804 0.624348
vt 0.633254 0.622702
vt 0.629596 0.628548
vt 0.630880 0.619975
vt 0.386844 0.584135
vt 0.381854 0.579786
vt 0.387059 0.580416
vt 0.394558 0.557586
vt 0.400569 0.559147
vt 0.397511 0.561271
vt 0.400717 0.609083
vt 0.394427 0.610921
vt 0.397687 0.606916
vt 0.381881 0.588518
vt 0.387087 0.587851
vt 0.394771 0.563794
vt 0.403991 0.610856
vt 0.397956 0.613505
vt 0.382803 0.592796
vt 0.387790 0.591508
vt 0.392398 0.566664
vt 0.391291 0.560495
vt 0.405858 0.617217
vt 0.407460 0.612208
vt 0.384187 0.596946
vt 0.388946 0.595047
vt 0.390424 0.569820
vt 0.388382 0.563767
vt 0.410111 0.618259
vt 0.411070 0.613117
vt 0.410327 0.550363
vt 0.414764 0.555206
vt 0.411052 0.555496
vt 0.386074 0.600895
vt 0.390545 0.598411
vt 0.388862 0.573202
vt 0.385870 0.567361
vt 0.414457 0.618763
vt 0.414765 0.613568
vt 0.406074 0.551408
vt 0.407405 0.556247
vt 0.392557 0.601542
vt 0.387736 0.576754
vt 0.384022 0.571325
vt 0.402000 0.553013
vt 0.403889 0.557466
vt 0.394950 0.604392
vt 0.388436 0.604577
vt 0.382675 0.575488
vt 0.398143 0.555079
vt 0.391235 0.607934
vt 0.043775 0.500395
vt 0.042999 0.510055
vt 0.041880 0.510021
vt 0.825444 0.729563
vt 0.823264 0.741717
vt 0.821753 0.741528
vt 0.881234 0.342272
vt 0.874546 0.352113
vt 0.870439 0.342199
vt 0.881305 0.331801
vt 0.869043 0.334861
vt 0.868151 0.327698
vt 0.881371 0.322163
vt 0.876580 0.312914
vt 0.881427 0.312944
vt 0.881169 0.352156
vt 0.937213 0.901615
vt 0.921129 0.907167
vt 0.916402 0.892565
vt 0.937116 0.774470
vt 0.921321 0.790249
vt 0.926864 0.780320
vt 0.917189 0.802960
vt 0.914328 0.821182
vt 0.914502 0.875799
vt 0.912864 0.856722
vt 0.700309 0.295226
vt 0.690728 0.646391
vt 0.695472 0.294090
vt 0.913539 0.839266
vt 0.671379 0.367733
vt 0.655638 0.290292
vt 0.672755 0.290667
vt 0.685251 0.292184
vt 0.965467 0.677476
vt 0.971193 0.319196
vt 0.971876 0.678108
vt 0.813380 0.793754
vt 0.819825 0.806400
vt 0.812918 0.810875
vt 0.826630 0.825010
vt 0.815333 0.833738
vt 0.813852 0.823434
vt 0.647036 0.346238
vt 0.646204 0.341947
vt 0.037246 0.553523
vt 0.041934 0.540758
vt 0.041832 0.557675
vt 0.822294 0.753258
vt 0.819337 0.752890
vt 0.825400 0.834980
vt 0.818638 0.837466
vt 0.047494 0.492072
vt 0.054847 0.501099
vt 0.049300 0.835513
vt 0.054139 0.962653
vt 0.049296 0.962653
vt 0.194741 0.246084
vt 0.196175 0.254281
vt 0.192673 0.253590
vt 0.986528 0.004973
vt 0.989911 0.360450
vt 0.986509 0.359795
vt 0.194664 0.281700
vt 0.196139 0.274243
vt 0.198794 0.283072
vt 0.045894 0.585527
vt 0.054781 0.585942
vt 0.055484 0.602869
vt 0.428041 0.934530
vt 0.431600 0.810376
vt 0.431600 0.937552
vt 0.192643 0.274985
vt 0.194912 0.264679
vt 0.191324 0.264691
vt 0.563878 0.661882
vt 0.580035 0.609890
vt 0.577818 0.655460
vt 0.648056 0.642266
vt 0.633923 0.594204
vt 0.594162 0.651272
vt 0.595754 0.600312
vt 0.597717 0.623696
vt 0.630097 0.644669
vt 0.620364 0.637429
vt 0.624196 0.635321
vt 0.602839 0.375239
vt 0.613594 0.348262
vt 0.614433 0.352558
vt 0.764702 0.287546
vt 0.766248 0.283823
vt 0.766250 0.287546
vt 0.653858 0.369364
vt 0.618910 0.373211
vt 0.626985 0.363675
vt 0.631345 0.363981
vt 0.586632 0.317370
vt 0.594914 0.312095
vt 0.591347 0.376925
vt 0.625451 0.296103
vt 0.633650 0.330849
vt 0.629287 0.330542
vt 0.168150 0.503043
vt 0.172604 0.504216
vt 0.169276 0.505889
vt 0.764701 0.313604
vt 0.766250 0.309882
vt 0.766248 0.313604
vt 0.764701 0.257770
vt 0.766248 0.254046
vt 0.766248 0.257769
vt 0.764701 0.283824
vt 0.766248 0.280102
vt 0.764702 0.309882
vt 0.766248 0.306159
vt 0.764701 0.254046
vt 0.766250 0.250324
vt 0.764701 0.280102
vt 0.766248 0.276381
vt 0.764701 0.306160
vt 0.766248 0.302437
vt 0.764702 0.250324
vt 0.766248 0.246601
vt 0.764702 0.332215
vt 0.766250 0.328492
vt 0.766250 0.332215
vt 0.764701 0.276382
vt 0.766248 0.272659
vt 0.764701 0.302437
vt 0.766250 0.298715
vt 0.764701 0.246604
vt 0.766248 0.242879
vt 0.764702 0.328492
vt 0.766252 0.324769
vt 0.764701 0.272661
vt 0.766248 0.268937
vt 0.764702 0.298715
vt 0.766250 0.294992
vt 0.764704 0.324769
vt 0.766252 0.321047
vt 0.764701 0.268937
vt 0.766246 0.265214
vt 0.764701 0.294994
vt 0.766248 0.291270
vt 0.764704 0.321050
vt 0.766250 0.317325
vt 0.764699 0.265214
vt 0.766250 0.261492
vt 0.764701 0.291270
vt 0.764702 0.317327
vt 0.764702 0.261492
vt 0.426504 0.140397
vt 0.423746 0.141986
vt 0.424258 0.135206
vt 0.168150 0.469544
vt 0.165706 0.465639
vt 0.169275 0.466698
vt 0.147862 0.498001
vt 0.148198 0.502596
vt 0.145537 0.499991
vt 0.143376 0.475624
vt 0.144656 0.480050
vt 0.141784 0.478989
vt 0.165100 0.468640
vt 0.162005 0.465230
vt 0.152769 0.502016
vt 0.151278 0.504690
vt 0.143819 0.483122
vt 0.140805 0.482582
vt 0.161939 0.468290
vt 0.158290 0.465477
vt 0.155676 0.503314
vt 0.154678 0.506209
vt 0.143537 0.486291
vt 0.140475 0.486291
vt 0.158764 0.468500
vt 0.154678 0.466373
vt 0.158291 0.507106
vt 0.140805 0.490001
vt 0.152770 0.470567
vt 0.151278 0.467895
vt 0.161939 0.504293
vt 0.162005 0.507353
vt 0.143819 0.489461
vt 0.141784 0.493594
vt 0.150136 0.472357
vt 0.148197 0.469987
vt 0.165706 0.506944
vt 0.144655 0.492532
vt 0.143376 0.496959
vt 0.145535 0.472592
vt 0.165100 0.503945
vt 0.170994 0.470971
vt 0.172603 0.468366
vt 0.146017 0.495410
vt 0.146017 0.477173
vt 0.423746 0.119458
vt 0.426504 0.121049
vt 0.420378 0.124001
vt 0.569190 0.108293
vt 0.569190 0.101450
vt 0.575118 0.098028
vt 0.413911 0.126241
vt 0.414416 0.119461
vt 0.878503 0.066339
vt 0.871658 0.061629
vt 0.878503 0.061629
vt 0.565683 0.029366
vt 0.570393 0.022520
vt 0.570393 0.029366
vt 0.423983 0.048336
vt 0.419271 0.055179
vt 0.419271 0.048333
vt 0.414414 0.141986
vt 0.411658 0.140394
vt 0.417787 0.137447
vt 0.431173 0.129131
vt 0.431173 0.132314
vt 0.425556 0.128483
vt 0.558996 0.081054
vt 0.554286 0.087898
vt 0.554286 0.081054
vt 0.412614 0.132962
vt 0.407820 0.135389
vt 0.406997 0.132314
vt 0.570393 0.032804
vt 0.565683 0.039649
vt 0.565683 0.032804
vt 0.428040 0.059520
vt 0.432749 0.052676
vt 0.432751 0.059520
vt 0.627645 0.611938
vt 0.624615 0.608792
vt 0.679764 0.643332
vt 0.666507 0.641716
vt 0.558429 0.657091
vt 0.562894 0.661027
vt 0.578609 0.321672
vt 0.552466 0.652581
vt 0.542889 0.647725
vt 0.940919 0.573398
vt 0.948874 0.900642
vt 0.942253 0.900670
vt 0.612714 0.591795
vt 0.038752 0.564297
vt 0.041885 0.574216
vt 0.040743 0.574338
vt 0.818751 0.784109
vt 0.814530 0.783585
vt 0.817438 0.763164
vt 0.820060 0.773284
vt 0.815938 0.772772
vt 0.046838 0.557600
vt 0.047017 0.574063
vt 0.046431 0.521639
vt 0.046960 0.540687
vt 0.054619 0.557603
vt 0.054650 0.574020
vt 0.054723 0.521638
vt 0.054662 0.540703
vt 0.041499 0.521590
vt 0.039109 0.521900
vt 0.037022 0.543808
vt 0.037610 0.533392
vt 0.634741 0.293253
vt 0.645475 0.291392
vt 0.637787 0.332272
vt 0.615747 0.299970
vt 0.621064 0.333287
vt 0.821201 0.763632
vt 0.168346 0.133850
vt 0.166776 0.114550
vt 0.167535 0.102420
vt 0.489364 0.586265
vt 0.477359 0.584287
vt 0.479097 0.544746
vt 0.458864 0.578408
vt 0.462389 0.543778
vt 0.704701 0.541929
vt 0.045660 0.942036
vt 0.043360 0.942625
vt 0.039101 0.933526
vt 0.045441 0.825783
vt 0.039449 0.832828
vt 0.042398 0.822922
vt 0.986560 0.690516
vt 0.990243 0.365605
vt 0.990119 0.692879
vt 0.986510 0.362170
vt 0.033649 0.917485
vt 0.036032 0.872277
vt 0.037327 0.853257
vt 0.038450 0.889416
vt 0.033515 0.905536
vt 0.034728 0.889134
vt 0.158209 0.416399
vt 0.994412 0.514042
vt 0.645465 0.069994
vt 0.645465 0.066812
vt 0.647880 0.060982
vt 0.650128 0.058733
vt 0.353347 0.721880
vt 0.662215 0.057141
vt 0.664972 0.058729
vt 0.668820 0.063737
vt 0.201845 0.088379
vt 0.207772 0.078112
vt 0.213700 0.081535
vt 0.668821 0.073070
vt 0.667229 0.075830
vt 0.702283 0.035011
vt 0.637574 0.045979
vt 0.441189 0.001958
vt 0.652885 0.079669
vt 0.650131 0.078077
vt 0.646289 0.073069
vt 0.652885 0.057142
vt 0.659140 0.056319
vt 0.565687 0.008800
vt 0.659142 0.080494
vt 0.655958 0.080494
vt 0.567763 0.043087
vt 0.684917 0.055530
vt 0.469921 0.248453
vt 0.451521 0.648839
vt 0.326561 0.153798
vt 0.981943 0.642370
vt 0.480739 0.515755
vt 0.482709 0.542284
vt 0.487460 0.535028
vt 0.485561 0.538970
vt 0.484047 0.518613
vt 0.486509 0.522230
vt 0.721408 0.459353
vt 0.721404 0.588150
vt 0.408751 0.810377
vt 0.704205 0.522554
vt 0.009433 0.250740
vt 0.986198 0.696242
vt 0.009438 0.212431
vt 0.439489 0.810375
vt 0.187875 0.136862
vt 0.548041 0.412024
vt 0.423931 0.891088
vt 0.453109 0.230391
vt 0.448003 0.240006
vt 0.452156 0.238743
vt 0.452790 0.271756
vt 0.448564 0.270724
vt 0.444323 0.242290
vt 0.441358 0.245432
vt 0.444717 0.268681
vt 0.441550 0.265676
vt 0.439302 0.249221
vt 0.438163 0.253384
vt 0.467751 0.244687
vt 0.456505 0.238594
vt 0.460431 0.517246
vt 0.457561 0.520559
vt 0.447529 0.573275
vt 0.456601 0.537294
vt 0.459073 0.540914
vt 0.455650 0.524496
vt 0.476807 0.513850
vt 0.464042 0.514787
vt 0.466323 0.545686
vt 0.001964 0.603661
vt 0.397004 0.198809
vt 0.393821 0.198809
vt 0.387990 0.196396
vt 0.385740 0.194146
vt 0.584819 0.096651
vt 0.384149 0.182059
vt 0.385740 0.179302
vt 0.390748 0.175466
vt 0.229481 0.117279
vt 0.217626 0.117279
vt 0.217626 0.110433
vt 0.400077 0.175466
vt 0.402834 0.177055
vt 0.570395 0.012238
vt 0.505517 0.056253
vt 0.871658 0.053479
vt 0.406683 0.191394
vt 0.405089 0.194150
vt 0.400077 0.197987
vt 0.384149 0.191389
vt 0.383326 0.185132
vt 0.889023 0.066984
vt 0.407506 0.185134
vt 0.407507 0.188319
vt 0.430120 0.038050
vt 0.889023 0.058836
vt 0.457149 0.271720
vt 0.461339 0.270492
vt 0.470250 0.261253
vt 0.997959 0.001953
vt 0.949750 0.329233
vt 0.461189 0.647420
vt 0.451710 0.623575
vt 0.484644 0.589565
vt 0.381108 0.651414
vt 0.994416 0.331920
vt 0.645966 0.130939
vt 0.645143 0.134014
vt 0.643549 0.121930
vt 0.387319 0.650153
vt 0.365194 0.642528
vt 0.369314 0.619478
vt 0.390162 0.618097
vt 0.384270 0.615762
vt 0.374850 0.650434
vt 0.362717 0.633415
vt 0.629217 0.118088
vt 0.632291 0.117264
vt 0.622617 0.124685
vt 0.566141 0.143760
vt 0.560214 0.147182
vt 0.554287 0.143761
vt 0.624208 0.136774
vt 0.622617 0.134017
vt 0.621794 0.127760
vt 0.392096 0.013369
vt 0.641409 0.081260
vt 0.695438 0.043163
vt 0.638547 0.140612
vt 0.641301 0.119679
vt 0.227979 0.001958
vt 0.629217 0.140615
vt 0.626459 0.139024
vt 0.563053 0.053370
vt 0.711052 0.010882
vt 0.381573 0.584154
vt 0.401771 0.615650
vt 0.414685 0.550003
vt 0.826554 0.729703
vt 0.868310 0.328973
vt 0.699639 0.654138
vt 0.966343 0.318978
vt 0.817606 0.794280
vt 0.639237 0.370934
vt 0.639561 0.361231
vt 0.642862 0.358360
vt 0.641417 0.334718
vt 0.644288 0.338017
vt 0.645307 0.354734
vt 0.646731 0.350599
vt 0.824949 0.838765
vt 0.055382 0.490779
vt 0.054155 0.835477
vt 0.198800 0.244752
vt 0.990091 0.001953
vt 0.428039 0.812880
vt 0.611749 0.638268
vt 0.612732 0.646617
vt 0.607587 0.637024
vt 0.608078 0.606339
vt 0.612308 0.605296
vt 0.603898 0.634759
vt 0.604231 0.608389
vt 0.601069 0.611401
vt 0.600926 0.631632
vt 0.598864 0.627855
vt 0.598835 0.615154
vt 0.597696 0.619358
vt 0.616104 0.638406
vt 0.627345 0.632291
vt 0.605374 0.305203
vt 0.613897 0.343898
vt 0.615319 0.339767
vt 0.617767 0.336148
vt 0.619234 0.359796
vt 0.616357 0.356492
vt 0.622855 0.362247
vt 0.635634 0.363147
vt 0.624994 0.331374
vt 0.170992 0.501613
vt 0.764701 0.242879
vt 0.420673 0.142811
vt 0.417488 0.142811
vt 0.428757 0.138146
vt 0.150136 0.500226
vt 0.155676 0.469268
vt 0.158764 0.504083
vt 0.147862 0.474581
vt 0.428757 0.123299
vt 0.430350 0.126057
vt 0.420671 0.118636
vt 0.581045 0.101450
vt 0.581045 0.108295
vt 0.575117 0.111716
vt 0.409411 0.123302
vt 0.411661 0.121052
vt 0.417488 0.118637
vt 0.871658 0.066339
vt 0.565683 0.022520
vt 0.423983 0.055180
vt 0.409410 0.138143
vt 0.430350 0.135389
vt 0.558996 0.087898
vt 0.406997 0.129132
vt 0.407822 0.126058
vt 0.570393 0.039649
vt 0.428039 0.052676
vt 0.616672 0.605323
vt 0.629809 0.615734
vt 0.620872 0.606533
vt 0.948878 0.572640
vt 0.986509 0.367477
vn 0.4735 0.7653 -0.4361
vn 0.4745 0.6787 -0.5605
vn 0.4734 0.8002 -0.3681
vn 0.5265 -0.6904 -0.4961
vn 0.5273 -0.5915 -0.6100
vn 0.5250 -0.5356 -0.6614
vn 0.4779 -0.0497 0.8770
vn 0.4812 0.1451 0.8645
vn 0.4783 -0.0530 0.8766
vn 0.4740 0.8512 -0.2254
vn 0.4774 0.8652 -0.1535
vn 0.5250 -0.5356 -0.6615
vn 0.5223 -0.4082 -0.7487
vn 0.5142 -0.3453 -0.7851
vn 0.4736 -0.2404 0.8473
vn 0.4723 -0.3113 0.8246
vn 0.4823 0.8750 0.0415
vn 0.4814 0.8756 0.0388
vn 0.5085 -0.1968 -0.8383
vn 0.4961 -0.1297 -0.8586
vn 0.4732 -0.4481 0.7585
vn 0.4746 -0.5134 0.7150
vn 0.4822 0.8437 0.2358
vn 0.4864 0.8171 0.3094
vn 0.4961 -0.1297 -0.8585
vn 0.4864 0.0536 -0.8721
vn 0.4818 0.0456 -0.8751
vn 0.4756 -0.6282 0.6158
vn 0.4770 -0.6799 0.5569
vn 0.4793 -0.7996 0.3619
vn 0.4801 -0.8479 0.2248
vn 0.4857 -0.8614 0.1487
vn 0.4864 0.8171 0.3093
vn 0.4824 0.7352 0.4762
vn 0.4876 0.7324 0.4752
vn 0.4804 0.2313 -0.8460
vn 0.4792 0.3061 -0.8226
vn 0.4780 -0.7650 0.4316
vn 0.4914 -0.8709 0.0053
vn 0.5024 -0.8612 -0.0775
vn 0.4870 0.6154 0.6197
vn 0.4810 0.7358 0.4767
vn 0.4815 0.5615 0.6730
vn 0.4783 0.4434 -0.7581
vn 0.4769 0.5097 -0.7161
vn 0.5093 -0.8320 -0.2200
vn 0.5186 -0.8014 -0.2979
vn 0.4858 0.4337 0.7589
vn 0.4814 0.5615 0.6730
vn 0.4846 0.3644 0.7952
vn 0.4759 0.6254 -0.6183
vn 0.5227 -0.7359 -0.4303
vn 0.4834 0.2222 0.8467
vn 0.0000 -0.9680 0.2509
vn 0.0000 -0.9099 0.4148
vn 0.0000 -0.8701 0.4929
vn 0.6771 0.5467 -0.4926
vn 0.6770 0.6556 -0.3343
vn 0.6770 0.5468 -0.4926
vn 0.0000 0.4929 0.8701
vn 0.0000 0.6362 0.7715
vn 0.0000 0.7013 0.7129
vn 0.0000 0.2667 -0.9638
vn 0.0000 0.0957 -0.9954
vn 0.0000 0.0082 -1.0000
vn 0.0000 -1.0000 -0.0082
vn 0.0000 -0.9863 0.1652
vn 0.0000 0.2509 0.9680
vn 0.0000 0.4148 0.9099
vn 0.0001 0.4929 0.8701
vn 0.0000 0.5071 -0.8619
vn 0.0000 0.3501 -0.9367
vn 0.0001 0.2667 -0.9638
vn 0.0000 -0.9638 -0.2667
vn 0.0000 -0.9954 -0.0957
vn 0.0000 -0.0082 1.0000
vn 0.0000 0.1652 0.9863
vn 0.0000 0.7129 -0.7013
vn 0.0000 0.5806 -0.8142
vn 0.0000 0.9680 -0.2509
vn 0.0000 0.9099 -0.4148
vn 0.0000 0.8701 -0.4929
vn 0.0000 -0.8619 -0.5071
vn 0.0000 -0.9367 -0.3501
vn -0.0000 -0.2667 0.9638
vn 0.0000 -0.0957 0.9954
vn 0.0000 0.7715 -0.6362
vn 0.0000 1.0000 0.0082
vn 0.0000 0.9863 -0.1652
vn 0.0000 -0.7013 -0.7129
vn 0.0000 -0.8142 -0.5806
vn 0.0000 -0.5071 0.8619
vn 0.0000 -0.3501 0.9367
vn 0.0001 -0.2667 0.9638
vn 0.0000 0.9638 0.2667
vn 0.0000 0.9954 0.0957
vn 0.0000 -0.4929 -0.8701
vn 0.0000 -0.6362 -0.7715
vn 0.0001 -0.7013 -0.7129
vn 0.0000 -0.7129 0.7013
vn 0.0000 -0.5806 0.8142
vn 0.0000 0.8619 0.5071
vn 0.0000 0.9367 0.3501
vn 0.0000 -0.2509 -0.9680
vn 0.0000 -0.4148 -0.9099
vn 0.0000 -0.7715 0.6362
vn 0.0000 0.8142 0.5806
vn 0.0000 -0.1652 -0.9863
vn 1.0000 0.0000 0.0000
vn 0.6770 0.7198 -0.1533
vn 0.6766 0.7363 0.0025
vn 0.6771 -0.4926 -0.5467
vn 0.6766 -0.5975 -0.4303
vn 0.6767 -0.6329 -0.3761
vn 0.6770 -0.2272 0.7000
vn 0.6766 -0.3704 0.6364
vn 0.6767 0.7331 0.0672
vn 0.6770 0.7000 0.2272
vn 0.6770 -0.4926 -0.5467
vn 0.6766 -0.3660 -0.6390
vn 0.6767 -0.4248 0.6013
vn 0.6766 -0.5225 0.5189
vn 0.6770 0.6174 0.4006
vn 0.6767 -0.3084 -0.6685
vn 0.6770 -0.1533 -0.7198
vn 0.6767 -0.5659 0.4709
vn 0.6766 -0.6390 0.3659
vn 0.6766 0.5189 0.5225
vn 0.6767 0.0093 -0.7362
vn 0.6768 -0.6685 0.3084
vn 0.6770 -0.7198 0.1533
vn 0.6766 -0.6390 0.3660
vn 0.6767 0.4709 0.5659
vn 0.6766 0.3660 0.6390
vn 0.6770 0.2272 -0.7000
vn 0.6766 0.0739 -0.7326
vn 0.6770 -0.7350 -0.0383
vn 0.6768 0.3084 0.6685
vn 0.6770 0.1533 0.7198
vn 0.6770 0.4006 -0.6174
vn 0.6770 -0.7000 -0.2272
vn 0.6767 -0.0093 0.7362
vn 0.6770 0.5467 -0.4927
vn 0.6770 -0.7000 -0.2273
vn 0.6766 -0.0739 0.7326
vn 0.0000 0.0075 1.0000
vn 0.0000 0.8698 0.4935
vn 0.0000 0.8623 -0.5065
vn 0.0000 -0.0075 -1.0000
vn 0.0000 -0.8698 -0.4935
vn 0.0000 -0.8623 0.5065
vn 0.9981 0.0345 0.0518
vn 0.9999 0.0067 0.0090
vn 0.9994 -0.0129 -0.0311
vn 0.9991 -0.0041 0.0426
vn 0.9989 -0.0056 0.0466
vn 0.0001 0.9320 0.3626
vn 0.0002 0.8125 0.5829
vn 0.0000 0.7606 0.6492
vn 0.0003 0.9319 0.3626
vn 0.0001 0.8125 0.5829
vn 0.4743 0.8803 0.0002
vn 0.4745 0.8591 -0.1919
vn 0.4732 0.8810 0.0004
vn 0.5265 -0.3895 -0.7557
vn 0.5257 -0.2173 -0.8225
vn 0.5280 -0.2198 -0.8203
vn 0.4794 -0.4036 0.7793
vn 0.4812 -0.2636 0.8360
vn 0.4760 -0.4741 0.7407
vn 0.4741 0.8599 0.1891
vn 0.4775 0.8382 0.2635
vn 0.5222 -0.0372 -0.8520
vn 0.5145 0.0458 -0.8563
vn 0.4739 -0.6240 0.6214
vn 0.4720 -0.6256 0.6212
vn 0.4810 0.7787 0.4028
vn 0.4845 0.7361 0.4726
vn 0.5084 0.1908 -0.8397
vn 0.4962 0.2756 -0.8233
vn 0.4733 -0.7437 0.4721
vn 0.4746 -0.7822 0.4037
vn 0.4855 0.6432 0.5921
vn 0.4864 0.5875 0.6467
vn 0.4883 0.4097 -0.7706
vn 0.4809 0.4770 -0.7357
vn 0.4756 -0.8393 0.2632
vn 0.4770 -0.8587 0.1872
vn 0.4793 -0.8767 -0.0416
vn 0.4801 -0.8574 -0.1854
vn 0.4857 -0.8350 -0.2588
vn 0.4873 0.4370 0.7560
vn 0.4876 0.4365 0.7561
vn 0.4803 0.5899 -0.6491
vn 0.4793 0.6458 -0.5943
vn 0.4780 -0.8776 0.0368
vn 0.4914 -0.7785 -0.3906
vn 0.5023 -0.7324 -0.4597
vn 0.4870 0.2667 0.8317
vn 0.4873 0.4370 0.7561
vn 0.4866 0.1918 0.8523
vn 0.4783 0.7390 -0.4745
vn 0.4769 0.7790 -0.4071
vn 0.5092 -0.6419 -0.5733
vn 0.5186 -0.5788 -0.6293
vn 0.4858 0.0416 0.8731
vn 0.4846 -0.0366 0.8740
vn 0.4759 0.8379 -0.2674
vn 0.5227 -0.4603 -0.7176
vn 0.4834 -0.1867 0.8553
vn 0.0000 0.9481 0.3179
vn 0.0000 0.9623 0.2719
vn 0.0147 0.9452 0.3263
vn 0.0000 0.9678 0.2518
vn 0.0000 0.9810 0.1939
vn -0.0000 -0.6330 0.7741
vn -0.0021 -0.6005 0.7996
vn 0.0000 -0.6774 0.7356
vn 0.0014 -0.4829 0.8757
vn -0.0158 -0.5267 0.8499
vn -0.0054 -0.2541 0.9672
vn -0.0109 -0.3247 0.9458
vn -0.0270 -0.1957 0.9803
vn -0.0057 -0.2542 0.9671
vn 0.0000 -0.1819 0.9833
vn 0.8584 -0.5065 0.0816
vn 0.8612 -0.5013 0.0843
vn 0.8577 -0.5092 0.0703
vn 0.8594 -0.5046 0.0824
vn 0.8592 -0.5066 0.0716
vn 0.8421 -0.5284 0.1078
vn 0.8574 -0.5069 0.0890
vn 0.8594 -0.5046 0.0823
vn 0.8567 -0.5096 0.0799
vn 0.8670 -0.4913 0.0835
vn 0.8519 -0.5179 0.0784
vn 0.7738 -0.2073 -0.5986
vn 0.8721 -0.1605 -0.4622
vn 0.8072 -0.1918 -0.5582
vn 0.8595 -0.5037 0.0868
vn 0.9908 -0.0462 -0.1274
vn 0.9891 -0.0502 -0.1382
vn 0.9976 -0.0233 -0.0657
vn 0.8948 -0.1463 -0.4217
vn 0.9722 -0.0774 -0.2209
vn 0.8953 -0.1462 -0.4208
vn 0.9772 -0.0706 -0.2003
vn 0.0279 -0.3195 -0.9472
vn 0.0144 -0.3198 -0.9474
vn 0.0000 0.9261 -0.3773
vn -0.0000 0.9450 -0.3272
vn 0.0000 0.9527 -0.3038
vn -0.0000 0.8615 -0.5078
vn -0.0000 0.8843 -0.4669
vn 0.0000 0.8942 -0.4476
vn 0.9978 -0.0233 -0.0621
vn 0.9994 -0.0092 -0.0321
vn 0.9998 -0.0089 -0.0177
vn -1.0000 0.0000 0.0000
vn -0.0000 0.9151 -0.4032
vn -0.0000 0.9884 0.1521
vn -0.0000 0.9970 0.0777
vn -0.0274 0.7515 -0.6592
vn -0.0100 0.8320 -0.5546
vn 0.0228 0.9395 0.3417
vn 0.0221 -0.9867 0.1608
vn 0.0221 -0.9867 0.1609
vn 0.0000 -0.9871 0.1601
vn 0.0000 0.9998 -0.0214
vn -0.0000 0.9939 -0.1103
vn 0.0000 1.0000 -0.0024
vn -0.0000 0.9711 -0.2387
vn 0.0000 0.9804 -0.1971
vn 0.9815 -0.0634 -0.1805
vn 0.9773 -0.0705 -0.1997
vn 0.9372 -0.1317 -0.3231
vn 0.9591 -0.0486 -0.2789
vn 0.9297 -0.1212 -0.3479
vn 0.9458 -0.1040 -0.3075
vn 0.9696 -0.1064 -0.2203
vn 0.9666 -0.0801 -0.2433
vn 0.0000 0.3756 -0.9268
vn 0.0000 0.1329 -0.9911
vn 0.0000 0.0194 -0.9998
vn 0.0000 -0.9336 -0.3582
vn 0.0000 -0.8389 -0.5442
vn -0.0000 -0.9678 -0.2517
vn 0.0000 -0.7864 -0.6178
vn 0.0000 -0.6505 -0.7595
vn -0.0000 -0.3060 -0.9520
vn 0.0000 -0.3052 -0.9523
vn -0.0000 -0.5707 -0.8212
vn -0.0000 0.6721 -0.7405
vn -0.0000 0.5021 -0.8648
vn -0.0000 -0.9973 -0.0728
vn -0.0334 -0.9970 -0.0692
vn -0.0480 -0.9981 -0.0383
vn -0.0093 0.7140 -0.7001
vn -0.0151 0.7702 -0.6376
vn -0.0389 0.7496 -0.6607
vn 0.0438 -0.3193 -0.9466
vn 0.0437 -0.3193 -0.9466
vn 0.0465 -0.3195 -0.9464
vn 0.6757 -0.2408 -0.6968
vn 0.6394 -0.2481 -0.7278
vn 0.9828 0.0745 0.1689
vn 0.9929 0.0498 0.1076
vn 0.9922 0.0515 0.1133
vn 0.9979 -0.0232 -0.0602
vn 0.9998 -0.0089 -0.0166
vn 0.9996 0.0125 0.0252
vn 0.9953 0.0381 0.0893
vn 1.0000 0.0015 0.0049
vn 0.9978 0.0276 0.0606
vn 0.9935 0.0418 0.1057
vn 0.9963 0.0296 0.0801
vn 0.9951 0.0382 0.0915
vn 0.0000 -0.9763 -0.2162
vn 0.0000 -0.9990 -0.0438
vn 0.0000 -0.9990 0.0438
vn 0.9992 0.0130 0.0377
vn 1.0000 -0.0016 0.0058
vn 1.0000 0.0028 0.0064
vn 0.9634 0.1090 0.2448
vn 0.9855 0.0672 0.1555
vn 0.9750 0.0856 0.2053
vn 0.9856 0.0672 0.1555
vn 0.9998 0.0101 0.0174
vn 1.0000 0.0036 0.0066
vn 1.0000 0.0031 0.0031
vn 0.6767 0.7357 -0.0290
vn 0.6766 0.7197 -0.1558
vn 0.6767 0.7031 -0.2184
vn 0.0000 0.0438 0.9990
vn 0.0000 0.2162 0.9763
vn 0.0001 0.3009 0.9537
vn 0.0000 0.6754 -0.7374
vn 0.0000 0.5375 -0.8433
vn 0.0000 0.4616 -0.8871
vn 0.0000 -0.8871 -0.4616
vn 0.0000 -0.9537 -0.3009
vn 0.0000 -0.2162 0.9763
vn 0.0000 -0.0438 0.9990
vn 0.0000 0.8433 -0.5375
vn 0.0000 0.7374 -0.6754
vn 0.0000 -0.7374 -0.6754
vn 0.0000 -0.8433 -0.5375
vn 0.0000 -0.4616 0.8871
vn 0.0000 -0.3009 0.9537
vn 0.0000 0.9537 -0.3009
vn 0.0000 0.8871 -0.4616
vn 0.0001 0.8433 -0.5375
vn 0.0000 0.9764 0.2162
vn 0.0000 0.9990 0.0438
vn 0.0001 0.9990 -0.0438
vn 0.0000 -0.5375 -0.8433
vn 0.0000 -0.6754 -0.7374
vn 0.0000 -0.6754 0.7374
vn 0.0000 -0.5375 0.8433
vn 0.0000 0.9990 -0.0438
vn 0.0000 0.9763 -0.2162
vn 0.0001 0.9537 -0.3009
vn 0.0000 0.8871 0.4616
vn 0.0000 0.9537 0.3009
vn 0.0001 0.9764 0.2162
vn 0.0000 -0.3009 -0.9537
vn 0.0000 -0.4616 -0.8871
vn 0.0000 -0.8433 0.5375
vn 0.0000 -0.7374 0.6754
vn 0.0000 0.7374 0.6754
vn 0.0000 0.8433 0.5375
vn 0.0000 -0.0438 -0.9990
vn 0.0000 -0.2162 -0.9763
vn 0.0000 -0.9537 0.3009
vn 0.0000 -0.8871 0.4616
vn 0.0001 -0.8433 0.5375
vn 0.0000 0.5375 0.8433
vn 0.0000 0.6754 0.7374
vn 0.0000 0.2162 -0.9763
vn 0.0000 0.0438 -0.9990
vn 0.0000 -0.9764 0.2162
vn 0.0000 0.3009 0.9537
vn 0.0000 0.4616 0.8871
vn 0.0000 0.3009 -0.9537
vn 0.6767 0.6516 0.3427
vn 0.6766 0.7012 0.2249
vn 0.6767 0.7181 0.1624
vn 0.6770 -0.1905 -0.7109
vn 0.6766 -0.3368 -0.6548
vn 0.6767 -0.3929 -0.6226
vn 0.6767 -0.5407 0.4997
vn 0.6766 -0.6191 0.3987
vn 0.6766 -0.4948 0.5453
vn 0.6767 0.5407 0.4997
vn 0.6766 0.6191 0.3987
vn 0.6766 -0.0357 -0.7355
vn 0.6767 -0.6516 0.3427
vn 0.6766 -0.7012 0.2249
vn 0.6767 0.3929 0.6226
vn 0.6766 0.4948 0.5453
vn 0.6767 0.0290 -0.7356
vn 0.6770 0.1905 -0.7109
vn 0.6767 -0.7181 0.1624
vn 0.6770 -0.7360 0.0000
vn 0.6770 0.1905 0.7109
vn 0.6766 0.3368 0.6548
vn 0.6770 0.3680 -0.6374
vn 0.6767 -0.7181 -0.1624
vn 0.6770 -0.7359 -0.0000
vn 0.6766 0.0357 0.7355
vn 0.6770 0.5204 -0.5204
vn 0.6767 -0.6516 -0.3427
vn 0.6766 -0.7012 -0.2249
vn 0.6767 -0.0290 0.7356
vn 0.6770 -0.1905 0.7109
vn 0.6767 0.6226 -0.3929
vn 0.6767 -0.5407 -0.4997
vn 0.6766 -0.6191 -0.3987
vn 0.6770 -0.3680 0.6374
vn 0.6766 0.6548 -0.3368
vn 0.6766 0.7355 0.0357
vn 0.6767 0.7356 -0.0290
vn 0.6766 -0.4948 -0.5453
vn 0.0000 -0.4476 0.8942
vn 0.0000 0.5506 0.8348
vn 0.0000 0.9982 -0.0595
vn 0.0000 0.4476 -0.8942
vn 0.0000 -0.5506 -0.8348
vn 0.0000 -0.9982 0.0595
vn 1.0000 0.0053 -0.0009
vn 1.0000 0.0037 -0.0020
vn 0.9999 -0.0061 -0.0156
vn 0.9929 -0.0405 -0.1114
vn 0.9801 0.0809 0.1814
vn 0.9871 0.0657 0.1460
vn 0.9242 0.1564 0.3484
vn 0.8998 0.1790 0.3979
vn 0.9089 0.1714 0.3801
vn 0.0934 0.4147 0.9052
vn 0.0933 0.4147 0.9052
vn 1.0000 -0.0016 -0.0025
vn 0.9996 0.0097 0.0257
vn 0.9757 -0.0723 -0.2069
vn -0.4735 0.7653 -0.4361
vn -0.4745 0.6787 -0.5605
vn -0.4759 0.6254 -0.6183
vn -0.5273 -0.5915 -0.6100
vn -0.5265 -0.6904 -0.4961
vn -0.5250 -0.5356 -0.6614
vn -0.4779 -0.0498 0.8770
vn -0.4812 0.1451 0.8645
vn -0.4834 0.2222 0.8467
vn -0.4740 0.8512 -0.2254
vn -0.4734 0.8002 -0.3681
vn -0.5223 -0.4082 -0.7487
vn -0.5250 -0.5356 -0.6615
vn -0.5142 -0.3453 -0.7851
vn -0.4736 -0.2404 0.8473
vn -0.4723 -0.3113 0.8246
vn -0.4824 0.8750 0.0414
vn -0.4774 0.8652 -0.1535
vn -0.5085 -0.1968 -0.8383
vn -0.4960 -0.1297 -0.8586
vn -0.4732 -0.4481 0.7584
vn -0.4746 -0.5134 0.7150
vn -0.4854 0.8421 0.2350
vn -0.4864 0.8171 0.3094
vn -0.4864 0.0536 -0.8721
vn -0.4961 -0.1297 -0.8585
vn -0.4818 0.0456 -0.8751
vn -0.4756 -0.6282 0.6158
vn -0.4770 -0.6799 0.5569
vn -0.4800 -0.8480 0.2248
vn -0.4793 -0.7996 0.3619
vn -0.4857 -0.8614 0.1486
vn -0.4873 0.7328 0.4749
vn -0.4864 0.8171 0.3093
vn -0.4876 0.7324 0.4752
vn -0.4804 0.2313 -0.8460
vn -0.4780 -0.7650 0.4316
vn -0.4914 -0.8709 0.0053
vn -0.5024 -0.8612 -0.0775
vn -0.4870 0.6154 0.6197
vn -0.4873 0.7328 0.4750
vn -0.4783 0.4434 -0.7581
vn -0.4792 0.3061 -0.8226
vn -0.5093 -0.8320 -0.2200
vn -0.5186 -0.8014 -0.2980
vn -0.4858 0.4337 0.7589
vn -0.4866 0.5581 0.6721
vn -0.4759 0.6254 -0.6184
vn -0.4769 0.5097 -0.7161
vn -0.5227 -0.7359 -0.4303
vn -0.4846 0.3644 0.7952
vn -0.6771 0.5467 -0.4926
vn -0.6770 0.6556 -0.3343
vn -0.6770 0.7198 -0.1533
vn -0.6766 0.7363 0.0025
vn -0.6767 0.7331 0.0672
vn -0.6766 -0.5975 -0.4303
vn -0.6771 -0.4926 -0.5467
vn -0.6767 -0.6329 -0.3761
vn -0.6770 -0.2272 0.7000
vn -0.6766 -0.3704 0.6364
vn -0.6767 -0.4248 0.6013
vn -0.6768 0.7331 0.0672
vn -0.6770 0.7000 0.2272
vn -0.6766 -0.3660 -0.6390
vn -0.6767 -0.3084 -0.6685
vn -0.6766 -0.5225 0.5189
vn -0.6767 -0.5659 0.4709
vn -0.6770 0.6174 0.4006
vn -0.6770 -0.1533 -0.7198
vn -0.6766 -0.6390 0.3660
vn -0.6768 -0.6685 0.3084
vn -0.6766 0.5189 0.5225
vn -0.6767 0.4710 0.5659
vn -0.6767 0.0093 -0.7362
vn -0.6770 -0.7198 0.1533
vn -0.6767 0.4709 0.5659
vn -0.6766 0.3660 0.6390
vn -0.6768 0.3084 0.6685
vn -0.6766 0.0739 -0.7326
vn -0.6770 0.2272 -0.7000
vn -0.6770 -0.7350 -0.0383
vn -0.6770 0.1533 0.7198
vn -0.6770 0.4006 -0.6174
vn -0.6770 -0.7350 -0.0382
vn -0.6770 -0.7000 -0.2272
vn -0.6771 0.1533 0.7198
vn -0.6767 -0.0093 0.7362
vn -0.6770 0.5467 -0.4927
vn -0.6770 -0.7000 -0.2273
vn -0.6767 -0.6329 -0.3762
vn -0.6766 -0.0739 0.7326
vn -0.9995 0.0086 0.0305
vn -0.9995 -0.0124 -0.0286
vn -0.9996 0.0131 0.0234
vn -0.9994 -0.0012 0.0358
vn -0.4743 0.8804 0.0002
vn -0.4745 0.8591 -0.1919
vn -0.4759 0.8379 -0.2674
vn -0.5257 -0.2173 -0.8225
vn -0.5265 -0.3895 -0.7557
vn -0.5280 -0.2198 -0.8203
vn -0.4794 -0.4036 0.7793
vn -0.4812 -0.2636 0.8360
vn -0.4834 -0.1867 0.8553
vn -0.4741 0.8599 0.1891
vn -0.4743 0.8803 0.0002
vn -0.4775 0.8382 0.2635
vn -0.5222 -0.0372 -0.8520
vn -0.4738 -0.6240 0.6213
vn -0.4760 -0.4741 0.7407
vn -0.4810 0.7787 0.4028
vn -0.4845 0.7361 0.4726
vn -0.5084 0.1908 -0.8397
vn -0.5145 0.0458 -0.8563
vn -0.4733 -0.7437 0.4721
vn -0.4746 -0.7822 0.4037
vn -0.4855 0.6432 0.5921
vn -0.4864 0.5875 0.6467
vn -0.4883 0.4097 -0.7706
vn -0.4962 0.2756 -0.8233
vn -0.4756 -0.8393 0.2632
vn -0.4770 -0.8587 0.1872
vn -0.4801 -0.8574 -0.1854
vn -0.4793 -0.8767 -0.0416
vn -0.4857 -0.8350 -0.2588
vn -0.4873 0.4370 0.7560
vn -0.4876 0.4365 0.7561
vn -0.4803 0.5899 -0.6491
vn -0.4809 0.4770 -0.7357
vn -0.4780 -0.8776 0.0368
vn -0.4914 -0.7785 -0.3906
vn -0.5023 -0.7324 -0.4597
vn -0.4870 0.2667 0.8317
vn -0.4873 0.4370 0.7561
vn -0.4783 0.7390 -0.4745
vn -0.4793 0.6458 -0.5943
vn -0.5092 -0.6419 -0.5733
vn -0.5186 -0.5788 -0.6294
vn -0.4858 0.0416 0.8731
vn -0.4866 0.1918 0.8523
vn -0.4769 0.7790 -0.4071
vn -0.5227 -0.4603 -0.7176
vn -0.4846 -0.0366 0.8740
vn -0.0106 0.9703 0.2415
vn 0.1868 0.9811 0.0498
vn 0.0000 0.9675 0.2527
vn 0.0000 0.9630 0.2693
vn -0.0000 0.9739 0.2270
vn -0.0000 0.9836 0.1802
vn 0.0021 -0.6005 0.7996
vn -0.0014 -0.4829 0.8757
vn 0.0159 -0.5266 0.8500
vn 0.0109 -0.3247 0.9458
vn 0.0054 -0.2541 0.9672
vn 0.0270 -0.1957 0.9803
vn -0.8584 -0.5065 0.0816
vn -0.8577 -0.5092 0.0703
vn -0.8612 -0.5013 0.0843
vn -0.8594 -0.5046 0.0824
vn -0.8421 -0.5284 0.1078
vn -0.8592 -0.5066 0.0716
vn -0.8574 -0.5069 0.0890
vn -0.8567 -0.5096 0.0799
vn -0.8519 -0.5179 0.0784
vn -0.8670 -0.4913 0.0835
vn -0.7541 -0.2148 -0.6206
vn -0.8682 -0.1627 -0.4688
vn -0.9290 -0.1222 -0.3493
vn -0.8595 -0.5037 0.0868
vn -0.9908 -0.0457 -0.1270
vn -0.9976 -0.0239 -0.0648
vn -0.9903 -0.0475 -0.1304
vn -0.9759 -0.0722 -0.2059
vn -0.0327 -0.3195 -0.9470
vn -0.0465 -0.3191 -0.9466
vn -0.0116 0.9556 -0.2943
vn 0.0032 0.9215 -0.3883
vn 0.0074 0.9263 -0.3767
vn 0.0000 0.8917 -0.4526
vn 0.0100 0.8991 -0.4376
vn -0.9997 -0.0087 -0.0209
vn -0.9998 -0.0062 -0.0163
vn 0.9869 0.1614 -0.0063
vn 0.7883 0.6153 0.0047
vn 0.7697 0.6384 -0.0093
vn -0.0000 0.9934 0.1145
vn 0.0000 0.9961 0.0879
vn 0.0100 0.8320 -0.5546
vn 0.0274 0.7515 -0.6592
vn -0.0199 0.9753 0.2199
vn 0.0693 0.9878 0.1394
vn -0.0221 -0.9867 0.1608
vn 1.0000 0.0001 0.0003
vn 1.0000 0.0018 0.0009
vn 0.1707 0.9622 -0.2124
vn 0.0401 0.9768 -0.2102
vn 0.0439 0.9191 -0.3916
vn -0.9828 0.0746 0.1692
vn -0.9922 0.0515 0.1134
vn -0.9929 0.0498 0.1076
vn -0.9980 -0.0229 -0.0591
vn -0.9999 -0.0044 -0.0106
vn -0.9978 0.0276 0.0606
vn -0.9953 0.0381 0.0893
vn -0.9996 0.0125 0.0254
vn -0.9999 -0.0063 -0.0150
vn -1.0000 0.0033 0.0024
vn -1.0000 0.0086 -0.0032
vn -0.9936 0.0421 0.1047
vn -0.9964 0.0296 0.0801
vn -0.9962 0.0308 0.0813
vn -0.9978 -0.0231 -0.0614
vn -0.9909 -0.0457 -0.1270
vn -0.9996 0.0094 0.0273
vn -1.0000 0.0028 0.0064
vn -1.0000 -0.0016 0.0058
vn -0.9637 0.1088 0.2440
vn -0.9769 0.0850 0.1962
vn -0.9856 0.0672 0.1552
vn -0.9993 0.0243 0.0298
vn -0.9997 0.0146 0.0174
vn -0.9999 0.0154 0.0030
vn -0.6766 0.7197 -0.1558
vn -0.6767 0.7357 -0.0290
vn -0.6767 0.7031 -0.2184
vn -0.6766 0.7012 0.2249
vn -0.6767 0.6516 0.3427
vn -0.6767 0.7181 0.1624
vn -0.6766 -0.3368 -0.6548
vn -0.6770 -0.1905 -0.7109
vn -0.6767 -0.3929 -0.6226
vn -0.6767 -0.5407 0.4997
vn -0.6766 -0.6191 0.3987
vn -0.6767 -0.6516 0.3427
vn -0.6766 0.6191 0.3987
vn -0.6767 0.5407 0.4997
vn -0.6766 -0.0357 -0.7355
vn -0.6768 0.0290 -0.7356
vn -0.6766 -0.7012 0.2249
vn -0.6767 -0.7181 0.1624
vn -0.6766 0.4948 0.5453
vn -0.6767 0.3929 0.6226
vn -0.6767 0.0290 -0.7356
vn -0.6770 0.1905 -0.7109
vn -0.6770 -0.7360 -0.0000
vn -0.6770 -0.7359 -0.0000
vn -0.6766 0.3368 0.6548
vn -0.6770 0.1905 0.7109
vn -0.6770 0.3680 -0.6374
vn -0.6767 -0.7181 -0.1624
vn -0.6766 0.0357 0.7355
vn -0.6767 -0.0290 0.7356
vn -0.6770 0.5204 -0.5204
vn -0.6766 -0.7012 -0.2249
vn -0.6767 -0.6516 -0.3427
vn -0.6767 -0.0290 0.7357
vn -0.6770 -0.1905 0.7109
vn -0.6767 0.6226 -0.3929
vn -0.6766 -0.6191 -0.3987
vn -0.6767 -0.5407 -0.4997
vn -0.6770 -0.3680 0.6374
vn -0.6766 0.6548 -0.3368
vn -0.6766 0.7355 0.0357
vn -0.6768 0.7356 -0.0290
vn -0.6766 -0.4948 -0.5453
vn -0.6766 -0.4948 0.5453
vn -1.0000 0.0018 0.0042
vn -0.9769 -0.0709 -0.2016
vn -0.9946 -0.0359 -0.0971
vn -0.9801 0.0809 0.1814
vn -0.9871 0.0657 0.1460
vn -0.9002 0.1787 0.3971
vn -0.9244 0.1562 0.3479
vn -0.9089 0.1714 0.3801
vn -0.0935 0.4147 0.9051
vn -0.9993 0.0138 0.0362
vn -0.9636 0.1088 0.2440
vn -0.9992 0.0138 0.0362
vn 0.9798 0.1988 -0.0229
vn 0.6901 0.7231 -0.0284
vn 0.9392 0.3352 0.0744
vn -0.0000 0.9834 -0.1817
vn -0.0000 0.9833 -0.1818
vn -0.0000 1.0000 0.0035
vn 0.0000 0.9974 -0.0715
vn -0.0000 0.9937 -0.1125
vn 0.2703 0.9628 -0.0035
vn 0.1770 0.9836 -0.0337
vn 0.2887 0.9571 -0.0249
vn 0.1298 0.9915 0.0015
vn 0.1299 0.9915 -0.0024
vn 0.0000 1.0000 -0.0005
vn 0.2703 0.9628 0.0002
vn 0.1770 0.9838 -0.0297
vn 0.0000 1.0000 -0.0006
vn -0.0000 0.9993 -0.0378
vn 0.0636 0.9979 -0.0150
vn 0.0000 1.0000 -0.0040
vn 0.7907 0.6118 0.0228
vn 0.1868 0.9811 0.0499
vn 0.8787 0.4745 0.0526
vn 0.9850 0.1717 0.0158
vn 0.9680 0.2484 0.0347
vn -0.9998 0.0115 0.0143
vn -1.0000 0.0013 -0.0059
vn -1.0000 0.0045 -0.0014
vn -0.9960 0.0445 0.0780
vn -0.9969 0.0417 0.0669
vn 0.0000 0.9996 0.0300
vn 0.9997 -0.0069 -0.0244
vn 1.0000 0.0009 -0.0062
vn 0.9999 -0.0011 -0.0120
vn 0.9971 0.0298 0.0697
vn -0.0000 0.9989 0.0469
vn 0.9998 -0.0156 0.0140
vn 1.0000 0.0069 -0.0003
vn 0.9991 0.0412 -0.0016
vn 1.0000 0.0003 -0.0002
vn 1.0000 0.0032 0.0050
vn 0.9999 0.0130 -0.0014
vn 0.9993 0.0375 0.0023
vn 1.0000 0.0071 0.0000
vn 1.0000 0.0080 0.0007
vn 1.0000 0.0004 -0.0000
vn 0.5223 -0.4082 -0.7488
vn 0.4960 -0.1297 -0.8586
vn 0.4732 -0.4481 0.7584
vn 0.4759 0.6254 -0.6184
vn -0.0000 0.7715 -0.6363
vn -0.0001 0.9863 -0.1652
vn 0.6768 0.7331 0.0672
vn 0.6767 0.4710 0.5659
vn 0.6770 -0.7350 -0.0382
vn 0.6770 0.5467 -0.4926
vn 0.9981 0.0346 0.0517
vn 0.0000 0.5667 0.8239
vn 0.9991 -0.0040 0.0426
vn 0.4815 0.5615 0.6729
vn 0.4743 0.8804 0.0002
vn 0.4756 -0.8394 0.2632
vn -0.0063 -0.3361 0.9418
vn -0.0185 -0.5079 0.8612
vn -0.0072 -0.5373 0.8433
vn 0.0388 -0.3192 -0.9469
vn 0.9998 -0.0058 -0.0215
vn 0.9994 -0.0092 -0.0323
vn 0.9995 -0.0093 -0.0298
vn 0.9994 -0.0090 -0.0320
vn 0.9996 -0.0062 -0.0281
vn 0.9997 -0.0043 -0.0253
vn 0.9997 -0.0057 -0.0223
vn 0.9998 -0.0091 -0.0157
vn 0.9997 -0.0046 -0.0256
vn 0.9998 -0.0089 -0.0176
vn 0.9998 -0.0091 -0.0158
vn -0.0647 0.7001 -0.7111
vn 0.0513 0.9463 0.3191
vn 0.0443 -0.9859 0.1616
vn -0.0002 0.9939 -0.1104
vn 0.0000 -0.9337 -0.3582
vn -0.1178 -0.9834 -0.1382
vn 0.0408 -0.3192 -0.9468
vn 0.8949 -0.1463 -0.4217
vn 0.9998 0.0080 0.0165
vn 0.9996 0.0125 0.0254
vn 0.9997 0.0114 0.0200
vn 0.9994 0.0117 0.0339
vn 0.9995 0.0092 0.0314
vn 0.9996 0.0125 0.0253
vn 0.9996 0.0126 0.0256
vn 1.0000 0.0015 0.0048
vn 0.9999 0.0063 0.0104
vn 1.0000 0.0014 0.0046
vn 0.9972 0.0253 0.0701
vn 0.9962 0.0303 0.0811
vn 0.9891 0.0558 0.1361
vn 0.9950 0.0389 0.0923
vn 0.9964 0.0391 0.0754
vn 0.9962 0.0311 0.0817
vn 0.9962 0.0310 0.0815
vn 0.9964 0.0296 0.0801
vn 1.0000 -0.0017 0.0057
vn 1.0000 -0.0031 0.0009
vn 1.0000 0.0019 0.0055
vn 1.0000 0.0025 0.0062
vn 1.0000 0.0020 0.0056
vn 1.0000 0.0033 0.0063
vn 1.0000 0.0034 0.0061
vn -0.0000 -0.2162 -0.9764
vn -0.0000 -0.9763 0.2162
vn -0.0000 0.2162 0.9764
vn 0.6768 0.0290 -0.7356
vn 0.6767 -0.0290 0.7357
vn 0.9996 0.0097 0.0258
vn 0.9998 0.0091 0.0151
vn 1.0000 0.0078 -0.0001
vn 1.0000 0.0020 -0.0029
vn 1.0000 0.0002 0.0020
vn 0.9989 -0.0057 0.0466
vn 1.0000 0.0076 -0.0001
vn 0.9930 -0.0405 -0.1114
vn 0.1703 0.4119 0.8952
vn -0.4783 -0.0530 0.8766
vn -0.5228 -0.4080 -0.7484
vn -0.4735 -0.2404 0.8473
vn -0.4837 0.8744 0.0381
vn -0.4732 -0.4481 0.7585
vn -0.6770 0.5468 -0.4926
vn -0.6770 -0.4926 -0.5467
vn -0.6766 -0.6390 0.3659
vn -0.6770 0.5467 -0.4926
vn -0.4732 0.8810 0.0004
vn -0.4738 -0.6240 0.6214
vn -0.4720 -0.6253 0.6215
vn -0.4738 -0.6241 0.6213
vn -0.4756 -0.8394 0.2632
vn -0.0478 -0.5311 0.8459
vn -0.0212 -0.5044 0.8632
vn -0.0477 -0.3293 0.9430
vn -0.8594 -0.5046 0.0823
vn -0.7542 -0.2148 -0.6206
vn -0.8072 -0.1918 -0.5582
vn -0.0144 -0.3198 -0.9474
vn -0.0000 0.9619 -0.2735
vn -1.0000 -0.0028 -0.0070
vn -0.9998 -0.0059 -0.0215
vn -0.9997 -0.0057 -0.0223
vn -0.9999 -0.0041 -0.0145
vn -0.9997 -0.0087 -0.0210
vn -0.9998 -0.0063 -0.0165
vn -0.9998 -0.0091 -0.0157
vn -0.9998 -0.0091 -0.0158
vn -0.9998 -0.0089 -0.0176
vn -0.9998 -0.0062 -0.0164
vn -0.9998 -0.0064 -0.0165
vn -0.9998 -0.0089 -0.0177
vn 0.0647 0.7001 -0.7111
vn -0.0299 0.9770 0.2113
vn -0.0443 -0.9859 0.1616
vn -0.9997 0.0114 0.0200
vn -0.9998 0.0080 0.0165
vn -0.9995 0.0092 0.0314
vn -0.9994 0.0117 0.0339
vn -0.9996 0.0125 0.0253
vn -0.9996 0.0125 0.0252
vn -0.9996 0.0126 0.0256
vn -0.9999 0.0063 0.0104
vn -1.0000 0.0081 0.0039
vn -0.9890 0.0621 0.1343
vn -0.9932 0.0492 0.1056
vn -0.9933 0.0504 0.1037
vn -0.9953 0.0512 0.0824
vn -0.9972 0.0253 0.0701
vn -0.9963 0.0301 0.0810
vn -0.9962 0.0304 0.0812
vn -0.9963 0.0296 0.0801
vn -1.0000 0.0020 0.0056
vn -1.0000 0.0020 0.0055
vn -1.0000 0.0029 0.0064
vn -1.0000 -0.0031 0.0009
vn -1.0000 -0.0017 0.0057
vn -0.9998 0.0163 0.0063
vn -0.9998 0.0091 0.0151
vn -1.0000 0.0006 0.0044
vn -1.0000 0.0065 0.0055
vn -1.0000 0.0015 0.0038
vn -1.0000 0.0019 0.0043
vn -0.1706 0.4118 0.8951
vn -0.0000 0.9995 0.0300
vn 0.7883 0.6153 0.0048
vn 0.2703 0.9628 -0.0020
vn 1.0000 0.0002 -0.0001
vn 1.0000 0.0079 0.0007
g nakladki_low_nakladki_low_Cube:005.001_body
usemtl body
s 1
f 3508/6502/3906 3509/6503/3907 3510/6504/3908
f 3511/6505/3909 3512/6506/3910 3513/6507/3911
f 3514/6508/3912 3515/6509/3913 3516/6510/3914
f 3517/6511/3915 3510/6504/3908 3518/6512/3916
f 3513/6507/3917 3519/6513/3918 3520/6514/3919
f 3514/6508/3912 3521/6515/3920 3522/6516/3921
f 3523/6517/3922 3518/6512/3916 3524/6518/3923
f 3520/6514/3919 3525/6519/3924 3526/6520/3925
f 3522/6516/3921 3527/6521/3926 3528/6522/3927
f 3523/6517/3922 3529/6523/3928 3530/6524/3929
f 3526/6520/3930 3531/6525/3931 3532/6526/3932
f 3528/6522/3927 3533/6527/3933 3534/6528/3934
f 3535/6529/3935 3536/6530/3936 3537/6531/3937
f 3530/6524/3938 3538/6532/3939 3539/6533/3940
f 3540/6534/3941 3531/6525/3931 3541/6535/3942
f 3534/6528/3934 3542/6536/3943 3535/6529/3935
f 3537/6537/3937 3543/6538/3944 3544/6539/3945
f 3545/6540/3946 3538/6532/3947 3546/6541/3948
f 3547/6542/3949 3541/6535/3942 3548/6543/3950
f 3544/6539/3945 3549/6544/3951 3550/6545/3952
f 3551/6546/3953 3546/6541/3954 3552/6547/3955
f 3553/6548/3956 3548/6543/3950 3509/6503/3907
f 3550/6545/3952 3554/6549/3957 3511/6505/3909
f 3555/6550/3958 3552/6547/3955 3515/6509/3913
f 3517/6551/3959 3556/6552/3960 3508/6553/3961
f 3557/6554/3962 3558/6555/3963 3559/6556/3964
f 3520/6557/3965 3560/6558/3966 3513/6559/3967
f 3522/6560/3968 3561/6561/3969 3514/6562/3970
f 3523/6563/3971 3562/6564/3972 3517/6551/3959
f 3526/6565/3973 3563/6566/3974 3520/6557/3975
f 3528/6567/3976 3564/6568/3977 3522/6560/3978
f 3530/6569/3979 3565/6570/3980 3523/6563/3971
f 3532/6571/3981 3566/6572/3982 3526/6565/3973
f 3534/6573/3983 3567/6574/3984 3528/6567/3976
f 3537/6575/3985 3568/6576/3986 3535/6577/3987
f 3539/6578/3988 3569/6579/3989 3530/6569/3979
f 3540/6580/3990 3570/6581/3991 3532/6571/3981
f 3535/6577/3987 3557/6582/3992 3534/6573/3983
f 3544/6583/3993 3571/6584/3994 3537/6585/3985
f 3545/6586/3995 3572/6587/3996 3539/6578/3988
f 3547/6588/3997 3573/6589/3998 3540/6580/3999
f 3550/6590/4000 3574/6591/4001 3544/6583/3993
f 3551/6592/4002 3575/6593/4003 3545/6586/4004
f 3553/6594/4005 3576/6595/4006 3547/6588/3997
f 3511/6596/4007 3577/6597/4008 3550/6590/4000
f 3555/6598/4009 3578/6599/4010 3551/6592/4002
f 3508/6553/3961 3579/6600/4011 3553/6594/4005
f 3513/6559/3967 3580/6601/4012 3511/6596/4007
f 3514/6562/3970 3581/6602/4013 3555/6598/4009
f 3582/6603/4014 3583/6604/4014 3584/6605/4014
f 3571/6606/4015 3585/6607/4016 3586/6608/4015
f 3575/6609/4017 3587/6610/4018 3572/6611/4019
f 3573/6612/4020 3588/6613/4021 3589/6614/4020
f 3574/6615/4022 3590/6616/4023 3585/6607/4016
f 3575/6609/4024 3591/6617/4025 3592/6618/4024
f 3576/6619/4026 3593/6620/4027 3588/6613/4021
f 3580/6621/4028 3590/6616/4023 3577/6622/4023
f 3578/6623/4029 3594/6624/4030 3591/6617/4025
f 3579/6625/4031 3584/6626/4032 3593/6620/4027
f 3580/6621/4028 3595/6627/4033 3596/6628/4028
f 3561/6629/4034 3594/6624/4030 3581/6630/4030
f 3556/6631/4035 3597/6632/4036 3584/6626/4037
f 3560/6633/4038 3598/6634/4039 3595/6627/4033
f 3564/6635/4040 3599/6636/4041 3561/6629/4034
f 3565/6637/4042 3597/6632/4036 3562/6638/4036
f 3563/6639/4043 3600/6640/4044 3598/6634/4039
f 3564/6635/4040 3601/6641/4045 3602/6642/4040
f 3565/6637/4042 3603/6643/4046 3604/6644/4042
f 3570/6645/4047 3600/6640/4044 3566/6646/4044
f 3557/6554/4048 3601/6641/4045 3567/6647/4045
f 3571/6648/4015 3558/6555/3963 3568/6649/3963
f 3572/6611/4019 3603/6643/4049 3569/6650/4049
f 3573/6612/4020 3605/6651/4050 3570/6645/4047
f 3606/6652/4014 3607/6653/4014 3599/6654/4014
f 3608/6655/4014 3609/6656/4014 3610/6657/4014
f 3606/6652/4014 3601/6658/4014 3559/6659/4014
f 3606/6660/4051 3609/6661/4051 3607/6662/4051
f 3607/6663/4052 3608/6664/4052 3582/6665/4052
f 3582/6666/4053 3611/6667/4053 3583/6668/4053
f 3583/6604/4014 3612/6669/4014 3605/6670/4014
f 3607/6653/4014 3582/6603/4014 3587/6671/4014
f 3583/6672/4054 3613/6673/4054 3612/6674/4054
f 3614/6675/4014 3585/6676/4014 3590/6677/4014
f 3612/6678/4055 3610/6679/4055 3614/6680/4055
f 3614/6681/4056 3615/6682/4056 3606/6683/4056
f 3552/6684/4057 3616/6685/4058 3617/6686/4059
f 3515/6687/4060 3617/6686/4059 3618/6688/4061
f 3529/6523/3928 3524/6518/3923 3619/6689/4062
f 3546/6541/3948 3620/6690/4063 3616/6691/4064
f 3538/6532/3939 3619/6689/4065 3620/6690/4066
f 3621/6692/4067 3622/6693/4068 3623/6694/4069
f 3624/6695/4070 3625/6696/4071 3626/6697/4072
f 3627/6698/4073 3628/6699/4074 3629/6700/4075
f 3621/6692/4067 3630/6701/4076 3631/6702/4077
f 3632/6703/4078 3625/6696/4071 3633/6704/4079
f 3634/6705/4080 3629/6700/4075 3635/6706/4081
f 3631/6702/4077 3636/6707/4082 3637/6708/4083
f 3638/6709/4084 3633/6704/4079 3639/6710/4085
f 3634/6705/4080 3640/6711/4086 3641/6712/4087
f 3637/6708/4083 3642/6713/4088 3643/6714/4089
f 3644/6715/4090 3639/6710/4085 3645/6716/4091
f 3641/6712/4087 3646/6717/4092 3647/6718/4093
f 3648/6719/4094 3649/6720/4095 3650/6721/4096
f 3643/6714/4089 3651/6722/4097 3652/6723/4098
f 3653/6724/4099 3645/6716/4091 3654/6725/4100
f 3647/6726/4093 3655/6727/4101 3648/6719/4094
f 3650/6721/4096 3656/6728/4102 3657/6729/4103
f 3658/6730/4104 3651/6722/4105 3659/6731/4106
f 3660/6732/4107 3654/6725/4100 3661/6733/4108
f 3657/6729/4103 3662/6734/4109 3663/6735/4110
f 3664/6736/4111 3659/6731/4106 3665/6737/4112
f 3666/6738/4113 3661/6733/4108 3622/6693/4068
f 3663/6735/4110 3667/6739/4114 3624/6695/4070
f 3668/6740/4115 3665/6737/4112 3628/6699/4074
f 3669/6741/4116 3670/6742/4117 3671/6743/4118
f 3672/6744/4119 3673/6745/4120 3670/6742/4117
f 3674/6746/4121 3675/6747/4122 3676/6748/4123
f 3677/6749/4124 3678/6750/4125 3675/6747/4122
f 3677/6749/4124 3679/6751/4126 3680/6752/4127
f 3681/6753/4128 3680/6752/4127 3679/6751/4129
f 3680/6752/4127 3678/6750/4125 3677/6749/4124
f 3681/6753/4128 3679/6751/4126 3682/6754/4130
f 3677/6749/4124 3675/6747/4122 3674/6746/4121
f 3674/6746/4121 3676/6748/4123 3683/6755/4123
f 3681/6756/4131 3684/6757/4132 3680/6758/4133
f 3685/6759/4134 3686/6760/4135 3687/6761/4136
f 3685/6759/4134 3687/6761/4136 3688/6762/4137
f 3685/6759/4138 3689/6763/4139 3681/6756/4131
f 3681/6756/4131 3690/6764/4140 3691/6765/4141
f 3681/6756/4131 3691/6765/4141 3684/6757/4132
f 3692/6766/4142 3686/6767/4143 3685/6768/4144
f 3681/6756/4131 3689/6763/4139 3693/6769/4145
f 3681/6756/4131 3693/6769/4145 3690/6764/4140
f 3694/6770/4146 3695/6771/4147 3696/6772/4148
f 3697/6773/4149 3698/6774/4150 3699/6775/4151
f 3700/6776/4152 3694/6770/4146 3698/6774/4150
f 3701/6777/4153 3685/6778/4153 3702/6779/4154
f 3695/6780/4155 3703/6781/4156 3696/6782/4157
f 3697/6783/4158 3704/6784/4159 3700/6785/4160
f 3705/6786/4161 3659/6787/4162 3651/6788/4163
f 3706/6789/4164 3707/6790/4164 3708/6791/4164
f 3700/6785/4160 3709/6792/4165 3695/6780/4155
f 3710/6793/4166 3711/6794/4167 3673/6745/4120
f 3712/6795/4168 3713/6796/4169 3697/6783/4158
f 3671/6743/4118 3714/6797/4170 3669/6741/4116
f 3682/6798/4171 3685/6799/4172 3681/6800/4173
f 3715/6801/4174 3716/6802/4175 3706/6803/4176
f 3717/6804/4164 3670/6805/4164 3673/6806/4164
f 3696/6782/4157 3718/6807/4177 3719/6808/4178
f 3707/6790/4164 3703/6809/4164 3720/6810/4164
f 3720/6810/4164 3709/6811/4164 3704/6812/4164
f 3674/6813/4164 3721/6814/4164 3722/6815/4164
f 3701/6816/4164 3723/6817/4164 3724/6818/4164
f 3725/6819/4164 3679/6820/4164 3726/6821/4164
f 3720/6810/4164 3704/6812/4164 3713/6822/4164
f 3720/6810/4164 3713/6822/4164 3727/6823/4164
f 3723/6824/4164 3682/6825/4164 3725/6826/4164
f 3726/6821/4164 3677/6827/4164 3728/6828/4164
f 3677/6827/4164 3722/6815/4164 3728/6828/4164
f 3720/6810/4164 3703/6809/4164 3709/6811/4164
f 3717/6804/4164 3671/6829/4164 3670/6805/4164
f 3717/6804/4164 3729/6830/4164 3671/6829/4164
f 3730/6831/4179 3731/6832/4180 3694/6770/4146
f 3732/6833/4164 3733/6834/4164 3734/6835/4164
f 3731/6832/4180 3698/6774/4150 3694/6770/4146
f 3731/6832/4180 3730/6831/4179 3735/6836/4181
f 3735/6836/4181 3730/6831/4179 3736/6837/4182
f 3737/6838/4183 3736/6837/4182 3730/6831/4179
f 3698/6774/4150 3738/6839/4184 3739/6840/4185
f 3740/6841/4186 3699/6775/4151 3698/6774/4150
f 3698/6774/4150 3731/6832/4180 3738/6839/4184
f 3739/6840/4185 3740/6841/4186 3698/6774/4150
f 3736/6842/4187 3741/6843/4188 3735/6844/4189
f 3740/6845/4190 3742/6846/4191 3743/6847/4192
f 3739/6848/4193 3744/6849/4194 3742/6846/4191
f 3735/6844/4189 3745/6850/4195 3731/6851/4196
f 3738/6852/4197 3745/6850/4195 3744/6849/4194
f 3737/6853/4198 3746/6854/4199 3736/6842/4187
f 3699/6855/4200 3743/6847/4192 3734/6856/4201
f 3734/6856/4201 3747/6857/4202 3699/6855/4200
f 3748/6858/4203 3692/6859/4204 3701/6860/4205
f 3744/6861/4164 3749/6862/4164 3742/6863/4164
f 3741/6864/4164 3750/6865/4164 3751/6866/4164
f 3745/6867/4164 3752/6868/4164 3744/6861/4164
f 3745/6867/4164 3741/6864/4164 3751/6866/4164
f 3743/6869/4164 3742/6863/4164 3749/6862/4164
f 3720/6870/4164 3733/6834/4164 3732/6833/4164
f 3712/6871/4206 3733/6872/4207 3727/6873/4208
f 3697/6773/4149 3747/6874/4209 3712/6875/4210
f 3680/6876/4211 3684/6877/4212 3753/6878/4213
f 3689/6879/4214 3617/6686/4059 3693/6880/4215
f 3519/6881/4216 3512/6882/4216 3754/6883/4217
f 3693/6880/4215 3619/6884/4218 3524/6885/4218
f 3691/6886/4219 3753/6878/4213 3684/6877/4212
f 3748/6887/4164 3701/6816/4164 3724/6818/4164
f 3724/6888/4164 3746/6889/4164 3748/6890/4164
f 3743/6869/4164 3732/6891/4164 3734/6892/4164
f 3755/6893/4220 3625/6894/4221 3667/6895/4222
f 3631/6896/4223 3756/6897/4224 3621/6898/4225
f 3705/6786/4161 3694/6770/4146 3696/6772/4148
f 3757/6899/4226 3622/6900/4227 3661/6901/4228
f 3669/6902/4229 3758/6903/4230 3672/6904/4231
f 3755/6893/4220 3672/6904/4231 3758/6903/4232
f 3715/6905/4233 3646/6906/4234 3640/6907/4235
f 3759/6908/4236 3760/6909/4237 3761/6910/4238
f 3632/6911/4239 3762/6912/4240 3626/6913/4241
f 3634/6914/4242 3763/6915/4243 3627/6916/4244
f 3637/6917/4245 3764/6918/4246 3631/6896/4223
f 3638/6919/4247 3765/6920/4248 3632/6911/4239
f 3641/6921/4249 3766/6922/4250 3634/6914/4242
f 3643/6923/4251 3767/6924/4252 3637/6917/4245
f 3644/6925/4253 3768/6926/4254 3638/6919/4247
f 3647/6927/4255 3769/6928/4256 3641/6921/4257
f 3650/6929/4258 3759/6930/4259 3648/6931/4260
f 3652/6932/4261 3770/6933/4262 3643/6923/4251
f 3653/6934/4263 3771/6935/4264 3644/6925/4253
f 3648/6931/4265 3761/6936/4266 3647/6937/4267
f 3657/6938/4268 3772/6939/4269 3650/6929/4270
f 3658/6940/4271 3773/6941/4272 3652/6932/4261
f 3660/6942/4273 3774/6943/4274 3653/6934/4263
f 3663/6944/4275 3775/6945/4276 3657/6938/4268
f 3664/6946/4277 3776/6947/4278 3658/6940/4271
f 3666/6948/4279 3777/6949/4280 3660/6942/4281
f 3624/6950/4282 3778/6951/4283 3663/6944/4275
f 3668/6952/4284 3779/6953/4285 3664/6946/4277
f 3621/6898/4225 3780/6954/4286 3666/6948/4279
f 3626/6913/4287 3781/6955/4288 3624/6950/4282
f 3627/6916/4244 3782/6956/4289 3668/6952/4284
f 3783/6957/4014 3784/6958/4014 3785/6959/4014
f 3775/6960/4290 3786/6961/4291 3772/6962/4292
f 3776/6963/4293 3787/6964/4294 3773/6965/4295
f 3774/6966/4296 3788/6967/4297 3789/6968/4298
f 3778/6969/4299 3790/6970/4300 3775/6960/4290
f 3776/6963/4293 3791/6971/4301 3792/6972/4293
f 3777/6973/4302 3793/6974/4303 3788/6967/4297
f 3781/6975/4304 3794/6976/4305 3778/6969/4299
f 3779/6977/4306 3795/6978/4307 3791/6971/4301
f 3780/6979/4308 3785/6980/4309 3793/6974/4303
f 3762/6981/4310 3796/6982/4311 3781/6975/4304
f 3763/6983/4312 3795/6978/4307 3782/6984/4307
f 3764/6985/4313 3785/6980/4309 3756/6986/4314
f 3762/6981/4310 3797/6987/4315 3798/6988/4310
f 3763/6983/4312 3799/6989/4316 3800/6990/4312
f 3767/6991/4317 3801/6992/4318 3764/6985/4313
f 3765/6993/4319 3802/6994/4320 3797/6987/4315
f 3769/6995/4321 3799/6989/4316 3766/6996/4316
f 3770/6997/4322 3803/6998/4323 3767/6991/4317
f 3771/6999/4324 3802/6994/4320 3768/7000/4320
f 3761/7001/4238 3804/7002/4325 3769/6995/4321
f 3772/6962/4292 3805/7003/4326 3759/6908/4327
f 3773/6965/4295 3806/7004/4328 3770/6997/4322
f 3771/6999/4324 3789/6968/4298 3807/7005/4324
f 3808/7006/4014 3809/7007/4014 3800/7008/4014
f 3810/7009/4014 3811/7010/4014 3812/7011/4014
f 3808/7006/4014 3804/7012/4014 3760/7013/4014
f 3808/7014/4329 3811/7015/4329 3809/7016/4329
f 3809/7017/4330 3810/7018/4330 3783/7019/4330
f 3783/7020/4331 3813/7021/4331 3784/7022/4331
f 3784/6958/4014 3814/7023/4014 3807/7024/4014
f 3809/7007/4014 3783/6957/4014 3787/7025/4014
f 3784/7026/4332 3815/7027/4332 3814/7028/4332
f 3816/7029/4014 3790/7030/4014 3794/7031/4014
f 3814/7032/4333 3812/7033/4333 3816/7034/4333
f 3816/7035/4334 3817/7036/4334 3808/7037/4334
f 3527/7038/4335 3521/7039/4336 3818/7040/4337
f 3680/6876/4211 3758/6903/4230 3669/6902/4229
f 3688/7041/4338 3730/6831/4179 3694/6770/4146
f 3688/7041/4338 3705/6786/4161 3689/6879/4214
f 3721/7042/4164 3729/7043/4164 3717/7044/4164
f 3678/7045/4339 3819/7046/4340 3669/6902/4229
f 3675/7047/4341 3714/7048/4342 3676/7049/4343
f 3676/7050/4344 3729/7051/4345 3683/7052/3974
f 3818/7040/4337 3705/6786/4161 3820/7053/4346
f 3821/7054/4347 3755/6893/4220 3754/6883/4217
f 3687/7055/4348 3737/6838/4183 3730/6831/4179
f 3754/6883/4217 3758/6903/4232 3753/6878/4213
f 3819/7046/4340 3680/6876/4211 3669/6902/4229
f 3821/7054/4347 3820/7053/4346 3757/6899/4226
f 3675/7047/4341 3678/7045/4339 3669/6902/4229
f 3822/7056/4349 3823/7057/4350 3824/7058/4351
f 3825/7059/4352 3826/7060/4353 3827/7061/4354
f 3828/7062/4355 3829/7063/4356 3830/7064/4357
f 3831/7065/4358 3832/7066/4359 3822/7056/4349
f 3833/7067/4360 3827/7061/4361 3834/7068/4362
f 3835/7069/4363 3828/7062/4355 3836/7070/4364
f 3837/7071/4365 3838/7072/4366 3831/7065/4358
f 3839/7073/4367 3834/7068/4362 3840/7074/4368
f 3841/7075/4369 3836/7070/4364 3842/7076/4370
f 3843/7077/4371 3837/7071/4365 3844/7078/4372
f 3845/7079/4373 3840/7074/4374 3846/7080/4375
f 3847/7081/4376 3842/7076/4370 3848/7082/4377
f 3849/7083/4378 3850/7084/4379 3851/7085/4380
f 3852/7086/4381 3844/7078/4382 3853/7087/4383
f 3854/7088/4384 3845/7079/4373 3846/7080/4375
f 3855/7089/4385 3848/7082/4377 3850/7084/4379
f 3856/7090/4386 3851/7085/4380 3857/7091/4387
f 3858/7092/4388 3852/7086/4389 3853/7087/4383
f 3859/7093/4390 3860/7094/4391 3854/7088/4384
f 3861/7095/4392 3857/7096/4387 3862/7097/4393
f 3863/7098/4394 3864/7099/4395 3858/7092/4388
f 3824/7058/4396 3865/7100/4397 3859/7093/4390
f 3866/7101/4398 3862/7097/4393 3826/7060/4353
f 3830/7064/4357 3867/7102/4399 3863/7098/4394
f 3868/7103/3960 3831/7104/3959 3822/7105/3961
f 3869/7106/4400 3870/7107/4401 3871/7108/4401
f 3872/7109/3966 3834/7110/3965 3827/7111/3967
f 3873/7112/3969 3836/7113/3968 3828/7114/3970
f 3874/7115/3972 3837/7116/3971 3831/7104/3959
f 3875/7117/3974 3840/7118/3973 3834/7110/3965
f 3876/7119/3977 3842/7120/3976 3836/7113/3968
f 3877/7121/3980 3844/7122/3979 3837/7116/3971
f 3878/7123/3982 3846/7124/3981 3840/7118/3973
f 3879/7125/3984 3848/7126/3983 3842/7120/3976
f 3871/7127/3986 3851/7128/3985 3850/7129/3987
f 3880/7130/3989 3853/7131/3988 3844/7122/3979
f 3881/7132/3991 3854/7133/3990 3846/7124/3981
f 3869/7134/3992 3850/7129/3987 3848/7126/3983
f 3882/7135/3994 3857/7136/3993 3851/7128/3985
f 3883/7137/3996 3858/7138/3995 3853/7131/3988
f 3884/7139/3998 3859/7140/3997 3854/7133/3990
f 3885/7141/4001 3862/7142/4000 3857/7143/3993
f 3886/7144/4003 3863/7145/4002 3858/7138/3995
f 3887/7146/4006 3824/7147/4005 3859/7140/3997
f 3888/7148/4008 3826/7149/4007 3862/7142/4000
f 3889/7150/4010 3830/7151/4009 3863/7145/4002
f 3890/7152/4011 3822/7105/3961 3824/7147/4005
f 3891/7153/4012 3827/7111/3967 3826/7149/4007
f 3892/7154/4013 3828/7114/3970 3830/7151/4009
f 3893/7155/4164 3894/7156/4164 3895/7157/4164
f 3882/7158/4402 3896/7159/4403 3885/7160/4404
f 3897/7161/4405 3886/7162/4406 3883/7163/4407
f 3884/7164/4408 3898/7165/4409 3887/7166/4410
f 3885/7167/4411 3899/7168/4412 3888/7169/4412
f 3886/7162/4406 3900/7170/4413 3889/7171/4414
f 3887/7166/4410 3901/7172/4415 3890/7173/4416
f 3899/7168/4412 3891/7174/4417 3888/7169/4412
f 3889/7171/4414 3902/7175/4418 3892/7176/4418
f 3890/7173/4416 3894/7177/4419 3868/7178/4420
f 3891/7174/4417 3903/7179/4421 3872/7180/4422
f 3902/7175/4418 3873/7181/4423 3892/7176/4418
f 3868/7178/4420 3893/7182/4424 3874/7183/4424
f 3872/7180/4425 3904/7184/4426 3875/7185/4427
f 3905/7186/4428 3876/7187/4429 3873/7181/4423
f 3893/7182/4424 3877/7188/4430 3874/7183/4424
f 3875/7185/4427 3906/7189/4431 3878/7190/4431
f 3876/7187/4429 3907/7191/4432 3879/7192/4432
f 3877/7188/4433 3908/7193/4434 3880/7194/4434
f 3906/7189/4435 3881/7195/4436 3878/7190/4431
f 3907/7191/4432 3869/7106/4437 3879/7192/4432
f 3870/7107/4401 3882/7158/4402 3871/7108/4401
f 3908/7193/4438 3883/7163/4439 3880/7194/4438
f 3909/7196/4440 3884/7164/4408 3881/7195/4436
f 3910/7197/4164 3905/7198/4164 3911/7199/4164
f 3912/7200/4164 3913/7201/4164 3914/7202/4164
f 3911/7199/4164 3915/7203/4164 3870/7204/4164
f 3916/7205/4051 3911/7206/4051 3917/7207/4051
f 3918/7208/4052 3917/7209/4052 3895/7210/4052
f 3912/7211/4053 3895/7212/4053 3919/7213/4053
f 3920/7214/4164 3909/7215/4164 3919/7216/4164
f 3921/7217/4164 3897/7218/4164 3917/7219/4164
f 3913/7220/4054 3919/7221/4054 3922/7222/4054
f 3922/7223/4164 3904/7224/4164 3903/7225/4164
f 3914/7226/4055 3922/7227/4055 3915/7228/4055
f 3923/7229/4056 3915/7230/4056 3911/7231/4056
f 3867/7232/4441 3924/7233/4442 3864/7234/4443
f 3829/7235/4444 3924/7233/4442 3867/7232/4441
f 3925/7236/4445 3926/7237/4446 3927/7238/4447
f 3928/7239/4448 3929/7240/4449 3930/7241/4450
f 3931/7242/4451 3932/7243/4452 3933/7244/4453
f 3934/7245/4454 3925/7236/4455 3935/7246/4456
f 3936/7247/4457 3928/7239/4448 3930/7241/4450
f 3937/7248/4458 3938/7249/4459 3931/7242/4451
f 3939/7250/4460 3935/7246/4456 3940/7251/4461
f 3941/7252/4462 3942/7253/4463 3936/7247/4457
f 3943/7254/4464 3937/7248/4458 3944/7255/4465
f 3945/7256/4466 3940/7251/4461 3946/7257/4467
f 3947/7258/4468 3948/7259/4469 3941/7252/4462
f 3949/7260/4470 3944/7255/4465 3950/7261/4471
f 3951/7262/4472 3952/7263/4473 3953/7264/4474
f 3954/7265/4475 3946/7257/4467 3955/7266/4476
f 3956/7267/4477 3957/7268/4478 3947/7258/4468
f 3958/7269/4479 3950/7261/4471 3952/7270/4473
f 3959/7271/4480 3953/7264/4474 3960/7272/4481
f 3961/7273/4482 3954/7265/4483 3955/7266/4476
f 3962/7274/4484 3963/7275/4485 3956/7267/4477
f 3964/7276/4486 3960/7272/4481 3965/7277/4487
f 3966/7278/4488 3967/7279/4489 3961/7273/4482
f 3927/7238/4447 3968/7280/4490 3962/7274/4484
f 3969/7281/4491 3965/7277/4487 3929/7240/4449
f 3933/7244/4453 3970/7282/4492 3966/7278/4488
f 3971/7283/4493 3972/7284/4494 3973/7285/4495
f 3973/7286/4496 3974/7287/4497 3975/7288/4498
f 3976/7289/4121 3977/7290/4123 3978/7291/4499
f 3979/7292/4500 3978/7291/4499 3980/7293/4501
f 3979/7292/4500 3981/7294/4502 3982/7295/4503
f 3983/7296/4504 3982/7295/4503 3981/7294/4502
f 3980/7293/4501 3981/7294/4502 3979/7292/4500
f 3983/7296/4504 3984/7297/4130 3982/7295/4503
f 3979/7292/4500 3976/7289/4121 3978/7291/4499
f 3976/7289/4121 3985/7298/4123 3977/7290/4123
f 3983/7299/4505 3981/7300/4506 3986/7301/4507
f 3987/7302/4508 3988/7303/4509 3989/7304/4510
f 3987/7302/4508 3990/7305/4511 3988/7303/4509
f 3987/7302/4508 3991/7306/4512 3990/7305/4511
f 3983/7299/4505 3992/7307/4513 3993/7308/4514
f 3983/7299/4505 3986/7301/4507 3992/7307/4513
f 3994/7309/4515 3989/7310/4516 3995/7311/4517
f 3983/7299/4505 3996/7312/4518 3991/7306/4512
f 3983/7299/4505 3993/7308/4514 3996/7312/4518
f 3997/7313/4519 3998/7314/4520 3999/7315/4521
f 4000/7316/4522 3997/7313/4519 3999/7315/4521
f 4001/7317/4523 3987/7318/4523 3994/7319/4524
f 3998/7320/4525 4002/7321/4526 3999/7322/4527
f 4003/7323/4528 3995/7324/4158 4000/7325/4529
f 3967/7326/4530 3970/7327/4531 3998/7314/4520
f 4004/7328/4532 4005/7329/4533 4006/7330/4534
f 4002/7321/4526 4000/7325/4529 3999/7322/4527
f 3975/7288/4498 4007/7331/4535 4008/7332/4536
f 4009/7333/4537 3994/7334/4538 3995/7324/4158
f 4010/7335/4539 4011/7336/4540 3971/7283/4493
f 3987/7337/4541 3984/7338/4541 3983/7339/4173
f 4012/7340/4542 3976/7341/4014 4013/7342/4014
f 4014/7343/4014 4001/7344/4014 4015/7345/4543
f 4016/7346/4014 3982/7347/4014 3984/7348/4014
f 4002/7349/4544 4017/7350/4545 4003/7351/4546
f 4014/7352/4014 3984/7353/4014 4018/7354/4014
f 4019/7355/4014 3979/7356/4014 3982/7347/4014
f 4013/7342/4014 3979/7356/4014 4020/7357/4014
f 3981/7358/4547 4021/7359/4548 3986/7360/4549
f 3991/7361/4550 3924/7233/4442 4022/7362/4551
f 3992/7363/4552 4023/7364/4553 3839/7365/4554
f 3996/7366/4555 4024/7367/4556 3843/7368/4557
f 3992/7363/4552 4021/7359/4548 4023/7364/4553
f 4025/7369/4558 3928/7370/4559 3942/7371/4560
f 4026/7372/4224 3935/7373/4223 3925/7374/4225
f 4027/7375/4561 3998/7314/4520 3997/7313/4562
f 4028/7376/4563 3968/7377/4564 3926/7378/4565
f 3971/7379/4566 3973/7380/4567 4029/7381/4568
f 3973/7380/4567 4025/7369/4558 4029/7381/4568
f 4030/7382/4569 3943/7383/4570 3949/7384/4571
f 4031/7385/4572 4032/7386/4573 4033/7387/4574
f 4034/7388/4240 3936/7389/4239 3930/7390/4287
f 4035/7391/4243 3937/7392/4242 3931/7393/4244
f 4036/7394/4246 3940/7395/4245 3935/7373/4223
f 4037/7396/4248 3941/7397/4247 3936/7389/4239
f 4038/7398/4250 3944/7399/4249 3937/7392/4242
f 4039/7400/4252 3946/7401/4251 3940/7395/4245
f 4040/7402/4254 3947/7403/4253 3941/7397/4247
f 4041/7404/4256 3950/7405/4255 3944/7399/4249
f 4032/7406/4259 3953/7407/4258 3952/7408/4265
f 4042/7409/4262 3955/7410/4261 3946/7401/4251
f 4043/7411/4264 3956/7412/4263 3947/7403/4253
f 4033/7413/4266 3952/7414/4265 3950/7405/4255
f 4044/7415/4269 3960/7416/4268 3953/7407/4258
f 4045/7417/4272 3961/7418/4271 3955/7410/4261
f 4046/7419/4274 3962/7420/4273 3956/7412/4263
f 4047/7421/4276 3965/7422/4275 3960/7416/4268
f 4048/7423/4278 3966/7424/4277 3961/7418/4271
f 4049/7425/4280 3927/7426/4279 3962/7420/4273
f 4050/7427/4283 3929/7428/4282 3965/7422/4275
f 4051/7429/4285 3933/7430/4284 3966/7424/4277
f 4052/7431/4286 3925/7374/4225 3927/7426/4279
f 4053/7432/4288 3930/7390/4287 3929/7428/4282
f 4054/7433/4289 3931/7393/4244 3933/7430/4284
f 4055/7434/4164 4056/7435/4164 4057/7436/4164
f 4058/7437/4575 4047/7438/4576 4044/7439/4577
f 4059/7440/4578 4048/7441/4579 4045/7442/4580
f 4046/7443/4581 4060/7444/4582 4049/7445/4583
f 4061/7446/4584 4050/7447/4585 4047/7438/4576
f 4048/7441/4579 4062/7448/4586 4051/7449/4587
f 4049/7445/4583 4063/7450/4588 4052/7451/4589
f 4064/7452/4590 4053/7453/4591 4050/7447/4585
f 4051/7449/4592 4065/7454/4593 4054/7455/4593
f 4052/7451/4589 4056/7456/4594 4026/7457/4595
f 4066/7458/4596 4034/7459/4597 4053/7453/4591
f 4065/7454/4593 4035/7460/4598 4054/7455/4593
f 4056/7456/4594 4036/7461/4599 4026/7457/4595
f 4034/7459/4597 4067/7462/4600 4037/7463/4601
f 4035/7460/4598 4068/7464/4602 4038/7465/4602
f 4055/7466/4603 4039/7467/4604 4036/7461/4599
f 4037/7463/4605 4069/7468/4606 4040/7469/4606
f 4068/7464/4602 4041/7470/4607 4038/7465/4602
f 4070/7471/4608 4042/7472/4609 4039/7467/4604
f 4069/7468/4606 4043/7473/4610 4040/7469/4606
f 4071/7474/4611 4033/7387/4574 4041/7470/4607
f 4072/7475/4612 4044/7439/4577 4032/7476/4613
f 4073/7477/4614 4045/7442/4580 4042/7472/4609
f 4043/7473/4610 4074/7478/4615 4046/7443/4581
f 4068/7479/4164 4075/7480/4164 4076/7481/4164
f 4077/7482/4164 4078/7483/4164 4079/7484/4164
f 4076/7481/4164 4080/7485/4164 4072/7486/4164
f 4081/7487/4329 4076/7488/4329 4082/7489/4329
f 4083/7490/4330 4082/7491/4330 4057/7492/4330
f 4077/7493/4331 4057/7494/4331 4084/7495/4331
f 4074/7496/4164 4085/7497/4164 4084/7498/4164
f 4086/7499/4164 4059/7500/4164 4082/7501/4164
f 4078/7502/4332 4084/7503/4332 4087/7504/4332
f 4087/7505/4164 4067/7506/4164 4088/7507/4164
f 4079/7508/4333 4087/7509/4333 4080/7510/4333
f 4089/7511/4334 4080/7512/4334 4076/7513/4334
f 4022/7362/4551 3835/7514/4616 3841/7515/4616
f 3981/7358/4547 4029/7381/4568 4021/7359/4548
f 3997/7313/4519 3988/7516/4617 3990/7517/4618
f 4027/7375/4561 3990/7517/4618 3991/7361/4550
f 3980/7518/4619 3971/7379/4566 4090/7519/4620
f 4010/7520/4621 3978/7521/4622 3977/7522/4623
f 4091/7523/4624 3977/7524/4624 3985/7525/3974
f 4022/7362/4551 4027/7375/4561 3991/7361/4550
f 4025/7369/4558 4092/7526/4625 4023/7364/4553
f 3988/7516/4617 3995/7311/4517 3989/7310/4516
f 4029/7381/4568 4023/7364/4553 4021/7359/4548
f 4090/7519/4620 3971/7379/4626 3981/7358/4547
f 4028/7376/4563 4022/7362/4551 4092/7526/4627
f 3978/7521/4622 3971/7379/4626 3980/7518/4619
f 4093/7527/4628 4094/7528/4629 4095/7529/4630
f 4093/7530/4631 3998/7320/4525 4096/7531/4632
f 4030/7532/4633 4004/7533/4634 4097/7534/4635
f 4005/7329/4533 4098/7535/4636 4006/7330/4534
f 4006/7330/4534 4099/7536/4637 4094/7528/4629
f 4005/7329/4533 4100/7537/4638 4101/7538/4639
f 4101/7538/4640 4102/7539/4641 4098/7535/4642
f 4099/7536/4643 4102/7539/4644 4103/7540/4645
f 4101/7538/4640 4104/7541/4646 4105/7542/4647
f 4106/7543/4648 3972/7284/4494 4100/7537/4638
f 3972/7284/4649 4106/7543/4648 3974/7544/4650
f 4104/7541/4646 3972/7284/4494 4011/7336/4540
f 4099/7536/4643 4017/7350/4545 4002/7349/4544
f 4099/7536/4643 4002/7349/4544 4094/7528/4629
f 4002/7349/4544 4095/7529/4630 4094/7528/4629
f 4107/7545/4651 4007/7546/4652 4005/7329/4533
f 4093/7527/4628 4004/7328/4532 4006/7330/4534
f 4097/7547/4653 4096/7548/4654 4108/7549/4655
f 4008/7550/4656 4030/7382/4569 3951/7551/4657
f 4093/7530/4631 4097/7534/4635 4004/7533/4634
f 4008/7332/4536 4107/7552/4658 4030/7532/4633
f 4007/7546/4652 4106/7543/4648 4005/7329/4533
f 3711/7553/4164 3706/6789/4164 3708/6791/4164
f 3716/7554/4164 3718/7555/4164 3707/6790/4164
f 3719/7556/4659 4109/7557/4660 3635/7558/4661
f 3715/6905/4233 4110/7559/4662 3649/7560/4219
f 3716/6802/4175 3719/6808/4178 3718/6807/4177
f 3706/6803/4176 4110/7561/4663 3715/6801/4174
f 3673/6806/4164 3708/6791/4164 3717/6804/4164
f 4015/7562/4543 4009/7563/4014 4003/7564/4664
f 4111/7565/4665 4011/7566/4666 4091/7567/4667
f 4012/7568/4542 4091/7569/4667 3985/7570/4014
f 4009/7571/4014 4015/7345/4543 4001/7344/4014
f 4015/7562/4543 4003/7564/4664 4017/7572/4668
f 4111/7565/4665 4105/7573/4669 4104/7574/4670
f 4112/7575/4671 4103/7576/4672 4102/7577/4673
f 4112/7575/4671 4105/7573/4669 4111/7565/4665
f 4111/7565/4665 4104/7574/4670 4011/7566/4666
f 4015/7562/4543 4017/7572/4668 4103/7576/4672
f 3508/6502/3906 3553/6548/3956 3509/6503/3907
f 3511/6505/3909 3554/6549/3957 3512/6506/3910
f 3514/6508/3912 3555/6550/3958 3515/6509/3913
f 3517/6511/3915 3508/6502/3906 3510/6504/3908
f 3513/6507/3917 3512/6506/3910 3519/6513/4674
f 3514/6508/3912 3516/6510/3914 3521/6515/3920
f 3523/6517/3922 3517/6511/3915 3518/6512/3916
f 3520/6514/3919 3519/6513/3918 3525/6519/3924
f 3522/6516/3921 3521/6515/3920 3527/6521/3926
f 3523/6517/3922 3524/6518/3923 3529/6523/3928
f 3526/6520/4675 3525/6519/3924 3531/6525/3931
f 3528/6522/3927 3527/6521/4676 3533/6527/3933
f 3535/6529/3935 3542/6536/3943 3536/6530/3936
f 3530/6524/3938 3529/6523/3928 3538/6532/3939
f 3540/6534/3941 3532/6526/3932 3531/6525/3931
f 3534/6528/3934 3533/6527/3933 3542/6536/3943
f 3537/6537/3937 3536/7578/3936 3543/6538/3944
f 3545/6540/3946 3539/6533/3940 3538/6532/3939
f 3547/6542/3949 3540/6534/3941 3541/6535/3942
f 3544/6539/3945 3543/6538/3944 3549/6544/3951
f 3551/6546/3953 3545/6540/3946 3546/6541/3948
f 3553/6548/4677 3547/6542/3949 3548/6543/3950
f 3550/6545/3952 3549/6544/3951 3554/6549/3957
f 3555/6550/3958 3551/6546/3953 3552/6547/3955
f 3517/6551/3959 3562/6564/3972 3556/6552/3960
f 3557/6554/3962 3568/6649/3963 3558/6555/3963
f 3520/6557/3965 3563/6566/3974 3560/6558/3966
f 3522/6560/3968 3564/6568/3977 3561/6561/3969
f 3523/6563/3971 3565/6570/3980 3562/6564/3972
f 3526/6565/3973 3566/6572/3982 3563/6566/3974
f 3528/6567/3976 3567/6574/3984 3564/6568/3977
f 3530/6569/3979 3569/6579/3989 3565/6570/3980
f 3532/6571/3981 3570/6581/3991 3566/6572/3982
f 3534/6573/3983 3557/6582/4678 3567/6574/3984
f 3537/6575/3985 3571/7579/4679 3568/6576/3986
f 3539/6578/3988 3572/6587/3996 3569/6579/3989
f 3540/6580/3990 3573/6589/3998 3570/6581/3991
f 3535/6577/3987 3568/6576/3986 3557/6582/3992
f 3544/6583/3993 3574/6591/4001 3571/6584/3994
f 3545/6586/3995 3575/6593/4003 3572/6587/3996
f 3547/6588/3997 3576/6595/4006 3573/6589/3998
f 3550/6590/4000 3577/6597/4008 3574/6591/4001
f 3551/6592/4002 3578/6599/4010 3575/6593/4003
f 3553/6594/4005 3579/6600/4011 3576/6595/4006
f 3511/6596/4007 3580/6601/4012 3577/6597/4008
f 3555/6598/4009 3581/6602/4013 3578/6599/4010
f 3508/6553/3961 3556/6552/3960 3579/6600/4011
f 3513/6559/3967 3560/6558/3966 3580/6601/4012
f 3514/6562/3970 3561/6561/3969 3581/6602/4013
f 3588/7580/4014 3593/7581/4014 3583/6604/4014
f 3593/7581/4014 3584/6605/4014 3583/6604/4014
f 3584/6605/4014 3597/7582/4014 3582/6603/4014
f 3597/7582/4014 3604/7583/4014 3582/6603/4014
f 3571/6606/4015 3574/6615/4022 3585/6607/4016
f 3575/6609/4017 3592/6618/4024 3587/6610/4018
f 3573/6612/4020 3576/6619/4026 3588/6613/4021
f 3574/6615/4680 3577/6622/4023 3590/6616/4023
f 3575/6609/4017 3578/6623/4029 3591/6617/4025
f 3576/6619/4026 3579/6625/4031 3593/6620/4027
f 3580/6621/4028 3596/6628/4028 3590/6616/4023
f 3578/6623/4029 3581/6630/4030 3594/6624/4030
f 3579/6625/4031 3556/6631/4035 3584/6626/4037
f 3580/6621/4028 3560/6633/4681 3595/6627/4033
f 3561/6629/4034 3599/6636/4041 3594/6624/4030
f 3556/6631/4035 3562/6638/4036 3597/6632/4036
f 3560/6633/4038 3563/6639/4043 3598/6634/4039
f 3564/6635/4040 3602/6642/4040 3599/6636/4041
f 3565/6637/4042 3604/6644/4042 3597/6632/4036
f 3563/6639/4043 3566/6646/4044 3600/6640/4044
f 3564/6635/4040 3567/6647/4045 3601/6641/4045
f 3565/6637/4682 3569/6650/4046 3603/6643/4046
f 3570/6645/4047 3605/6651/4050 3600/6640/4044
f 3557/6554/4683 3559/6556/3964 3601/6641/4045
f 3571/6648/4015 3586/7584/4015 3558/6555/3963
f 3572/6611/4019 3587/6610/4018 3603/6643/4046
f 3573/6612/4020 3589/6614/4020 3605/6651/4050
f 3591/7585/4014 3594/7586/4014 3607/6653/4014
f 3594/7586/4014 3599/6654/4014 3607/6653/4014
f 3599/6654/4014 3602/7587/4014 3606/6652/4014
f 3602/7587/4014 3601/6658/4014 3606/6652/4014
f 3609/6656/4014 3615/7588/4014 3610/6657/4014
f 3610/6657/4014 3613/7589/4014 3611/7590/4014
f 3611/7590/4014 3608/6655/4014 3610/6657/4014
f 3558/7591/4014 3586/7592/4014 3614/6675/4014
f 3586/7592/4014 3585/6676/4014 3614/6675/4014
f 3614/6675/4014 3606/6652/4014 3558/7591/4014
f 3558/7591/4014 3606/6652/4014 3559/6659/4014
f 3606/6660/4051 3615/7593/4051 3609/6661/4051
f 3607/6663/4052 3609/7594/4052 3608/6664/4052
f 3582/6666/4053 3608/7595/4053 3611/6667/4053
f 3598/7596/4014 3600/7597/4014 3612/6669/4014
f 3600/7597/4014 3605/6670/4014 3612/6669/4014
f 3605/6670/4014 3589/7598/4014 3583/6604/4014
f 3589/7598/4014 3588/7580/4014 3583/6604/4014
f 3604/7583/4014 3603/7599/4014 3582/6603/4014
f 3603/7599/4014 3587/6671/4014 3582/6603/4014
f 3587/6671/4014 3592/7600/4014 3607/6653/4014
f 3592/7600/4014 3591/7585/4014 3607/6653/4014
f 3583/6672/4054 3611/7601/4054 3613/6673/4054
f 3590/6677/4014 3596/7602/4014 3614/6675/4014
f 3596/7602/4014 3595/7603/4014 3612/6669/4014
f 3595/7603/4014 3598/7596/4014 3612/6669/4014
f 3612/6669/4014 3614/6675/4014 3596/7602/4014
f 3612/6678/4055 3613/7604/4055 3610/6679/4055
f 3614/6681/4056 3610/7605/4056 3615/6682/4056
f 3552/6684/4684 3546/7606/4685 3616/6685/4058
f 3515/6687/4686 3552/6684/4057 3617/6686/4059
f 3546/6541/4687 3538/6532/3939 3620/6690/4066
f 3538/6532/3939 3529/6523/3928 3619/6689/4062
f 3621/6692/4688 3666/6738/4113 3622/6693/4068
f 3624/6695/4070 3667/6739/4114 3625/6696/4071
f 3627/6698/4073 3668/6740/4115 3628/6699/4074
f 3621/6692/4067 3623/6694/4069 3630/6701/4076
f 3632/6703/4078 3626/6697/4072 3625/6696/4071
f 3634/6705/4080 3627/6698/4073 3629/6700/4075
f 3631/6702/4077 3630/6701/4076 3636/6707/4082
f 3638/6709/4084 3632/6703/4078 3633/6704/4079
f 3634/6705/4080 3635/6706/4081 3640/6711/4086
f 3637/6708/4083 3636/6707/4082 3642/6713/4088
f 3644/6715/4090 3638/6709/4084 3639/6710/4085
f 3641/6712/4087 3640/6711/4086 3646/6717/4092
f 3648/6719/4094 3655/6727/4101 3649/6720/4095
f 3643/6714/4089 3642/6713/4088 3651/6722/4105
f 3653/6724/4099 3644/6715/4090 3645/6716/4091
f 3647/6726/4093 3646/7607/4689 3655/6727/4101
f 3650/6721/4096 3649/6720/4095 3656/6728/4102
f 3658/6730/4104 3652/6723/4098 3651/6722/4105
f 3660/6732/4107 3653/6724/4099 3654/6725/4100
f 3657/6729/4103 3656/6728/4102 3662/6734/4109
f 3664/6736/4111 3658/6730/4104 3659/6731/4106
f 3666/6738/4113 3660/6732/4107 3661/6733/4108
f 3663/6735/4110 3662/6734/4109 3667/6739/4114
f 3668/6740/4115 3664/6736/4111 3665/6737/4112
f 3669/6741/4116 3672/6744/4119 3670/6742/4117
f 3672/6744/4119 3710/6793/4166 3673/6745/4120
f 3680/6752/4690 3819/7608/4691 3678/6750/4692
f 3685/6759/4134 3688/6762/4137 3689/6763/4139
f 3692/6766/4142 3737/6838/4183 3686/6767/4143
f 3697/6773/4149 3700/6776/4152 3698/6774/4150
f 3700/6776/4152 3695/6771/4147 3694/6770/4146
f 3701/6777/4153 3692/7609/4693 3685/6778/4153
f 3695/6780/4155 3709/6792/4165 3703/6781/4156
f 3697/6783/4158 3713/6796/4169 3704/6784/4159
f 3630/7610/4694 3820/7053/4346 3705/6786/4161
f 3705/6786/4161 3696/6772/4148 3659/6787/4695
f 3696/6772/4148 3719/7556/4659 3629/7611/4696
f 3659/6787/4697 3696/6772/4148 3665/7612/4698
f 3719/7556/4659 3635/7558/4661 3629/7611/4696
f 3629/7611/4696 3628/7613/4699 3696/6772/4148
f 3636/7614/4700 3630/7610/4694 3705/6786/4161
f 3642/7615/4701 3636/7614/4700 3705/6786/4161
f 3628/7613/4702 3665/7612/4698 3696/6772/4148
f 3651/6788/4703 3642/7615/4704 3705/6786/4161
f 3706/6789/4164 3716/7554/4164 3707/6790/4164
f 3700/6785/4160 3704/6784/4159 3709/6792/4165
f 3710/6793/4166 4110/7561/4663 3711/6794/4167
f 3712/6795/4168 3727/7616/4705 3713/6796/4169
f 3671/6743/4118 3729/7617/4706 3714/6797/4170
f 3682/6798/4171 3702/7618/4707 3685/6799/4172
f 3715/6801/4174 4109/7619/4708 3716/6802/4175
f 3696/6782/4157 3703/6781/4156 3718/6807/4177
f 3707/6790/4164 3718/7555/4164 3703/6809/4164
f 3674/6813/4164 3683/7620/4164 3721/6814/4164
f 3701/6816/4164 3702/7621/4164 3723/6817/4164
f 3725/6819/4164 3682/7622/4164 3679/6820/4164
f 3723/6824/4164 3702/7623/4164 3682/6825/4164
f 3726/6821/4164 3679/6820/4164 3677/6827/4164
f 3677/6827/4164 3674/6813/4164 3722/6815/4164
f 3736/6842/4187 3746/6854/4199 3741/6843/4188
f 3740/6845/4709 3739/6848/4193 3742/6846/4191
f 3739/6848/4193 3738/6852/4197 3744/6849/4194
f 3735/6844/4189 3741/6843/4188 3745/6850/4195
f 3738/6852/4197 3731/6851/4196 3745/6850/4195
f 3737/6853/4198 3748/6858/4203 3746/6854/4199
f 3699/6855/4200 3740/6845/4190 3743/6847/4192
f 3734/6856/4201 3733/7624/4710 3747/6857/4202
f 3748/6858/4203 3737/6853/4198 3692/6859/4204
f 3744/6861/4164 3752/6868/4164 3749/6862/4164
f 3741/6864/4164 3746/6889/4164 3750/6865/4164
f 3745/6867/4164 3751/6866/4164 3752/6868/4164
f 3720/6870/4164 3727/7625/4164 3733/6834/4164
f 3712/6871/4206 3747/7626/4711 3733/6872/4207
f 3697/6773/4712 3699/6775/4151 3747/6874/4209
f 3689/6879/4214 3818/7040/4337 3617/6686/4059
f 3691/6886/4219 3690/7627/4713 3509/7628/4714
f 3690/7627/4713 3510/7629/4715 3509/7628/4714
f 3536/7630/4716 3821/7054/4347 3543/7631/4717
f 3821/7054/4347 3754/6883/4217 3543/7631/4717
f 3691/6886/4219 3509/7628/4714 3548/7632/4714
f 3691/6886/4219 3548/7632/4714 3541/7633/4714
f 3549/7634/4718 3543/7631/4717 3754/6883/4217
f 3554/7635/4714 3549/7634/4714 3754/6883/4217
f 3691/6886/4219 3541/7633/4718 3531/7636/4718
f 3691/6886/4219 3531/7636/4718 3525/7637/4718
f 3512/6882/4714 3554/7635/4714 3754/6883/4217
f 3691/6886/4219 3525/7637/4714 3754/6883/4217
f 3525/7637/4719 3519/6881/4719 3754/6883/4217
f 3693/6880/4215 3617/6686/4059 3616/6685/4058
f 3693/6880/4215 3616/6685/4058 3620/7638/4720
f 3510/7629/4715 3690/7627/4713 3518/7639/4721
f 3690/7627/4713 3693/6880/4215 3524/6885/4218
f 3518/7639/4721 3690/7627/4713 3524/6885/4218
f 3693/6880/4215 3620/7638/4722 3619/6884/4218
f 3691/6886/4219 3754/6883/4217 3753/6878/4213
f 3724/6888/4164 3750/6865/4164 3746/6889/4164
f 3743/6869/4164 3749/6862/4164 3732/6891/4164
f 3755/6893/4220 3757/6899/4226 3645/7640/4723
f 3755/6893/4220 3645/7640/4723 3639/7641/4724
f 4110/7559/4662 3710/7642/4725 3649/7560/4219
f 3710/7642/4725 3755/6893/4220 3667/6895/4222
f 3662/7643/4726 3710/7642/4725 3667/6895/4222
f 3656/7644/4727 3649/7560/4219 3710/7642/4725
f 3662/7643/4726 3656/7644/4727 3710/7642/4725
f 3755/6893/4220 3639/7641/4724 3633/7645/4728
f 3755/6893/4220 3633/7645/4729 3625/6894/4730
f 3631/6896/4223 3764/6918/4246 3756/6897/4224
f 3757/6899/4226 3820/7053/4346 3622/6900/4731
f 3820/7053/4346 3630/7610/4694 3623/7646/4732
f 3820/7053/4346 3623/7646/4732 3622/6900/4227
f 3654/7647/4733 3645/7640/4723 3757/6899/4226
f 3661/6901/4734 3654/7647/4735 3757/6899/4226
f 3755/6893/4220 3710/7642/4725 3672/6904/4231
f 3715/6905/4233 3649/7560/4219 3655/7648/4736
f 3715/6905/4233 3655/7648/4737 3646/6906/4737
f 3635/7558/4661 4109/7557/4660 3640/6907/4235
f 4109/7557/4660 3715/6905/4233 3640/6907/4235
f 3759/6908/4327 3805/7003/4326 3760/6909/4237
f 3632/6911/4239 3765/6920/4248 3762/6912/4240
f 3634/6914/4242 3766/6922/4250 3763/6915/4243
f 3637/6917/4245 3767/6924/4252 3764/6918/4246
f 3638/6919/4247 3768/6926/4254 3765/6920/4248
f 3641/6921/4249 3769/6928/4256 3766/6922/4250
f 3643/6923/4251 3770/6933/4262 3767/6924/4252
f 3644/6925/4253 3771/6935/4264 3768/6926/4254
f 3647/6927/4255 3761/7649/4266 3769/6928/4256
f 3650/6929/4258 3772/6939/4269 3759/6930/4259
f 3652/6932/4261 3773/6941/4272 3770/6933/4262
f 3653/6934/4263 3774/6943/4274 3771/6935/4264
f 3648/6931/4265 3759/6930/4259 3761/6936/4266
f 3657/6938/4268 3775/6945/4276 3772/6939/4269
f 3658/6940/4271 3776/6947/4738 3773/6941/4272
f 3660/6942/4273 3777/6949/4280 3774/6943/4274
f 3663/6944/4275 3778/6951/4283 3775/6945/4276
f 3664/6946/4277 3779/6953/4285 3776/6947/4278
f 3666/6948/4279 3780/6954/4739 3777/6949/4280
f 3624/6950/4282 3781/6955/4288 3778/6951/4283
f 3668/6952/4284 3782/6956/4289 3779/6953/4285
f 3621/6898/4225 3756/6897/4224 3780/6954/4286
f 3626/6913/4287 3762/6912/4740 3781/6955/4288
f 3627/6916/4244 3763/6915/4243 3782/6956/4289
f 3788/7650/4014 3793/7651/4014 3784/6958/4014
f 3793/7651/4014 3785/6959/4014 3784/6958/4014
f 3785/6959/4014 3801/7652/4014 3783/6957/4014
f 3801/7652/4014 3803/7653/4014 3783/6957/4014
f 3775/6960/4290 3790/6970/4300 3786/6961/4291
f 3776/6963/4293 3792/6972/4293 3787/6964/4294
f 3774/6966/4296 3777/6973/4302 3788/6967/4297
f 3778/6969/4299 3794/6976/4305 3790/6970/4300
f 3776/6963/4293 3779/6977/4741 3791/6971/4301
f 3777/6973/4302 3780/6979/4308 3793/6974/4303
f 3781/6975/4304 3796/6982/4311 3794/6976/4305
f 3779/6977/4306 3782/6984/4307 3795/6978/4307
f 3780/6979/4308 3756/6986/4314 3785/6980/4309
f 3762/6981/4310 3798/6988/4310 3796/6982/4311
f 3763/6983/4312 3800/6990/4312 3795/6978/4307
f 3764/6985/4313 3801/6992/4318 3785/6980/4309
f 3762/6981/4310 3765/6993/4319 3797/6987/4315
f 3763/6983/4312 3766/6996/4316 3799/6989/4316
f 3767/6991/4317 3803/6998/4323 3801/6992/4318
f 3765/6993/4742 3768/7000/4320 3802/6994/4320
f 3769/6995/4321 3804/7002/4325 3799/6989/4316
f 3770/6997/4322 3806/7004/4328 3803/6998/4323
f 3771/6999/4324 3807/7005/4324 3802/6994/4320
f 3761/7001/4238 3760/7654/4237 3804/7002/4325
f 3772/6962/4292 3786/6961/4291 3805/7003/4326
f 3773/6965/4295 3787/6964/4294 3806/7004/4328
f 3771/6999/4324 3774/6966/4296 3789/6968/4298
f 3791/7655/4014 3795/7656/4014 3809/7007/4014
f 3795/7656/4014 3800/7008/4014 3809/7007/4014
f 3800/7008/4014 3799/7657/4014 3808/7006/4014
f 3799/7657/4014 3804/7012/4014 3808/7006/4014
f 3811/7010/4014 3817/7658/4014 3812/7011/4014
f 3812/7011/4014 3815/7659/4014 3813/7660/4014
f 3813/7660/4014 3810/7009/4014 3812/7011/4014
f 3805/7661/4014 3786/7662/4014 3816/7029/4014
f 3786/7662/4014 3790/7030/4014 3816/7029/4014
f 3816/7029/4014 3808/7006/4014 3805/7661/4014
f 3805/7661/4014 3808/7006/4014 3760/7013/4014
f 3808/7014/4329 3817/7663/4329 3811/7015/4329
f 3809/7017/4330 3811/7664/4330 3810/7018/4330
f 3783/7020/4331 3810/7665/4331 3813/7021/4331
f 3797/7666/4014 3802/7667/4014 3814/7023/4014
f 3802/7667/4014 3807/7024/4014 3814/7023/4014
f 3807/7024/4014 3789/7668/4014 3784/6958/4014
f 3789/7668/4014 3788/7650/4014 3784/6958/4014
f 3803/7653/4014 3806/7669/4014 3783/6957/4014
f 3806/7669/4014 3787/7025/4014 3783/6957/4014
f 3787/7025/4014 3792/7670/4014 3809/7007/4014
f 3792/7670/4014 3791/7655/4014 3809/7007/4014
f 3784/7026/4332 3813/7671/4332 3815/7027/4332
f 3794/7031/4014 3796/7672/4014 3816/7029/4014
f 3796/7672/4014 3798/7673/4014 3814/7023/4014
f 3798/7673/4014 3797/7666/4014 3814/7023/4014
f 3814/7023/4014 3816/7029/4014 3796/7672/4014
f 3814/7032/4333 3815/7674/4333 3812/7033/4333
f 3816/7035/4334 3812/7675/4334 3817/7036/4334
f 3821/7054/4743 3536/7630/4716 3542/7676/4744
f 3821/7054/4347 3542/7676/4744 3533/7677/4745
f 3618/6688/4061 3617/6686/4059 3516/7678/4746
f 3617/6686/4059 3818/7040/4337 3516/7678/4746
f 3516/7678/4746 3515/6687/4747 3618/6688/4748
f 3818/7040/4337 3821/7054/4347 3533/7677/4745
f 3818/7040/4337 3533/7677/4749 3527/7038/4335
f 3521/7039/4336 3516/7678/4746 3818/7040/4337
f 3680/6876/4211 3753/6878/4213 3758/6903/4232
f 3688/7041/4338 3687/7055/4348 3730/6831/4179
f 3688/7041/4750 3694/6770/4146 3705/6786/4161
f 3721/7042/4164 3683/7679/4164 3729/7043/4164
f 3675/7047/4341 3669/6902/4229 3714/7048/4342
f 3676/7050/4344 3714/7680/4751 3729/7051/4345
f 3818/7040/4337 3689/6879/4214 3705/6786/4161
f 3821/7054/4347 3757/6899/4226 3755/6893/4220
f 3687/7055/4348 3686/6767/4143 3737/6838/4183
f 3754/6883/4217 3755/6893/4220 3758/6903/4230
f 3821/7054/4347 3818/7040/4337 3820/7053/4346
f 3822/7056/4349 3832/7066/4359 3823/7057/4350
f 3825/7059/4352 3866/7101/4398 3826/7060/4353
f 3828/7062/4355 4113/7681/4752 3829/7063/4356
f 3831/7065/4358 3838/7072/4366 3832/7066/4359
f 3833/7067/4753 3825/7059/4352 3827/7061/4361
f 3835/7069/4754 4113/7681/4752 3828/7062/4355
f 3837/7071/4365 4024/7682/4755 3838/7072/4366
f 3839/7073/4367 3833/7067/4360 3834/7068/4362
f 3841/7075/4756 3835/7069/4363 3836/7070/4364
f 3843/7077/4371 4024/7682/4755 3837/7071/4365
f 3845/7079/4373 3839/7073/4367 3840/7074/4368
f 3847/7081/4376 3841/7075/4369 3842/7076/4370
f 3849/7083/4378 3855/7089/4385 3850/7084/4379
f 3852/7086/4389 3843/7077/4371 3844/7078/4382
f 3854/7088/4384 3860/7094/4391 3845/7079/4373
f 3855/7089/4385 3847/7081/4376 3848/7082/4377
f 3856/7090/4386 3849/7083/4378 3851/7085/4380
f 3858/7092/4388 3864/7099/4395 3852/7086/4389
f 3859/7093/4390 3865/7100/4397 3860/7094/4391
f 3861/7095/4392 3856/7683/4386 3857/7096/4387
f 3863/7098/4394 3867/7102/4399 3864/7099/4395
f 3824/7058/4351 3823/7057/4350 3865/7100/4397
f 3866/7101/4398 3861/7095/4392 3862/7097/4393
f 3830/7064/4357 3829/7063/4356 3867/7102/4399
f 3868/7103/3960 3874/7115/3972 3831/7104/3959
f 3869/7106/4400 4114/7684/4757 3870/7107/4401
f 3872/7109/3966 3875/7117/3974 3834/7110/3965
f 3873/7112/3969 3876/7119/3977 3836/7113/3968
f 3874/7115/3972 3877/7121/3980 3837/7116/3971
f 3875/7117/3974 3878/7123/3982 3840/7118/3973
f 3876/7119/3977 3879/7125/3984 3842/7120/3976
f 3877/7121/3980 3880/7130/3989 3844/7122/3979
f 3878/7123/3982 3881/7132/3991 3846/7124/3981
f 3879/7125/3984 3869/7134/4678 3848/7126/3983
f 3871/7127/3986 3882/7135/3994 3851/7128/3985
f 3880/7130/3989 3883/7137/3996 3853/7131/3988
f 3881/7132/3991 3884/7139/3998 3854/7133/3990
f 3869/7134/3992 3871/7127/3986 3850/7129/3987
f 3882/7135/3994 3885/7685/4001 3857/7136/3993
f 3883/7137/3996 3886/7144/4003 3858/7138/3995
f 3884/7139/3998 3887/7146/4006 3859/7140/3997
f 3885/7141/4001 3888/7148/4008 3862/7142/4000
f 3886/7144/4003 3889/7150/4010 3863/7145/4002
f 3887/7146/4006 3890/7152/4011 3824/7147/4005
f 3888/7148/4008 3891/7153/4012 3826/7149/4007
f 3889/7150/4010 3892/7154/4013 3830/7151/4009
f 3890/7152/4011 3868/7103/3960 3822/7105/3961
f 3891/7153/4012 3872/7109/3966 3827/7111/3967
f 3892/7154/4013 3873/7112/3969 3828/7114/3970
f 3894/7156/4164 3901/7686/4164 3919/7216/4164
f 3901/7686/4164 3898/7687/4164 3919/7216/4164
f 3919/7216/4164 3895/7157/4164 3894/7156/4164
f 3895/7157/4164 4115/7688/4164 3893/7155/4164
f 3882/7158/4402 4116/7689/4402 3896/7159/4403
f 3897/7161/4405 3921/7690/4758 3886/7162/4758
f 3884/7164/4408 3920/7691/4408 3898/7165/4409
f 3885/7167/4404 3896/7692/4403 3899/7168/4412
f 3886/7162/4758 3921/7690/4758 3900/7170/4413
f 3887/7166/4410 3898/7165/4409 3901/7172/4415
f 3899/7168/4412 4117/7693/4417 3891/7174/4417
f 3889/7171/4414 3900/7170/4413 3902/7175/4418
f 3890/7173/4416 3901/7172/4415 3894/7177/4759
f 3891/7174/4417 4117/7693/4417 3903/7179/4421
f 3902/7175/4418 3905/7186/4428 3873/7181/4423
f 3868/7178/4420 3894/7177/4419 3893/7182/4424
f 3872/7180/4425 3903/7179/4421 3904/7184/4426
f 3905/7186/4428 3910/7694/4429 3876/7187/4429
f 3893/7182/4424 4115/7695/4430 3877/7188/4430
f 3875/7185/4427 3904/7184/4426 3906/7189/4431
f 3876/7187/4429 3910/7694/4429 3907/7191/4432
f 3877/7188/4430 4115/7695/4430 3908/7193/4434
f 3906/7189/4431 3909/7196/4440 3881/7195/4436
f 3907/7191/4432 4114/7684/4757 3869/7106/4760
f 3870/7107/4401 4116/7689/4402 3882/7158/4402
f 3908/7193/4434 3897/7161/4405 3883/7163/4407
f 3909/7196/4440 3920/7691/4408 3884/7164/4408
f 3905/7198/4164 3902/7696/4164 3917/7219/4164
f 3902/7696/4164 3900/7697/4164 3917/7219/4164
f 3917/7219/4164 3911/7199/4164 3905/7198/4164
f 3911/7199/4164 3907/7698/4164 3910/7197/4164
f 3914/7202/4164 3923/7699/4164 3916/7700/4164
f 3916/7700/4164 3918/7701/4164 3914/7202/4164
f 3918/7701/4164 3912/7200/4164 3914/7202/4164
f 3896/7702/4164 4116/7703/4164 3915/7203/4164
f 4116/7703/4164 3870/7204/4164 3915/7203/4164
f 3870/7204/4164 4114/7704/4164 3911/7199/4164
f 4114/7704/4164 3907/7698/4164 3911/7199/4164
f 3916/7205/4051 3923/7705/4051 3911/7206/4051
f 3918/7208/4052 3916/7706/4052 3917/7209/4052
f 3912/7211/4053 3918/7707/4053 3895/7212/4053
f 3909/7215/4164 3906/7708/4164 3922/7223/4164
f 3906/7708/4164 3904/7224/4164 3922/7223/4164
f 3922/7223/4164 3919/7216/4164 3909/7215/4164
f 3919/7216/4164 3898/7687/4164 3920/7214/4164
f 3897/7218/4164 3908/7709/4164 3895/7157/4164
f 3908/7709/4164 4115/7688/4164 3895/7157/4164
f 3895/7157/4164 3917/7219/4164 3897/7218/4164
f 3917/7219/4164 3900/7697/4164 3921/7217/4164
f 3913/7220/4054 3912/7710/4054 3919/7221/4054
f 3903/7225/4164 4117/7711/4164 3922/7223/4164
f 4117/7711/4164 3899/7712/4164 3915/7203/4164
f 3922/7223/4164 4117/7711/4164 3915/7203/4164
f 3899/7712/4164 3896/7702/4164 3915/7203/4164
f 3914/7226/4055 3913/7713/4055 3922/7227/4055
f 3923/7229/4056 3914/7714/4056 3915/7230/4056
f 3925/7236/4455 4118/7715/4761 3926/7237/4446
f 3928/7239/4448 3969/7281/4491 3929/7240/4449
f 3931/7242/4451 3938/7249/4459 3932/7243/4452
f 3934/7245/4454 4118/7715/4761 3925/7236/4455
f 3936/7247/4457 3942/7253/4463 3928/7239/4448
f 3937/7248/4762 4108/7716/4763 3938/7249/4459
f 3939/7250/4460 3934/7245/4454 3935/7246/4456
f 3941/7252/4462 3948/7259/4469 3942/7253/4463
f 3943/7254/4464 4108/7716/4763 3937/7248/4764
f 3945/7256/4466 3939/7250/4460 3940/7251/4461
f 3947/7258/4468 3957/7268/4478 3948/7259/4469
f 3949/7260/4470 3943/7254/4464 3944/7255/4465
f 3951/7262/4472 3958/7717/4479 3952/7263/4473
f 3954/7265/4483 3945/7256/4466 3946/7257/4467
f 3956/7267/4477 3963/7275/4485 3957/7268/4478
f 3958/7269/4479 3949/7260/4765 3950/7261/4471
f 3959/7271/4480 3951/7262/4472 3953/7264/4474
f 3961/7273/4482 3967/7279/4489 3954/7265/4483
f 3962/7274/4484 3968/7280/4490 3963/7275/4485
f 3964/7276/4486 3959/7271/4480 3960/7272/4481
f 3966/7278/4488 3970/7282/4492 3967/7279/4489
f 3927/7238/4447 3926/7237/4446 3968/7280/4490
f 3969/7281/4491 3964/7276/4486 3965/7277/4487
f 3933/7244/4453 3932/7243/4452 3970/7282/4492
f 3971/7283/4493 4011/7336/4540 3972/7284/4494
f 3973/7286/4496 3972/7718/4496 3974/7287/4497
f 3980/7293/4766 4090/7719/4767 3981/7294/4768
f 3987/7302/4769 3983/7299/4505 3991/7306/4512
f 3994/7309/4770 3987/7720/4771 3989/7310/4516
f 4001/7317/4523 4018/7721/4772 3987/7318/4523
f 3998/7320/4525 4095/7722/4773 4002/7321/4526
f 4003/7323/4528 4009/7333/4537 3995/7324/4158
f 4027/7375/4561 4119/7723/4774 3934/7724/4775
f 4027/7375/4561 3934/7724/4775 3939/7725/4776
f 4096/7548/4654 3998/7314/4520 3938/7726/4777
f 3998/7314/4520 4027/7375/4561 3967/7326/4778
f 3938/7726/4777 4108/7549/4655 4096/7548/4654
f 3932/7727/4779 3938/7726/4777 3998/7314/4520
f 4027/7375/4561 3939/7725/4776 3945/7728/4780
f 4027/7375/4561 3945/7728/4781 3954/7729/4782
f 3970/7327/4783 3932/7727/4784 3998/7314/4520
f 4027/7375/4561 3954/7729/4785 3967/7326/4530
f 4004/7328/4532 4107/7545/4651 4005/7329/4533
f 4002/7321/4526 4003/7323/4528 4000/7325/4529
f 3975/7288/4498 3974/7287/4497 4007/7331/4535
f 4009/7333/4537 4001/7730/4786 3994/7334/4538
f 4010/7335/4539 4091/7731/4787 4011/7336/4540
f 3987/7337/4541 4018/7732/4788 3984/7338/4541
f 4012/7340/4014 3985/7733/4014 3976/7341/4014
f 4014/7343/4014 4018/7734/4014 4001/7344/4014
f 4016/7346/4014 4019/7355/4014 3982/7347/4014
f 4014/7352/4014 4016/7735/4014 3984/7353/4014
f 4019/7355/4014 4020/7357/4014 3979/7356/4014
f 4013/7342/4014 3976/7341/4014 3979/7356/4014
f 3991/7361/4550 3996/7366/4555 3924/7233/4442
f 3832/7736/4789 3993/7737/4790 3823/7738/4554
f 3993/7737/4790 3992/7363/4552 3823/7738/4554
f 4023/7364/4553 4092/7526/4627 3856/7739/4791
f 4092/7526/4627 3849/7740/4792 3856/7739/4791
f 3865/7741/4554 3823/7738/4554 3992/7363/4552
f 4023/7364/4553 3856/7739/4791 3861/7742/4793
f 4023/7364/4553 3861/7742/4554 3866/7743/4554
f 3860/7744/4554 3865/7741/4554 3992/7363/4552
f 3845/7745/4793 3860/7744/4793 3992/7363/4552
f 4023/7364/4553 3866/7743/4554 3825/7746/4554
f 4023/7364/4553 3825/7746/4794 3833/7747/4794
f 3839/7365/4793 3845/7745/4793 3992/7363/4552
f 4023/7364/4553 3833/7747/4795 3839/7365/4795
f 3996/7366/4555 3993/7737/4790 4024/7367/4556
f 3993/7737/4790 3832/7736/4789 3838/7748/4796
f 3993/7737/4790 3838/7748/4796 4024/7367/4556
f 3864/7234/4443 3924/7233/4442 3996/7366/4555
f 3852/7749/4797 3864/7234/4443 3996/7366/4555
f 3843/7368/4557 3852/7749/4797 3996/7366/4555
f 3992/7363/4552 3986/7360/4549 4021/7359/4548
f 4025/7369/4558 3975/7750/4798 3969/7751/4799
f 3975/7750/4798 4008/7550/4656 3951/7551/4657
f 3964/7752/4800 3975/7750/4798 3959/7753/4801
f 3951/7551/4657 3959/7753/4801 3975/7750/4798
f 3957/7754/4802 4028/7376/4563 4025/7369/4558
f 3948/7755/4803 3957/7754/4802 4025/7369/4558
f 3975/7750/4798 3964/7752/4800 3969/7751/4799
f 3942/7371/4560 3948/7755/4804 4025/7369/4558
f 4025/7369/4558 3969/7751/4799 3928/7370/4805
f 4026/7372/4224 4036/7394/4246 3935/7373/4223
f 4028/7376/4563 3957/7754/4802 3963/7756/4806
f 4028/7376/4563 3963/7756/4807 3968/7377/4808
f 3934/7724/4775 4119/7723/4774 4118/7757/4809
f 4119/7723/4774 4028/7376/4563 3926/7378/4810
f 4118/7757/4809 4119/7723/4774 3926/7378/4565
f 3973/7380/4567 3975/7750/4798 4025/7369/4558
f 3958/7758/4811 3951/7551/4657 4030/7382/4569
f 4030/7382/4569 4097/7547/4653 3943/7383/4570
f 4097/7547/4653 4108/7549/4655 3943/7383/4570
f 3949/7384/4571 3958/7758/4811 4030/7382/4569
f 4031/7385/4572 4072/7759/4612 4032/7386/4613
f 4034/7388/4240 4037/7396/4248 3936/7389/4239
f 4035/7391/4243 4038/7398/4250 3937/7392/4242
f 4036/7394/4246 4039/7400/4252 3940/7395/4245
f 4037/7396/4248 4040/7402/4254 3941/7397/4247
f 4038/7398/4250 4041/7404/4256 3944/7399/4249
f 4039/7400/4252 4042/7409/4262 3946/7401/4251
f 4040/7402/4254 4043/7411/4264 3947/7403/4253
f 4041/7404/4256 4033/7413/4266 3950/7405/4255
f 4032/7406/4259 4044/7415/4269 3953/7407/4258
f 4042/7409/4262 4045/7417/4272 3955/7410/4261
f 4043/7411/4264 4046/7419/4274 3956/7412/4263
f 4033/7413/4266 4032/7760/4259 3952/7414/4265
f 4044/7415/4269 4047/7421/4276 3960/7416/4268
f 4045/7417/4272 4048/7423/4738 3961/7418/4271
f 4046/7419/4274 4049/7425/4280 3962/7420/4273
f 4047/7421/4276 4050/7427/4283 3965/7422/4275
f 4048/7423/4278 4051/7429/4285 3966/7424/4277
f 4049/7425/4280 4052/7431/4739 3927/7426/4279
f 4050/7427/4283 4053/7432/4288 3929/7428/4282
f 4051/7429/4285 4054/7433/4289 3933/7430/4284
f 4052/7431/4286 4026/7372/4224 3925/7374/4225
f 4053/7432/4288 4034/7388/4740 3930/7390/4287
f 4054/7433/4289 4035/7391/4243 3931/7393/4244
f 4056/7435/4164 4063/7761/4164 4084/7498/4164
f 4063/7761/4164 4060/7762/4164 4084/7498/4164
f 4084/7498/4164 4057/7436/4164 4056/7435/4164
f 4057/7436/4164 4070/7763/4164 4055/7434/4164
f 4058/7437/4575 4061/7446/4584 4047/7438/4576
f 4059/7440/4578 4086/7764/4579 4048/7441/4579
f 4046/7443/4581 4074/7478/4615 4060/7444/4582
f 4061/7446/4584 4064/7452/4590 4050/7447/4585
f 4048/7441/4579 4086/7764/4579 4062/7448/4586
f 4049/7445/4583 4060/7444/4582 4063/7450/4588
f 4064/7452/4590 4066/7458/4596 4053/7453/4591
f 4051/7449/4592 4062/7448/4586 4065/7454/4593
f 4052/7451/4589 4063/7450/4588 4056/7456/4594
f 4066/7458/4596 4088/7765/4597 4034/7459/4597
f 4065/7454/4593 4075/7766/4598 4035/7460/4598
f 4056/7456/4594 4055/7466/4603 4036/7461/4599
f 4034/7459/4597 4088/7765/4597 4067/7462/4600
f 4035/7460/4598 4075/7766/4598 4068/7464/4602
f 4055/7466/4603 4070/7471/4608 4039/7467/4604
f 4037/7463/4601 4067/7462/4600 4069/7468/4606
f 4068/7464/4602 4071/7474/4611 4041/7470/4607
f 4070/7471/4608 4073/7477/4614 4042/7472/4609
f 4069/7468/4606 4085/7767/4610 4043/7473/4610
f 4071/7474/4611 4031/7385/4572 4033/7387/4574
f 4072/7475/4612 4058/7437/4575 4044/7439/4577
f 4073/7477/4614 4059/7440/4578 4045/7442/4580
f 4043/7473/4610 4085/7767/4610 4074/7478/4615
f 4075/7480/4164 4065/7768/4164 4082/7501/4164
f 4065/7768/4164 4062/7769/4164 4082/7501/4164
f 4082/7501/4164 4076/7481/4164 4075/7480/4164
f 4076/7481/4164 4071/7770/4164 4068/7479/4164
f 4079/7484/4164 4089/7771/4164 4081/7772/4164
f 4081/7772/4164 4083/7773/4164 4079/7484/4164
f 4083/7773/4164 4077/7482/4164 4079/7484/4164
f 4061/7774/4164 4058/7775/4164 4080/7485/4164
f 4058/7775/4164 4072/7486/4164 4080/7485/4164
f 4072/7486/4164 4031/7776/4164 4076/7481/4164
f 4031/7776/4164 4071/7770/4164 4076/7481/4164
f 4081/7487/4329 4089/7777/4329 4076/7488/4329
f 4083/7490/4330 4081/7778/4330 4082/7491/4330
f 4077/7493/4331 4083/7779/4331 4057/7494/4331
f 4085/7497/4164 4069/7780/4164 4087/7505/4164
f 4069/7780/4164 4067/7506/4164 4087/7505/4164
f 4087/7505/4164 4084/7498/4164 4085/7497/4164
f 4084/7498/4164 4060/7762/4164 4074/7496/4164
f 4059/7500/4164 4073/7781/4164 4057/7436/4164
f 4073/7781/4164 4070/7763/4164 4057/7436/4164
f 4057/7436/4164 4082/7501/4164 4059/7500/4164
f 4082/7501/4164 4062/7769/4164 4086/7499/4164
f 4078/7502/4332 4077/7782/4332 4084/7503/4332
f 4088/7507/4164 4066/7783/4164 4087/7505/4164
f 4066/7783/4164 4064/7784/4164 4080/7485/4164
f 4087/7505/4164 4066/7783/4164 4080/7485/4164
f 4064/7784/4164 4061/7774/4164 4080/7485/4164
f 4079/7508/4333 4078/7785/4333 4087/7509/4333
f 4089/7511/4334 4079/7786/4334 4080/7512/4334
f 3855/7787/4812 3849/7740/4792 4092/7526/4627
f 4022/7362/4551 3924/7233/4442 4113/7788/4813
f 3924/7233/4442 3829/7235/4444 4113/7788/4813
f 3855/7787/4812 4092/7526/4627 3847/7789/4814
f 4092/7526/4627 4022/7362/4551 3847/7789/4814
f 4022/7362/4551 4113/7788/4813 3835/7514/4815
f 3841/7515/4816 3847/7789/4814 4022/7362/4551
f 3981/7358/4547 3971/7379/4566 4029/7381/4568
f 3997/7313/4562 4000/7316/4522 3988/7516/4617
f 4027/7375/4561 3997/7313/4562 3990/7517/4618
f 4010/7520/4621 3971/7379/4566 3978/7521/4622
f 4091/7523/4624 4010/7790/4817 3977/7524/4624
f 4022/7362/4551 4119/7723/4774 4027/7375/4561
f 4025/7369/4558 4028/7376/4563 4092/7526/4625
f 3988/7516/4617 4000/7316/4522 3995/7311/4517
f 4029/7381/4568 4025/7369/4558 4023/7364/4553
f 4028/7376/4563 4119/7723/4774 4022/7362/4551
f 4093/7527/4628 4006/7330/4534 4094/7528/4629
f 4093/7530/4631 4095/7722/4773 3998/7320/4525
f 4030/7532/4633 4107/7552/4818 4004/7533/4634
f 4005/7329/4819 4101/7538/4640 4098/7535/4642
f 4006/7330/4534 4098/7535/4642 4099/7536/4643
f 4005/7329/4533 4106/7543/4648 4100/7537/4638
f 4101/7538/4640 4105/7542/4647 4102/7539/4641
f 4099/7536/4643 4098/7535/4820 4102/7539/4641
f 4101/7538/4640 4100/7537/4638 4104/7541/4646
f 4104/7541/4646 4100/7537/4638 3972/7284/4494
f 4099/7536/4643 4103/7540/4645 4017/7350/4545
f 4093/7530/4631 4096/7531/4632 4097/7534/4635
f 4008/7332/4536 4007/7331/4535 4107/7552/4658
f 4007/7546/4652 3974/7544/4650 4106/7543/4648
f 3716/6802/4175 4109/7619/4708 3719/6808/4178
f 3706/6803/4176 3711/6794/4167 4110/7561/4663
f 3673/6806/4164 3711/7553/4164 3708/6791/4164
f 4012/7568/4542 4111/7791/4665 4091/7569/4821
f 4112/7575/4671 4015/7562/4543 4103/7576/4822
f 4112/7575/4671 4102/7577/4673 4105/7573/4669
o predohran_2_predohran_2_low_Cube:003.001
v 0.000000 -0.154977 1.264143
v 0.000000 -0.165281 1.248581
v -0.042810 -0.165281 1.248581
v 0.000000 -0.186809 1.244069
v 0.000000 -0.201329 1.234935
v -0.042810 -0.186809 1.244069
v 0.000000 -0.211080 1.224338
v -0.042810 -0.201329 1.234935
v 0.000000 -0.218237 1.210521
v -0.042810 -0.211080 1.224338
v 0.000000 -0.221739 1.193906
v -0.042810 -0.218237 1.210521
v 0.000000 -0.220034 1.177275
v -0.042810 -0.221739 1.193906
v 0.000000 -0.213357 1.161328
v -0.042810 -0.220034 1.177275
v 0.000000 -0.201925 1.147697
v -0.042810 -0.213357 1.161328
v 0.000000 -0.190833 1.140030
v -0.042810 -0.201925 1.147697
v 0.000000 -0.180199 1.111634
v -0.042807 -0.180598 1.132919
v 0.000000 -0.180598 1.132919
v -0.016244 -0.237412 1.055418
v 0.000000 -0.186558 1.055418
v 0.000000 -0.237412 1.055418
v -0.026360 -0.667165 1.132450
v 0.000000 -0.667165 1.017440
v 0.000000 -0.667165 1.134496
v -0.051785 -0.667165 1.125779
v -0.025987 -0.667165 1.017440
v -0.072787 -0.667165 1.017440
v -0.079083 -0.665478 1.109896
v -0.079083 -0.665478 1.017440
v -0.083691 -0.660870 1.105283
v -0.083691 -0.660870 1.017440
v -0.085378 -0.654574 1.101889
v -0.085378 -0.654574 1.017440
v -0.085378 -0.646022 1.097430
v -0.085378 -0.646022 1.017440
v -0.050945 -0.554321 1.077418
v -0.072787 -0.667165 1.115722
v -0.027432 -0.551272 1.083328
v 0.000000 -0.550543 1.085763
v -0.050931 -0.550306 1.074687
v -0.068647 -0.557686 1.069600
v -0.084696 -0.563230 1.057284
v -0.068642 -0.553743 1.066715
v -0.084661 -0.559393 1.054188
v -0.027393 -0.547251 1.080577
v 0.000000 -0.546479 1.083171
v -0.050819 -0.547464 1.068953
v -0.068558 -0.551071 1.060889
v -0.084492 -0.557047 1.047970
v -0.027245 -0.544481 1.074662
v 0.000000 -0.543508 1.077449
v -0.094285 -0.183954 1.153812
v -0.095254 -0.207318 1.144677
v -0.093716 -0.225823 1.158811
v -0.095658 -0.193976 1.141529
v -0.095329 -0.220291 1.144539
v -0.094844 -0.233571 1.142552
v -0.050816 -0.545647 1.058661
v -0.068535 -0.549224 1.050644
v -0.084492 -0.555131 1.037859
v -0.027244 -0.542682 1.064367
v 0.000000 -0.541717 1.067123
v -0.050807 -0.542595 1.050870
v -0.068478 -0.546058 1.042992
v -0.084492 -0.551686 1.030620
v -0.027264 -0.539594 1.056624
v 0.000000 -0.538754 1.059268
v -0.050802 -0.528742 1.037944
v -0.068439 -0.532097 1.030220
v -0.084492 -0.537576 1.018185
v -0.027292 -0.525718 1.043778
v 0.000000 -0.525011 1.046037
v -0.050742 -0.507029 1.027972
v -0.084437 -0.515818 1.008293
v 0.000000 -0.503272 1.036272
v -0.027243 -0.503979 1.033876
v -0.068560 -0.481722 1.011433
v -0.068363 -0.510398 1.020273
v -0.084574 -0.487306 0.999112
v -0.050907 -0.478317 1.019284
v -0.027431 -0.475198 1.025339
v -0.069000 -0.447991 1.004055
v -0.084911 -0.450999 0.990356
v -0.051246 -0.446862 1.012553
v 0.000000 -0.474383 1.027383
v -0.027786 -0.444519 1.018988
v -0.068862 -0.416176 1.002403
v -0.084734 -0.419250 0.988766
v -0.051185 -0.415128 1.010924
v 0.000000 -0.443733 1.021507
v -0.027716 -0.413451 1.017651
v -0.068816 -0.381584 1.008437
v -0.084635 -0.382547 0.994278
v -0.051067 -0.382429 1.017143
v 0.000000 -0.383013 1.026725
v -0.027578 -0.381724 1.024471
v -0.069867 -0.347026 1.024856
v -0.085199 -0.346627 1.009349
v -0.051569 -0.350286 1.033556
v 0.000000 -0.352075 1.043904
v -0.027939 -0.349934 1.042186
v -0.051785 -0.667165 1.017440
v -0.067816 -0.322104 1.047445
v -0.049512 -0.325567 1.056573
v -0.026324 -0.325989 1.066233
v -0.064658 -0.302844 1.075338
v -0.046547 -0.306808 1.085034
v 0.000000 -0.327795 1.067781
v -0.023741 -0.308188 1.095620
v -0.060085 -0.288302 1.107876
v -0.042368 -0.292990 1.117946
v 0.000000 -0.309637 1.097218
v -0.020031 -0.295277 1.129061
v -0.061083 -0.276671 1.135557
v -0.043719 -0.282240 1.145562
v 0.000000 -0.296471 1.130393
v -0.021654 -0.285164 1.156347
v -0.069183 -0.262393 1.154197
v -0.051976 -0.267985 1.168254
v 0.000000 -0.276210 1.181388
v -0.028855 -0.272642 1.179489
v -0.085199 -0.321427 1.028614
v -0.085199 -0.301468 1.050209
v -0.085199 -0.294959 1.058633
v -0.082246 -0.286310 1.073774
v -0.079074 -0.281525 1.087572
v -0.076447 -0.276028 1.103455
v -0.076341 -0.270421 1.119338
v -0.080139 -0.261497 1.132110
v -0.088427 -0.245409 1.139426
v -0.080207 -0.250960 1.122635
v -0.076963 -0.255034 1.108491
v -0.082266 -0.270347 1.063531
v -0.084571 -0.274704 1.045591
v -0.076756 -0.261527 1.094233
v -0.079195 -0.267517 1.079138
v -0.058933 -0.250738 1.189234
v -0.082483 -0.242034 1.163537
v 0.000000 -0.260812 1.205991
v -0.032888 -0.256764 1.202341
v -0.091194 -0.218236 1.173870
v -0.077311 -0.225412 1.193730
v -0.085856 -0.207142 1.191978
v -0.056956 -0.232016 1.213652
v -0.030072 -0.240082 1.223618
v 0.000000 -0.244083 1.225937
v -0.061562 -0.212107 1.224444
v -0.081238 -0.197578 1.205494
v 0.000000 -0.223350 1.246405
v -0.029213 -0.219759 1.243307
v -0.072663 -0.186135 1.217942
v -0.052090 -0.193393 1.241244
v 0.000000 -0.203884 1.259298
v -0.026886 -0.200034 1.256197
v -0.061173 -0.176292 1.233040
v 0.000000 -0.184592 1.264437
v -0.032707 -0.159742 1.258768
v -0.045447 -0.165869 1.249504
v -0.031067 -0.180216 1.258520
v -0.022767 -0.157756 1.261935
v -0.011766 -0.155466 1.263762
v -0.082823 -0.186997 1.195449
v -0.090110 -0.186321 1.174763
v -0.096062 -0.180819 1.132919
v -0.042807 -0.186321 1.174763
v -0.042807 -0.183954 1.153812
v -0.046220 -0.180683 1.132919
v -0.042807 -0.185540 1.211958
v -0.042807 -0.186997 1.195449
v -0.042810 -0.190833 1.140030
v -0.042807 -0.181463 1.224024
v -0.042807 -0.176292 1.233040
v -0.081793 -0.220291 1.144539
v -0.081439 -0.233571 1.142552
v -0.076757 -0.245409 1.139426
v -0.081738 -0.207318 1.144677
v -0.046043 -0.196717 1.065532
v -0.045273 -0.237412 1.047776
v -0.045273 -0.237412 1.064951
v -0.045273 -0.193976 1.141529
v -0.046220 -0.188218 1.047771
v -0.046220 -0.180199 1.111634
v -0.016244 -0.188218 1.047771
v -0.016244 -0.237412 1.047771
v -0.016244 -0.186558 1.055418
v -0.084872 -0.548962 0.991091
v -0.084821 -0.379027 0.959999
v 0.042810 -0.165281 1.248581
v 0.042810 -0.186809 1.244069
v 0.042810 -0.201329 1.234935
v 0.042810 -0.211080 1.224338
v 0.042810 -0.218237 1.210521
v 0.042810 -0.221739 1.193906
v 0.042810 -0.220034 1.177275
v 0.042810 -0.213357 1.161328
v 0.042810 -0.201925 1.147697
v 0.042807 -0.180598 1.132919
v 0.046220 -0.180199 1.111634
v 0.016244 -0.237412 1.055418
v 0.026360 -0.667165 1.132450
v 0.025987 -0.667165 1.017440
v 0.051785 -0.667165 1.125779
v 0.051785 -0.667165 1.017440
v 0.072787 -0.667165 1.017440
v 0.079083 -0.665478 1.109896
v 0.072787 -0.667165 1.115722
v 0.079083 -0.665478 1.017440
v 0.083691 -0.660870 1.105283
v 0.083691 -0.660870 1.017440
v 0.085378 -0.654574 1.101889
v 0.085378 -0.654574 1.017440
v 0.085378 -0.646022 1.097430
v 0.050945 -0.554321 1.077418
v 0.027432 -0.551272 1.083328
v 0.068647 -0.557686 1.069600
v 0.050931 -0.550306 1.074687
v 0.084696 -0.563230 1.057284
v 0.068642 -0.553743 1.066715
v 0.027393 -0.547251 1.080577
v 0.050819 -0.547464 1.068953
v 0.084661 -0.559393 1.054188
v 0.068558 -0.551071 1.060889
v 0.027245 -0.544481 1.074662
v 0.094285 -0.183954 1.153812
v 0.093716 -0.225823 1.158811
v 0.095254 -0.207318 1.144677
v 0.095658 -0.193976 1.141529
v 0.095329 -0.220291 1.144539
v 0.094844 -0.233571 1.142552
v 0.050816 -0.545647 1.058661
v 0.084492 -0.557047 1.047970
v 0.068535 -0.549224 1.050644
v 0.027244 -0.542682 1.064367
v 0.050807 -0.542595 1.050870
v 0.084492 -0.555131 1.037859
v 0.068478 -0.546058 1.042992
v 0.027264 -0.539594 1.056624
v 0.050802 -0.528742 1.037944
v 0.084492 -0.551686 1.030620
v 0.068439 -0.532097 1.030220
v 0.027292 -0.525718 1.043778
v 0.050742 -0.507029 1.027972
v 0.084437 -0.515818 1.008293
v 0.084492 -0.537576 1.018185
v 0.068560 -0.481722 1.011433
v 0.050907 -0.478317 1.019284
v 0.084574 -0.487306 0.999112
v 0.068363 -0.510398 1.020273
v 0.027243 -0.503979 1.033876
v 0.027431 -0.475198 1.025339
v 0.069000 -0.447991 1.004055
v 0.051246 -0.446862 1.012553
v 0.084911 -0.450999 0.990356
v 0.027786 -0.444519 1.018988
v 0.068862 -0.416176 1.002403
v 0.051185 -0.415128 1.010924
v 0.084734 -0.419250 0.988766
v 0.027716 -0.413451 1.017651
v 0.068816 -0.381584 1.008437
v 0.051067 -0.382429 1.017143
v 0.084635 -0.382547 0.994278
v 0.000000 -0.413777 1.020213
v 0.069867 -0.347026 1.024856
v 0.051569 -0.350286 1.033556
v 0.085199 -0.346627 1.009349
v 0.027578 -0.381724 1.024471
v 0.067816 -0.322104 1.047445
v 0.049512 -0.325567 1.056573
v 0.027939 -0.349934 1.042186
v 0.026324 -0.325989 1.066233
v 0.064658 -0.302844 1.075338
v 0.046547 -0.306808 1.085034
v 0.023741 -0.308188 1.095620
v 0.060085 -0.288302 1.107876
v 0.042368 -0.292990 1.117946
v 0.020031 -0.295277 1.129061
v 0.061083 -0.276671 1.135557
v 0.043719 -0.282240 1.145562
v 0.021654 -0.285164 1.156347
v 0.069183 -0.262393 1.154197
v 0.048473 -0.269058 1.170090
v 0.000000 -0.286820 1.157382
v 0.085199 -0.321427 1.028614
v 0.085199 -0.301468 1.050209
v 0.085199 -0.295106 1.058633
v 0.082246 -0.285911 1.073774
v 0.079074 -0.281345 1.087572
v 0.076447 -0.276470 1.103455
v 0.076341 -0.270128 1.119338
v 0.080139 -0.261497 1.132110
v 0.088427 -0.245409 1.139426
v 0.080207 -0.250960 1.122635
v 0.082266 -0.270347 1.063531
v 0.076963 -0.255034 1.108491
v 0.076756 -0.261527 1.094233
v 0.079195 -0.267517 1.079138
v 0.058933 -0.250738 1.189234
v 0.032888 -0.256764 1.202341
v 0.026366 -0.273282 1.179729
v 0.082483 -0.242034 1.163537
v 0.091194 -0.218236 1.173870
v 0.077311 -0.225412 1.193730
v 0.085856 -0.207142 1.191978
v 0.056956 -0.232016 1.213652
v 0.030072 -0.240082 1.223618
v 0.061562 -0.212107 1.224444
v 0.081238 -0.197578 1.205494
v 0.029213 -0.219759 1.243307
v 0.072663 -0.186135 1.217942
v 0.052090 -0.193393 1.241244
v 0.026886 -0.200034 1.256197
v 0.060842 -0.176292 1.233040
v 0.032707 -0.159742 1.258768
v 0.031067 -0.180216 1.258520
v 0.045447 -0.165869 1.249504
v 0.022767 -0.157756 1.261935
v 0.011766 -0.155466 1.263762
v 0.082823 -0.186997 1.195449
v 0.090110 -0.186321 1.174763
v 0.096062 -0.180819 1.132919
v 0.042807 -0.186321 1.174763
v 0.046220 -0.180683 1.132919
v 0.042807 -0.183954 1.153812
v 0.042807 -0.185540 1.211958
v 0.042807 -0.186997 1.195449
v 0.042810 -0.190833 1.140030
v 0.042807 -0.181463 1.224024
v 0.042807 -0.176292 1.233040
v 0.081793 -0.220291 1.144539
v 0.081439 -0.233571 1.142552
v 0.081738 -0.207318 1.144677
v 0.045273 -0.237412 1.047776
v 0.046043 -0.196717 1.065532
v 0.045273 -0.237412 1.064951
v 0.046220 -0.188218 1.047771
v 0.045273 -0.193976 1.141529
v 0.076757 -0.245409 1.139426
v 0.016244 -0.188218 1.047771
v 0.016244 -0.237412 1.047771
v 0.016244 -0.186558 1.055418
v 0.085378 -0.646022 1.017440
v 0.084821 -0.379027 0.959999
v 0.084769 -0.313925 0.983914
v 0.084571 -0.274704 1.045591
v -0.084769 -0.313925 0.983914
v 0.084872 -0.548962 0.991091
vt 0.587713 0.005587
vt 0.591011 0.011248
vt 0.578065 0.018822
vt 0.119555 0.723527
vt 0.104534 0.715807
vt 0.119555 0.715809
vt 0.119554 0.729545
vt 0.104533 0.723524
vt 0.119554 0.734597
vt 0.104530 0.729542
vt 0.119554 0.740054
vt 0.104530 0.734593
vt 0.119552 0.746011
vt 0.104530 0.740053
vt 0.119554 0.751878
vt 0.104529 0.746011
vt 0.119554 0.757943
vt 0.104530 0.751878
vt 0.119554 0.764185
vt 0.104530 0.757943
vt 0.119554 0.768915
vt 0.104530 0.764183
vt 0.616296 0.054668
vt 0.599556 0.055772
vt 0.612535 0.048214
vt 0.558675 0.035545
vt 0.552974 0.053389
vt 0.552974 0.035545
vt 0.825980 0.712607
vt 0.785752 0.702801
vt 0.826826 0.703366
vt 0.823517 0.721497
vt 0.785627 0.711921
vt 0.785401 0.728343
vt 0.817810 0.731078
vt 0.785370 0.730633
vt 0.816161 0.733343
vt 0.785338 0.732920
vt 0.814939 0.735614
vt 0.785307 0.735207
vt 0.813333 0.738595
vt 0.785265 0.738209
vt 0.861008 0.115303
vt 0.851307 0.074097
vt 0.859565 0.072198
vt 0.846887 0.077776
vt 0.848600 0.075551
vt 0.846365 0.080330
vt 0.846332 0.083821
vt 0.869230 0.115159
vt 0.869083 0.071004
vt 0.878617 0.115000
vt 0.861183 0.116893
vt 0.854434 0.115786
vt 0.847273 0.116575
vt 0.854611 0.117434
vt 0.847550 0.118820
vt 0.869355 0.116754
vt 0.878613 0.116627
vt 0.861125 0.119028
vt 0.854464 0.119575
vt 0.847407 0.121306
vt 0.869360 0.118959
vt 0.878605 0.118814
vt 0.421086 0.206400
vt 0.412734 0.209202
vt 0.406502 0.203890
vt 0.417352 0.210551
vt 0.408185 0.209021
vt 0.403490 0.209458
vt 0.860575 0.122542
vt 0.853738 0.122991
vt 0.846570 0.124474
vt 0.869062 0.122570
vt 0.878595 0.122436
vt 0.860239 0.125453
vt 0.853308 0.125738
vt 0.846054 0.126662
vt 0.868875 0.125557
vt 0.878586 0.125383
vt 0.859863 0.132041
vt 0.852971 0.132165
vt 0.845633 0.132643
vt 0.868697 0.132340
vt 0.878565 0.132234
vt 0.860071 0.140470
vt 0.845849 0.140384
vt 0.878540 0.141069
vt 0.868784 0.141016
vt 0.853310 0.150559
vt 0.853154 0.140280
vt 0.846014 0.150062
vt 0.860212 0.151113
vt 0.868845 0.151952
vt 0.853042 0.162341
vt 0.845604 0.162181
vt 0.860014 0.162539
vt 0.878508 0.152445
vt 0.868631 0.163513
vt 0.852922 0.173157
vt 0.845630 0.172142
vt 0.859869 0.173886
vt 0.878474 0.164105
vt 0.868580 0.175122
vt 0.852741 0.185070
vt 0.845513 0.183750
vt 0.859746 0.185757
vt 0.878416 0.186775
vt 0.868495 0.187196
vt 0.852302 0.198033
vt 0.845169 0.195915
vt 0.859500 0.198550
vt 0.878382 0.200116
vt 0.868244 0.200442
vt 0.819886 0.728819
vt 0.785501 0.720973
vt 0.853204 0.209369
vt 0.860361 0.210460
vt 0.868951 0.212702
vt 0.854685 0.220751
vt 0.861586 0.222428
vt 0.878349 0.212826
vt 0.869884 0.225078
vt 0.856322 0.232865
vt 0.863119 0.234897
vt 0.878315 0.225302
vt 0.871239 0.237718
vt 0.855906 0.243277
vt 0.862718 0.245237
vt 0.878275 0.237858
vt 0.870723 0.247780
vt 0.852511 0.251495
vt 0.859690 0.254571
vt 0.878202 0.256839
vt 0.868204 0.256752
vt 0.845339 0.205662
vt 0.845434 0.214836
vt 0.845449 0.217900
vt 0.846577 0.223441
vt 0.847846 0.227946
vt 0.848976 0.233424
vt 0.849110 0.239129
vt 0.847175 0.244748
vt 0.842204 0.250339
vt 0.819388 0.870785
vt 0.820488 0.877756
vt 0.815462 0.876104
vt 0.798016 0.861605
vt 0.799647 0.870320
vt 0.793337 0.868650
vt 0.813858 0.868697
vt 0.810509 0.873716
vt 0.808258 0.866622
vt 0.805198 0.871475
vt 0.803347 0.864785
vt 0.826826 0.880338
vt 0.823903 0.874142
vt 0.857008 0.264081
vt 0.846039 0.258491
vt 0.878116 0.266501
vt 0.866838 0.266249
vt 0.839180 0.260356
vt 0.838343 0.253778
vt 0.840432 0.266628
vt 0.848231 0.270953
vt 0.842274 0.274755
vt 0.857560 0.274780
vt 0.867635 0.275351
vt 0.878062 0.275151
vt 0.854943 0.282411
vt 0.844152 0.281305
vt 0.878010 0.284955
vt 0.867977 0.284772
vt 0.847025 0.288622
vt 0.858154 0.291605
vt 0.877976 0.292622
vt 0.868645 0.292705
vt 0.851961 0.295410
vt 0.877949 0.299212
vt 0.864309 0.305953
vt 0.858904 0.302065
vt 0.866291 0.299099
vt 0.868500 0.307482
vt 0.873046 0.309002
vt 0.877900 0.309476
vt 0.421816 0.182560
vt 0.420848 0.191171
vt 0.417297 0.187440
vt 0.413679 0.192268
vt 0.420644 0.198870
vt 0.409434 0.198674
vt 0.421810 0.213805
vt 0.576282 0.043844
vt 0.592064 0.042971
vt 0.577751 0.051381
vt 0.595809 0.049362
vt 0.598524 0.056372
vt 0.580222 0.058494
vt 0.835197 0.197818
vt 0.825740 0.200945
vt 0.823889 0.195809
vt 0.584256 0.007843
vt 0.581376 0.010610
vt 0.579037 0.013517
vt 0.577129 0.019142
vt 0.824796 0.184167
vt 0.836641 0.184846
vt 0.835453 0.192009
vt 0.838425 0.177666
vt 0.836665 0.172556
vt 0.840553 0.170551
vt 0.832454 0.174713
vt 0.827852 0.178928
vt 0.823439 0.189872
vt 0.836058 0.202203
vt 0.828641 0.205080
vt 0.575744 0.027799
vt 0.581343 0.024618
vt 0.583154 0.027797
vt 0.837439 0.205577
vt 0.833272 0.208928
vt 0.840553 0.211491
vt 0.443042 0.198792
vt 0.438384 0.203426
vt 0.438339 0.198714
vt 0.443028 0.208060
vt 0.443133 0.203508
vt 0.440861 0.194458
vt 0.436767 0.194390
vt 0.443085 0.212872
vt 0.438284 0.207977
vt 0.306293 0.316325
vt 0.292899 0.324291
vt 0.292147 0.318309
vt 0.303909 0.289746
vt 0.310031 0.322136
vt 0.575327 0.035258
vt 0.588372 0.036699
vt 0.583428 0.065205
vt 0.602279 0.062830
vt 0.310025 0.299551
vt 0.438077 0.188204
vt 0.497299 0.052187
vt 0.487111 0.069450
vt 0.486779 0.052187
vt 0.485902 0.002536
vt 0.488589 0.019800
vt 0.485904 0.019800
vt 0.622740 0.077064
vt 0.613644 0.082348
vt 0.621361 0.074691
vt 0.789434 0.771375
vt 0.785003 0.776267
vt 0.775549 0.772141
vt 0.774112 0.817645
vt 0.775869 0.830551
vt 0.763822 0.831620
vt 0.787611 0.852170
vt 0.795092 0.859279
vt 0.425642 0.218129
vt 0.443133 0.218391
vt 0.104533 0.773291
vt 0.119554 0.773288
vt 0.626286 0.071823
vt 0.603984 0.003724
vt 0.134576 0.715807
vt 0.134576 0.723526
vt 0.134576 0.729543
vt 0.134576 0.734596
vt 0.134575 0.740054
vt 0.134575 0.746009
vt 0.134576 0.751876
vt 0.134576 0.757943
vt 0.134576 0.764183
vt 0.625515 0.040654
vt 0.630313 0.046505
vt 0.547272 0.035545
vt 0.323619 0.884047
vt 0.283389 0.893848
vt 0.283266 0.884731
vt 0.321155 0.875155
vt 0.283140 0.875677
vt 0.283039 0.868309
vt 0.315449 0.865574
vt 0.317526 0.867834
vt 0.283006 0.866021
vt 0.313797 0.863309
vt 0.282975 0.863734
vt 0.312575 0.861037
vt 0.282942 0.861446
vt 0.310968 0.858059
vt 0.906156 0.074251
vt 0.896222 0.115403
vt 0.897907 0.072307
vt 0.908852 0.075723
vt 0.910548 0.077961
vt 0.911057 0.080516
vt 0.911071 0.084007
vt 0.888002 0.115211
vt 0.888395 0.071059
vt 0.878742 0.070679
vt 0.902792 0.115923
vt 0.896036 0.116992
vt 0.909950 0.116754
vt 0.902608 0.117572
vt 0.887868 0.116806
vt 0.896085 0.119129
vt 0.909661 0.119000
vt 0.902742 0.119715
vt 0.887849 0.119013
vt 0.604317 0.022339
vt 0.589733 0.024843
vt 0.595967 0.019533
vt 0.600587 0.018186
vt 0.591420 0.019710
vt 0.586725 0.019269
vt 0.896614 0.122647
vt 0.909788 0.121487
vt 0.903447 0.123136
vt 0.888126 0.122625
vt 0.896931 0.125558
vt 0.910606 0.124660
vt 0.903860 0.125884
vt 0.888295 0.125615
vt 0.897269 0.132150
vt 0.911107 0.126852
vt 0.904159 0.132313
vt 0.888434 0.132398
vt 0.897011 0.140576
vt 0.911231 0.140573
vt 0.911492 0.132835
vt 0.903713 0.150703
vt 0.896809 0.151218
vt 0.911010 0.150245
vt 0.903929 0.140425
vt 0.888297 0.141074
vt 0.888173 0.152008
vt 0.903917 0.162484
vt 0.896945 0.162644
vt 0.911354 0.162364
vt 0.888322 0.163568
vt 0.903981 0.173300
vt 0.897028 0.173991
vt 0.911277 0.172323
vt 0.888312 0.175178
vt 0.904099 0.185214
vt 0.897093 0.185861
vt 0.911333 0.183931
vt 0.878446 0.175160
vt 0.904471 0.198178
vt 0.897272 0.198657
vt 0.911614 0.196098
vt 0.888337 0.187251
vt 0.903512 0.209511
vt 0.896351 0.210564
vt 0.888520 0.200501
vt 0.887748 0.212758
vt 0.901979 0.220892
vt 0.895066 0.222529
vt 0.886749 0.225126
vt 0.900271 0.233006
vt 0.893458 0.234985
vt 0.885313 0.237757
vt 0.900616 0.243431
vt 0.893791 0.245312
vt 0.885754 0.247826
vt 0.903929 0.251701
vt 0.895385 0.254977
vt 0.878238 0.247826
vt 0.911394 0.205843
vt 0.911257 0.215017
vt 0.911204 0.218049
vt 0.910151 0.223704
vt 0.908811 0.228169
vt 0.907527 0.233555
vt 0.907503 0.239374
vt 0.909335 0.245004
vt 0.914237 0.250694
vt 0.317035 0.725769
vt 0.318137 0.718898
vt 0.321554 0.722510
vt 0.295665 0.735091
vt 0.297296 0.726324
vt 0.300988 0.731720
vt 0.311508 0.728112
vt 0.313114 0.720552
vt 0.305903 0.729964
vt 0.308160 0.722937
vt 0.302847 0.725170
vt 0.324474 0.716313
vt 0.899191 0.264261
vt 0.889346 0.266451
vt 0.887311 0.256803
vt 0.910269 0.258799
vt 0.917103 0.260755
vt 0.918038 0.254196
vt 0.915773 0.267002
vt 0.907922 0.271234
vt 0.913842 0.275100
vt 0.898570 0.274987
vt 0.888483 0.275488
vt 0.901114 0.282640
vt 0.911910 0.281625
vt 0.888054 0.284884
vt 0.908973 0.288921
vt 0.897816 0.291801
vt 0.887313 0.292802
vt 0.903900 0.295689
vt 0.891523 0.306090
vt 0.889607 0.299215
vt 0.896969 0.302254
vt 0.887318 0.307577
vt 0.882759 0.309049
vt 0.605035 0.046180
vt 0.600518 0.041297
vt 0.604070 0.037568
vt 0.596902 0.036468
vt 0.603872 0.029869
vt 0.592663 0.030059
vt 0.605047 0.014936
vt 0.618081 0.027818
vt 0.626634 0.014524
vt 0.632463 0.019525
vt 0.626545 0.040054
vt 0.621787 0.034231
vt 0.637426 0.025186
vt 0.183109 0.186192
vt 0.192564 0.189322
vt 0.181257 0.191328
vt 0.591381 0.003693
vt 0.595209 0.002553
vt 0.598891 0.001953
vt 0.604726 0.003071
vt 0.182162 0.202976
vt 0.192819 0.195131
vt 0.194006 0.202301
vt 0.195794 0.209481
vt 0.197923 0.216596
vt 0.194036 0.214592
vt 0.189823 0.212436
vt 0.185219 0.208217
vt 0.180804 0.197268
vt 0.186013 0.182055
vt 0.193427 0.184936
vt 0.609284 0.012582
vt 0.612842 0.006197
vt 0.619635 0.009458
vt 0.194811 0.181560
vt 0.190643 0.178209
vt 0.197925 0.175645
vt 0.192303 0.238938
vt 0.187644 0.234305
vt 0.192392 0.234225
vt 0.192288 0.229673
vt 0.190121 0.243274
vt 0.187598 0.239017
vt 0.187546 0.229756
vt 0.192344 0.224861
vt 0.754053 0.057072
vt 0.767447 0.065036
vt 0.753301 0.063051
vt 0.771184 0.059225
vt 0.765076 0.091619
vt 0.607410 0.009439
vt 0.614452 0.021512
vt 0.641680 0.031291
vt 0.771187 0.081812
vt 0.187335 0.249525
vt 0.186025 0.243339
vt 0.850619 0.063039
vt 0.867880 0.052847
vt 0.867883 0.063035
vt 0.727054 0.001953
vt 0.724371 0.019216
vt 0.724370 0.001953
vt 0.632595 0.071327
vt 0.631211 0.068956
vt 0.641680 0.066023
vt 0.289632 0.826452
vt 0.282900 0.858444
vt 0.287076 0.825277
vt 0.261462 0.765028
vt 0.271750 0.779004
vt 0.272461 0.790137
vt 0.285260 0.744479
vt 0.269538 0.742066
vt 0.290984 0.727995
vt 0.174902 0.219607
vt 0.174667 0.225172
vt 0.134575 0.773288
vt 0.134576 0.768915
vt 0.104530 0.768916
vt 0.558675 0.053389
vt 0.585398 0.031683
vt 0.425408 0.212567
vt 0.308926 0.292162
vt 0.497296 0.069450
vt 0.488584 0.001953
vt 0.798846 0.767450
vt 0.797744 0.768782
vt 0.795551 0.769578
vt 0.791993 0.770202
vt 0.781428 0.783853
vt 0.780978 0.843233
vt 0.771890 0.854582
vt 0.774822 0.806513
vt 0.778071 0.793814
vt 0.547275 0.053391
vt 0.324462 0.893288
vt 0.611555 0.016451
vt 0.770091 0.089201
vt 0.850617 0.052520
vt 0.727054 0.019800
vt 0.295383 0.827871
vt 0.296486 0.829203
vt 0.293190 0.827075
vt 0.273192 0.824510
vt 0.279069 0.812798
vt 0.282644 0.820385
vt 0.275710 0.802837
vt 0.278623 0.753417
vt 0.273509 0.766097
vt 0.292741 0.737366
vt 0.192389 0.219342
vn -0.0000 0.8394 -0.5435
vn 0.0000 0.8338 -0.5521
vn -0.1536 0.9046 -0.3976
vn -0.0000 0.3747 -0.9271
vn 0.0000 0.2051 -0.9787
vn -0.0000 0.6398 -0.7685
vn 0.0000 0.8191 -0.5736
vn -0.0000 0.9418 -0.3362
vn -0.0000 0.9986 -0.0528
vn -0.0000 0.9691 0.2468
vn -0.0000 0.8540 0.5203
vn -0.0000 0.6734 0.7393
vn 0.0000 0.5696 0.8219
vn 0.0000 0.9989 -0.0469
vn -0.0079 0.9978 0.0654
vn 0.0000 0.9998 0.0187
vn 0.0000 0.0000 -1.0000
vn 0.0000 -1.0000 0.0000
vn -0.1305 -0.9914 -0.0000
vn -0.4016 -0.9158 0.0000
vn -0.5000 -0.8660 0.0000
vn -0.8179 -0.5753 -0.0000
vn -0.8660 -0.5000 0.0000
vn -0.9854 -0.1703 -0.0000
vn -0.9914 -0.1305 0.0000
vn -1.0000 0.0031 0.0011
vn -1.0000 0.0047 0.0017
vn -0.3428 0.4551 0.8218
vn -0.4869 0.3375 0.8056
vn -0.3288 0.3734 0.8674
vn -0.5943 0.2423 0.7669
vn -0.6660 0.0767 0.7420
vn -0.4782 0.3876 0.7881
vn -0.5728 0.3533 0.7396
vn -0.1748 0.4689 0.8658
vn -0.1637 0.3843 0.9086
vn 0.0000 0.4707 0.8823
vn -0.3250 0.7194 0.6139
vn -0.5194 0.4300 0.7385
vn -0.3429 0.4551 0.8218
vn -0.6187 0.4120 0.6690
vn -0.6186 0.4120 0.6690
vn -0.4989 0.6773 0.5407
vn -0.5914 0.6714 0.4466
vn -0.1673 0.7425 0.6486
vn -0.3250 0.7193 0.6139
vn -0.0000 0.7450 0.6671
vn -0.2533 0.9204 0.2980
vn -0.4989 0.6773 0.5406
vn -0.5914 0.6714 0.4465
vn -0.4065 0.8742 0.2656
vn -0.4854 0.8476 0.2145
vn -0.1278 0.9427 0.3081
vn -0.0000 0.9484 0.3170
vn -0.9890 0.0151 0.1469
vn -0.9940 -0.0001 0.1098
vn -0.9919 -0.0100 0.1264
vn -0.9946 0.0097 0.1032
vn -0.9943 -0.0180 0.1054
vn -0.9944 -0.0502 0.0929
vn -0.2421 0.9347 0.2601
vn -0.4034 0.8794 0.2528
vn -0.5174 0.8082 0.2813
vn -0.1217 0.9567 0.2644
vn 0.0000 0.9649 0.2626
vn -0.3110 0.7890 0.5299
vn -0.4962 0.7140 0.4940
vn -0.6012 0.6286 0.4934
vn -0.1582 0.8201 0.5499
vn 0.0000 0.8347 0.5507
vn -0.3513 0.5222 0.7771
vn -0.5396 0.4659 0.7013
vn -0.6337 0.4193 0.6501
vn -0.1800 0.5475 0.8172
vn -0.0000 0.5590 0.8292
vn -0.3538 0.3306 0.8750
vn -0.6362 0.2770 0.7201
vn 0.0000 0.3517 0.9361
vn -0.1804 0.3451 0.9211
vn -0.5432 0.2108 0.8127
vn -0.5400 0.2994 0.7866
vn -0.6428 0.1982 0.7399
vn -0.3538 0.2302 0.9065
vn -0.1804 0.2387 0.9542
vn -0.5526 0.1097 0.8262
vn -0.6539 0.1049 0.7493
vn -0.3572 0.1209 0.9262
vn -0.0000 0.2421 0.9703
vn -0.1838 0.1194 0.9757
vn -0.5528 -0.0504 0.8318
vn -0.6537 -0.0299 0.7562
vn -0.3586 -0.0641 0.9313
vn -0.0000 0.1186 0.9929
vn -0.1858 -0.0816 0.9792
vn -0.5527 -0.2596 0.7919
vn -0.6511 -0.2080 0.7300
vn -0.3603 -0.3051 0.8815
vn 0.0000 -0.3502 0.9367
vn -0.1870 -0.3454 0.9196
vn -0.5564 -0.4560 0.6947
vn -0.5528 -0.2596 0.7919
vn -0.6502 -0.3823 0.6566
vn -0.3643 -0.5271 0.7677
vn 0.0000 -0.5990 0.8008
vn -0.1898 -0.5890 0.7855
vn -0.0767 -0.9971 -0.0000
vn -0.5410 -0.6039 0.5853
vn -0.3574 -0.6975 0.6211
vn -0.1841 -0.7666 0.6152
vn -0.5408 -0.6992 0.4676
vn -0.3476 -0.8106 0.4714
vn 0.0000 -0.7831 0.6219
vn -0.1757 -0.8762 0.4487
vn -0.3476 -0.8105 0.4714
vn -0.5254 -0.7738 0.3538
vn -0.3425 -0.8671 0.3617
vn 0.0000 -0.8947 0.4467
vn -0.1697 -0.9199 0.3536
vn -0.5478 -0.7716 0.3233
vn -0.3772 -0.8576 0.3497
vn -0.0000 -0.9353 0.3539
vn -0.1975 -0.9048 0.3773
vn -0.6387 -0.6857 0.3490
vn -0.4743 -0.7779 0.4123
vn -0.0031 -0.8749 0.4843
vn -0.2605 -0.8451 0.4668
vn -0.5564 -0.4560 0.6946
vn -0.6328 -0.5123 0.5806
vn -0.6239 -0.6008 0.4999
vn -0.6333 -0.5120 0.5803
vn -0.6249 -0.6182 0.4767
vn -0.6398 -0.6405 0.4247
vn -0.6421 -0.6698 0.3730
vn -0.6249 -0.6183 0.4766
vn -0.6184 -0.7203 0.3144
vn -0.6188 -0.7292 0.2921
vn -0.6729 -0.6685 0.3168
vn -0.7490 -0.5981 0.2851
vn -0.9904 -0.1019 -0.0933
vn -0.9469 -0.2182 -0.2363
vn -0.9941 -0.0838 -0.0692
vn -0.9971 0.0537 0.0547
vn -0.9847 0.0991 0.1431
vn -0.9976 0.0495 0.0477
vn -0.9980 0.0145 0.0623
vn -0.9966 0.0265 0.0784
vn -0.9842 0.0859 0.1551
vn -0.9827 0.0914 0.1614
vn -0.9831 0.1013 0.1526
vn -0.9826 0.0914 0.1614
vn -0.8910 -0.3068 -0.3348
vn -0.9409 -0.2295 -0.2490
vn -0.5561 -0.6751 0.4847
vn -0.7512 -0.5552 0.3571
vn -0.0012 -0.8064 0.5914
vn -0.3017 -0.7681 0.5649
vn -0.8183 -0.4709 0.3297
vn -0.7942 -0.5398 0.2789
vn -0.8099 -0.4270 0.4021
vn -0.7481 -0.4602 0.4781
vn -0.7927 -0.3685 0.4856
vn -0.5473 -0.5654 0.6170
vn -0.3075 -0.6859 0.6596
vn 0.0000 -0.7364 0.6765
vn -0.6578 -0.3724 0.6547
vn -0.7693 -0.2694 0.5793
vn 0.0000 -0.6247 0.7809
vn -0.3495 -0.5646 0.7477
vn -0.7538 -0.1454 0.6408
vn -0.6420 -0.2191 0.7347
vn -0.0000 -0.4124 0.9110
vn -0.3426 -0.3467 0.8732
vn -0.7134 -0.0849 0.6956
vn -0.0000 -0.1394 0.9902
vn -0.4182 -0.0445 0.9073
vn -0.6224 -0.0652 0.7800
vn -0.4157 -0.1144 0.9023
vn -0.2152 -0.0509 0.9752
vn -0.1052 -0.0195 0.9943
vn 0.0000 0.0099 1.0000
vn -0.8883 0.2392 0.3921
vn -0.9355 0.1313 0.3279
vn -0.9269 0.1759 0.3316
vn -0.9613 0.0622 0.2683
vn -0.9653 0.0416 0.2580
vn -0.9802 0.0165 0.1975
vn -0.9957 0.0276 0.0888
vn -0.0050 1.0000 -0.0006
vn -0.0000 0.9974 0.0725
vn 0.0000 0.9968 0.0796
vn -0.0006 0.9910 0.1336
vn -0.0094 0.9938 0.1105
vn -0.0016 0.9911 0.1330
vn 1.0000 -0.0001 0.0000
vn -0.0313 0.8673 -0.4968
vn -0.1328 0.9354 -0.3278
vn -0.0483 0.8968 -0.4397
vn -0.1245 0.8852 -0.4483
vn 1.0000 -0.0000 -0.0002
vn 1.0000 -0.0003 -0.0001
vn 1.0000 -0.0001 -0.0002
vn 1.0000 -0.0001 -0.0001
vn 1.0000 -0.0001 0.0001
vn -0.0433 0.8780 -0.4766
vn -0.0445 0.8676 -0.4953
vn -0.0416 0.8923 -0.4496
vn 1.0000 -0.0001 0.0004
vn 1.0000 -0.0001 0.0002
vn 1.0000 -0.0000 0.0002
vn 1.0000 -0.0002 -0.0000
vn 0.0000 0.1916 -0.9815
vn -0.0000 0.0799 -0.9968
vn -0.0000 0.2080 -0.9781
vn 0.0000 -0.1112 -0.9938
vn 0.0004 0.0788 -0.9969
vn -0.0000 0.5647 -0.8253
vn 0.0000 0.7111 -0.7031
vn 0.0004 -0.3964 -0.9181
vn -0.0000 -0.1441 -0.9896
vn -0.9999 -0.0081 0.0060
vn -0.9998 -0.0192 0.0005
vn -0.9998 -0.0189 0.0000
vn -0.9986 -0.0522 0.0056
vn -0.9998 -0.0188 0.0033
vn -0.0248 0.9763 -0.2149
vn -0.0067 0.9999 -0.0116
vn -0.0027 0.9889 0.1486
vn -0.0049 0.9988 -0.0486
vn -0.9983 -0.0576 0.0051
vn 0.0000 0.9495 -0.3139
vn 0.0000 -0.0001 -1.0000
vn 1.0000 0.0000 0.0000
vn 0.0000 0.9772 -0.2121
vn -0.0194 0.9901 -0.1389
vn -0.0066 0.9896 -0.1439
vn -1.0000 0.0087 0.0030
vn -1.0000 0.0067 0.0030
vn -1.0000 -0.0002 0.0031
vn -1.0000 -0.0003 0.0031
vn -0.9999 0.0141 -0.0097
vn -0.9999 0.0142 -0.0097
vn 0.0008 -0.5456 -0.8380
vn 0.0000 0.5706 0.8212
vn 0.0000 0.9937 -0.1124
vn 0.1539 0.9045 -0.3976
vn 0.0079 0.9978 0.0654
vn 0.0049 0.9988 -0.0486
vn 0.1305 -0.9914 -0.0000
vn 0.4016 -0.9158 -0.0000
vn 0.0767 -0.9971 -0.0000
vn 0.5000 -0.8660 0.0000
vn 0.8179 -0.5753 -0.0000
vn 0.8660 -0.5000 0.0000
vn 0.9854 -0.1703 0.0000
vn 0.9914 -0.1305 0.0000
vn 1.0000 0.0031 0.0011
vn 0.4869 0.3375 0.8056
vn 0.3428 0.4551 0.8218
vn 0.3288 0.3734 0.8674
vn 0.6660 0.0767 0.7420
vn 0.5943 0.2423 0.7669
vn 0.4782 0.3876 0.7881
vn 0.5728 0.3533 0.7396
vn 0.1748 0.4690 0.8657
vn 0.1637 0.3843 0.9086
vn 0.0000 0.3876 0.9218
vn 0.5194 0.4300 0.7385
vn 0.3250 0.7194 0.6139
vn 0.6187 0.4120 0.6690
vn 0.4990 0.6773 0.5406
vn 0.1673 0.7425 0.6486
vn 0.1748 0.4689 0.8658
vn 0.4989 0.6773 0.5406
vn 0.2533 0.9204 0.2980
vn 0.3250 0.7193 0.6139
vn 0.5914 0.6715 0.4465
vn 0.4065 0.8742 0.2655
vn 0.1278 0.9427 0.3081
vn 0.9890 0.0151 0.1469
vn 0.9919 -0.0100 0.1264
vn 0.9940 -0.0001 0.1098
vn 0.9946 0.0097 0.1032
vn 0.9943 -0.0180 0.1054
vn 0.9944 -0.0502 0.0929
vn 0.2421 0.9347 0.2602
vn 0.4854 0.8476 0.2145
vn 0.4034 0.8794 0.2528
vn 0.2533 0.9203 0.2980
vn 0.1217 0.9567 0.2644
vn 0.3110 0.7890 0.5299
vn 0.5174 0.8082 0.2813
vn 0.4962 0.7140 0.4939
vn 0.1582 0.8201 0.5499
vn 0.3513 0.5222 0.7771
vn 0.6012 0.6286 0.4934
vn 0.5397 0.4660 0.7011
vn 0.1800 0.5475 0.8172
vn 0.3537 0.3306 0.8750
vn 0.3513 0.5222 0.7772
vn 0.6362 0.2769 0.7201
vn 0.6337 0.4193 0.6501
vn 0.5432 0.2108 0.8127
vn 0.3539 0.2301 0.9065
vn 0.6428 0.1982 0.7399
vn 0.5400 0.2994 0.7866
vn 0.1805 0.3450 0.9211
vn 0.1803 0.2387 0.9542
vn 0.5526 0.1097 0.8262
vn 0.3572 0.1209 0.9262
vn 0.6538 0.1049 0.7493
vn 0.1838 0.1193 0.9757
vn 0.5528 -0.0504 0.8318
vn 0.3586 -0.0641 0.9313
vn 0.6537 -0.0299 0.7562
vn 0.1856 -0.0815 0.9792
vn 0.5528 -0.2596 0.7919
vn 0.3603 -0.3051 0.8815
vn 0.6511 -0.2080 0.7300
vn 0.0000 -0.0830 0.9965
vn 0.5564 -0.4560 0.6946
vn 0.3643 -0.5271 0.7677
vn 0.6502 -0.3823 0.6566
vn 0.1871 -0.3455 0.9196
vn 0.5411 -0.6038 0.5854
vn 0.5564 -0.4560 0.6947
vn 0.3575 -0.6975 0.6211
vn 0.1897 -0.5890 0.7855
vn 0.1841 -0.7666 0.6152
vn 0.5425 -0.6975 0.4682
vn 0.3475 -0.8106 0.4714
vn 0.1757 -0.8763 0.4487
vn 0.5250 -0.7740 0.3539
vn 0.3425 -0.8671 0.3617
vn 0.1697 -0.9199 0.3536
vn 0.5473 -0.7712 0.3251
vn 0.3772 -0.8572 0.3506
vn 0.1945 -0.9064 0.3750
vn 0.6345 -0.6887 0.3509
vn 0.4543 -0.7868 0.4177
vn -0.0020 -0.9241 0.3821
vn 0.6333 -0.5121 0.5803
vn 0.6224 -0.6033 0.4986
vn 0.6226 -0.6188 0.4790
vn 0.6467 -0.6324 0.4264
vn 0.6448 -0.6721 0.3641
vn 0.6128 -0.7281 0.3072
vn 0.6195 -0.7279 0.2938
vn 0.6733 -0.6701 0.3125
vn 0.7490 -0.5981 0.2851
vn 0.9904 -0.1027 -0.0930
vn 0.9464 -0.2196 -0.2367
vn 0.9403 -0.2311 -0.2498
vn 0.9971 0.0533 0.0535
vn 0.9848 0.0998 0.1422
vn 0.9830 0.1024 0.1521
vn 0.9979 0.0152 0.0636
vn 0.9941 -0.0842 -0.0684
vn 0.9840 0.0866 0.1555
vn 0.9965 0.0264 0.0788
vn 0.9824 0.0928 0.1621
vn 0.8910 -0.3068 -0.3348
vn 0.5556 -0.6761 0.4840
vn 0.3013 -0.7672 0.5662
vn 0.2439 -0.8490 0.4687
vn 0.7490 -0.5580 0.3573
vn 0.8183 -0.4709 0.3297
vn 0.7942 -0.5398 0.2789
vn 0.8100 -0.4269 0.4021
vn 0.7481 -0.4602 0.4781
vn 0.7927 -0.3685 0.4856
vn 0.5473 -0.5654 0.6170
vn 0.3075 -0.6859 0.6596
vn 0.6578 -0.3724 0.6546
vn 0.7693 -0.2694 0.5793
vn 0.3495 -0.5646 0.7477
vn 0.7536 -0.1414 0.6420
vn 0.6579 -0.3724 0.6546
vn 0.6433 -0.2166 0.7343
vn 0.3426 -0.3467 0.8732
vn 0.7139 -0.0743 0.6963
vn 0.4182 -0.0445 0.9073
vn 0.4166 -0.1141 0.9019
vn 0.6250 -0.0639 0.7780
vn 0.2152 -0.0509 0.9752
vn 0.1052 -0.0195 0.9943
vn 0.8883 0.2392 0.3921
vn 0.9269 0.1759 0.3316
vn 0.9355 0.1313 0.3279
vn 0.9613 0.0622 0.2683
vn 0.9653 0.0416 0.2580
vn 0.9802 0.0165 0.1975
vn 0.9957 0.0276 0.0888
vn 0.0050 1.0000 -0.0006
vn 0.0094 0.9938 0.1105
vn 0.0009 0.9910 0.1337
vn 0.0014 0.9911 0.1330
vn -1.0000 -0.0001 0.0000
vn 0.0313 0.8673 -0.4968
vn 0.1539 0.9046 -0.3976
vn 0.1328 0.9354 -0.3278
vn 0.0483 0.8968 -0.4397
vn 0.1252 0.8852 -0.4480
vn -1.0000 -0.0000 -0.0002
vn -1.0000 -0.0003 -0.0001
vn -1.0000 -0.0001 -0.0002
vn -1.0000 -0.0001 -0.0001
vn -1.0000 -0.0001 0.0001
vn 0.0418 0.8926 -0.4490
vn 0.0437 0.8781 -0.4764
vn 0.0249 0.9766 -0.2135
vn -1.0000 -0.0001 0.0004
vn -1.0000 -0.0001 0.0002
vn -1.0000 -0.0000 0.0002
vn -1.0000 -0.0002 -0.0000
vn -0.0000 0.0788 -0.9969
vn 0.0007 -0.1112 -0.9938
vn -0.0004 -0.3964 -0.9181
vn 0.9998 -0.0192 0.0005
vn 0.9999 -0.0081 0.0060
vn 0.9998 -0.0189 0.0000
vn 0.9998 -0.0188 0.0033
vn 0.9986 -0.0522 0.0056
vn 0.0450 0.8677 -0.4951
vn 0.0437 0.8782 -0.4764
vn 0.0067 0.9999 -0.0116
vn 0.0027 0.9889 0.1486
vn 0.9983 -0.0576 0.0051
vn 0.0002 0.0000 -1.0000
vn -1.0000 0.0000 0.0000
vn 0.0066 0.9896 -0.1439
vn 0.0194 0.9901 -0.1389
vn 1.0000 0.0087 0.0029
vn 1.0000 0.0047 0.0017
vn 1.0000 -0.0003 0.0031
vn 1.0000 -0.0002 0.0031
vn 0.9999 0.0142 -0.0097
vn 1.0000 0.0083 -0.0045
vn 0.9977 0.0494 0.0472
vn -0.0008 -0.5456 -0.8381
vn -0.0006 -0.4894 -0.8721
vn -0.3250 0.7193 0.6140
vn -0.4990 0.6773 0.5406
vn -0.5914 0.6715 0.4465
vn -0.2533 0.9203 0.2980
vn -0.6505 -0.3824 0.6562
vn -0.3017 -0.7680 0.5649
vn -0.0263 0.9718 -0.2342
vn -0.0007 -0.1441 -0.9896
vn 0.0006 -0.4894 -0.8721
vn -0.9998 -0.0192 0.0008
vn -0.0002 0.0000 -1.0000
vn -1.0000 0.0086 0.0030
vn -1.0000 0.0087 0.0029
vn -1.0000 0.0086 0.0031
vn -1.0000 0.0022 0.0031
vn -1.0000 0.0053 -0.0018
vn -1.0000 0.0083 -0.0045
vn 0.0008 -0.5456 -0.8381
vn 0.5000 -0.8660 0.0001
vn 0.8660 -0.5000 0.0001
vn 0.4989 0.6773 0.5407
vn 0.3250 0.7193 0.6140
vn 0.6186 0.4120 0.6690
vn 0.5914 0.6714 0.4466
vn 0.5914 0.6714 0.4465
vn 0.5527 -0.2596 0.7919
vn 0.0264 0.9719 -0.2339
vn -0.0003 0.0799 -0.9968
vn 0.9998 -0.0192 0.0008
vn 1.0000 0.0087 0.0030
vn 1.0000 0.0067 0.0030
vn 1.0000 0.0022 0.0031
vn 1.0000 0.0053 -0.0018
vn -0.0008 -0.5456 -0.8380
g predohran_2_predohran_2_low_Cube:003.001_body
usemtl body
s 1
f 4120/7792/4823 4121/7793/4824 4122/7794/4825
f 4123/7795/4826 4122/7796/4827 4121/7797/4827
f 4124/7798/4828 4125/7799/4826 4123/7795/4826
f 4126/7800/4829 4127/7801/4828 4124/7798/4828
f 4128/7802/4830 4129/7803/4829 4126/7800/4829
f 4130/7804/4831 4131/7805/4830 4128/7802/4830
f 4132/7806/4832 4133/7807/4831 4130/7804/4831
f 4134/7808/4833 4135/7809/4832 4132/7806/4832
f 4136/7810/4834 4137/7811/4833 4134/7808/4833
f 4138/7812/4835 4139/7813/4834 4136/7810/4834
f 4140/7814/4836 4141/7815/4837 4142/7816/4838
f 4143/7817/4839 4144/7818/4839 4145/7819/4839
f 4146/7820/4840 4147/7821/4840 4148/7822/4840
f 4149/7823/4840 4150/7824/4840 4146/7820/4840
f 4151/7825/4841 4152/7826/4842 4153/7827/4843
f 4153/7827/4843 4154/7828/4844 4155/7829/4845
f 4155/7829/4845 4156/7830/4846 4157/7831/4847
f 4157/7831/4847 4158/7832/4848 4159/7833/4849
f 4160/7834/4850 4161/7835/4851 4149/7836/4852
f 4161/7835/4851 4154/7837/4853 4152/7838/4854
f 4161/7835/4851 4156/7839/4855 4154/7837/4853
f 4158/7840/4856 4156/7839/4855 4161/7835/4851
f 4149/7836/4852 4162/7841/4857 4160/7834/4850
f 4146/7842/4858 4163/7843/4859 4162/7841/4857
f 4164/7844/4860 4165/7845/4861 4160/7834/4862
f 4158/7840/4856 4165/7845/4861 4166/7846/4863
f 4166/7846/4864 4167/7847/4865 4168/7848/4866
f 4160/7834/4850 4169/7849/4867 4164/7844/4868
f 4162/7841/4857 4170/7850/4869 4169/7849/4867
f 4171/7851/4870 4167/7847/4871 4164/7844/4868
f 4168/7848/4872 4172/7852/4873 4173/7853/4874
f 4164/7844/4868 4174/7854/4875 4171/7851/4870
f 4169/7849/4867 4175/7855/4876 4174/7854/4875
f 4176/7856/4877 4177/7857/4878 4178/7858/4879
f 4179/7859/4880 4177/7857/4878 4176/7856/4877
f 4177/7857/4878 4180/7860/4881 4178/7858/4879
f 4178/7858/4879 4180/7860/4881 4181/7861/4882
f 4182/7862/4883 4172/7852/4873 4171/7851/4870
f 4173/7853/4874 4183/7863/4884 4184/7864/4885
f 4171/7851/4870 4185/7865/4886 4182/7862/4883
f 4174/7854/4875 4186/7866/4887 4185/7865/4886
f 4187/7867/4888 4183/7863/4884 4182/7862/4883
f 4184/7864/4885 4188/7868/4889 4189/7869/4890
f 4182/7862/4883 4190/7870/4891 4187/7867/4888
f 4185/7865/4886 4191/7871/4892 4190/7870/4891
f 4192/7872/4893 4188/7868/4889 4187/7867/4888
f 4189/7869/4890 4193/7873/4894 4194/7874/4895
f 4187/7867/4888 4195/7875/4896 4192/7872/4893
f 4190/7870/4891 4196/7876/4897 4195/7875/4896
f 4197/7877/4898 4193/7873/4894 4192/7872/4893
f 4193/7873/4894 4198/7878/4899 4194/7874/4895
f 4195/7875/4896 4197/7877/4898 4192/7872/4893
f 4195/7875/4896 4199/7879/4900 4200/7880/4901
f 4197/7877/4898 4201/7881/4902 4202/7882/4903
f 4202/7882/4903 4203/7883/4904 4198/7878/4899
f 4200/7880/4901 4204/7884/4905 4197/7877/4898
f 4199/7879/4900 4205/7885/4906 4200/7880/4901
f 4204/7884/4905 4206/7886/4907 4201/7881/4902
f 4201/7881/4902 4207/7887/4908 4203/7883/4904
f 4205/7885/4906 4208/7888/4909 4204/7884/4905
f 4209/7889/4910 4210/7890/4911 4205/7885/4906
f 4208/7888/4909 4211/7891/4912 4206/7886/4907
f 4206/7886/4907 4212/7892/4913 4207/7887/4908
f 4210/7890/4911 4213/7893/4914 4208/7888/4909
f 4214/7894/4915 4215/7895/4916 4210/7890/4911
f 4213/7893/4914 4216/7896/4917 4211/7891/4912
f 4211/7891/4912 4217/7897/4918 4212/7892/4913
f 4215/7895/4916 4218/7898/4919 4213/7893/4914
f 4215/7895/4916 4219/7899/4920 4220/7900/4921
f 4218/7898/4919 4221/7901/4922 4216/7896/4923
f 4216/7896/4923 4222/7902/4924 4217/7897/4918
f 4220/7900/4921 4223/7903/4925 4218/7898/4919
f 4220/7900/4921 4224/7904/4926 4225/7905/4927
f 4161/7906/4928 4226/7907/4840 4149/7823/4840
f 4223/7903/4925 4227/7908/4929 4221/7901/4922
f 4225/7905/4927 4228/7909/4930 4223/7903/4925
f 4224/7904/4926 4229/7910/4931 4225/7905/4927
f 4228/7909/4930 4230/7911/4932 4227/7908/4929
f 4229/7910/4931 4231/7912/4933 4228/7909/4930
f 4232/7913/4934 4233/7914/4935 4229/7910/4931
f 4231/7912/4936 4234/7915/4937 4230/7911/4932
f 4233/7914/4935 4235/7916/4938 4231/7912/4933
f 4236/7917/4939 4237/7918/4940 4233/7914/4935
f 4235/7916/4938 4238/7919/4941 4234/7915/4937
f 4237/7918/4940 4239/7920/4942 4235/7916/4938
f 4240/7921/4943 4241/7922/4944 4237/7918/4940
f 4239/7920/4942 4242/7923/4945 4238/7919/4941
f 4241/7922/4944 4243/7924/4946 4239/7920/4942
f 4241/7922/4944 4244/7925/4947 4245/7926/4948
f 4221/7901/4949 4246/7927/4950 4222/7902/4924
f 4247/7928/4951 4246/7927/4952 4227/7908/4929
f 4248/7929/4953 4247/7928/4951 4230/7911/4932
f 4249/7930/4954 4230/7911/4932 4250/7931/4955
f 4249/7930/4954 4248/7929/4956 4230/7911/4932
f 4230/7911/4932 4234/7915/4937 4250/7931/4955
f 4250/7931/4955 4234/7915/4937 4251/7932/4957
f 4252/7933/4958 4234/7915/4937 4238/7919/4941
f 4227/7908/4929 4230/7911/4932 4247/7928/4951
f 4252/7933/4958 4238/7919/4941 4253/7934/4959
f 4253/7934/4959 4242/7923/4945 4254/7935/4960
f 4252/7936/4961 4255/7937/4962 4256/7938/4963
f 4248/7939/4964 4257/7940/4965 4258/7941/4966
f 4251/7942/4967 4256/7938/4963 4259/7943/4968
f 4250/7944/4969 4259/7943/4968 4260/7945/4970
f 4249/7946/4971 4260/7945/4972 4257/7940/4965
f 4254/7947/4973 4255/7937/4962 4253/7948/4974
f 4242/7923/4945 4261/7949/4975 4262/7950/4976
f 4245/7926/4948 4261/7949/4975 4243/7924/4946
f 4245/7926/4948 4263/7951/4977 4264/7952/4978
f 4262/7950/4976 4254/7935/4960 4242/7923/4945
f 4178/7953/4979 4181/7954/4980 4262/7950/4976
f 4265/7955/4981 4178/7953/4979 4262/7950/4976
f 4262/7950/4976 4261/7949/4975 4266/7956/4982
f 4265/7955/4981 4266/7956/4982 4267/7957/4983
f 4264/7952/4978 4268/7958/4984 4261/7949/4975
f 4261/7949/4975 4268/7958/4984 4266/7956/4982
f 4269/7959/4985 4263/7951/4977 4270/7960/4986
f 4271/7961/4987 4266/7956/4982 4268/7958/4984
f 4272/7962/4988 4266/7956/4982 4271/7961/4987
f 4269/7959/4985 4273/7963/4989 4274/7964/4990
f 4275/7965/4991 4272/7962/4988 4271/7961/4987
f 4268/7958/4984 4269/7959/4985 4271/7961/4987
f 4274/7964/4990 4271/7961/4987 4269/7959/4985
f 4271/7961/4987 4274/7964/4990 4276/7966/4992
f 4277/7967/4993 4274/7964/4990 4273/7963/4989
f 4274/7964/4990 4278/7968/4994 4276/7966/4992
f 4271/7961/4987 4276/7966/4992 4275/7965/4991
f 4279/7969/4995 4275/7965/4991 4276/7966/4992
f 4280/7970/4996 4278/7968/4994 4277/7967/4993
f 4281/7971/4997 4282/7972/4998 4283/7973/4999
f 4284/7974/5000 4281/7971/4997 4283/7973/4999
f 4284/7974/5000 4280/7970/4996 4285/7975/5001
f 4280/7970/4996 4120/7976/5002 4285/7975/5001
f 4284/7974/5000 4283/7973/4999 4280/7970/4996
f 4280/7970/4996 4283/7973/4999 4278/7968/4994
f 4278/7968/4994 4283/7973/4999 4276/7966/4992
f 4282/7972/4998 4276/7966/4992 4283/7973/4999
f 4275/7977/5003 4286/7978/5004 4272/7979/5005
f 4272/7979/5005 4286/7978/5004 4267/7980/5006
f 4286/7978/5004 4287/7981/5007 4267/7980/5006
f 4265/7982/5008 4287/7981/5007 4176/7856/4877
f 4265/7982/5008 4176/7856/4877 4178/7858/4879
f 4176/7856/4877 4288/7983/5009 4179/7859/4880
f 4286/7984/5010 4289/7985/5011 4287/7986/5012
f 4290/7987/5013 4291/7988/5014 4176/7989/5015
f 4287/7986/5012 4290/7987/5013 4176/7989/5015
f 4292/7990/5016 4129/7991/5016 4131/7992/5016
f 4285/7993/5017 4120/7792/4823 4122/7794/4825
f 4285/7993/5017 4122/7794/4825 4284/7994/5018
f 4284/7994/5018 4122/7794/4825 4281/7995/5019
f 4281/7995/5019 4122/7794/4825 4282/7996/5020
f 4135/7997/5016 4289/7998/5016 4293/7999/5016
f 4290/8000/5021 4294/8001/5021 4141/8002/5022
f 4294/8001/5023 4290/8000/5023 4139/8003/5023
f 4139/8003/5024 4289/7998/5024 4137/8004/5024
f 4137/8004/5016 4289/7998/5016 4135/7997/5016
f 4135/7997/5016 4293/7999/5016 4133/8005/5016
f 4133/8005/5016 4293/7999/5016 4131/7992/5016
f 4129/7991/5025 4295/8006/5025 4127/8007/5025
f 4279/8008/5026 4296/8009/5027 4295/8010/5028
f 4295/8006/5025 4296/8011/5029 4127/8007/5025
f 4127/8007/5030 4296/8011/5030 4125/8012/5030
f 4125/8012/5031 4296/8011/5031 4122/8013/5031
f 4139/8003/5032 4290/8000/5032 4289/7998/5032
f 4181/8014/5033 4297/8015/5034 4298/8016/5035
f 4177/8017/5036 4297/8015/5034 4180/8018/5037
f 4254/8019/5038 4298/8016/5035 4299/8020/5039
f 4179/8021/5040 4300/8022/5041 4177/8017/5036
f 4301/8023/5042 4302/8024/5043 4303/8025/5044
f 4301/8023/5042 4304/8026/5045 4305/8027/5046
f 4296/8009/5027 4282/7996/5020 4122/7794/4825
f 4275/8028/5047 4293/8029/5048 4286/7984/5010
f 4176/7989/5015 4291/7988/5014 4288/8030/5049
f 4141/7815/4837 4306/8031/5050 4291/7988/5014
f 4304/8026/5045 4306/8032/5051 4305/8027/5046
f 4254/8019/5038 4299/8020/5039 4255/8033/5052
f 4307/8034/5053 4302/8035/5053 4305/8036/5053
f 4307/8037/5054 4143/8038/5054 4308/8039/5054
f 4307/8040/5055 4305/8041/5056 4309/8042/5057
f 4306/8031/5050 4309/8042/5057 4305/8041/5056
f 4189/8043/5058 4194/8044/5058 4310/8045/5059
f 4212/8046/5060 4217/8047/5061 4311/8048/5061
f 4246/8049/5062 4247/8050/5063 4258/7941/4966
f 4291/8051/5064 4179/8021/5040 4288/8052/5064
f 4293/7999/5016 4292/7990/5016 4131/7992/5016
f 4141/8053/5065 4138/7812/4835 4142/8054/5065
f 4309/8042/5057 4306/8031/5050 4144/8055/5066
f 4306/8031/5050 4140/7814/4836 4144/8055/5066
f 4120/7792/4823 4312/8056/5067 4121/7793/4824
f 4312/8057/4827 4123/7795/4826 4121/7797/4827
f 4313/8058/4826 4124/7798/4828 4123/7795/4826
f 4314/8059/4828 4126/7800/4829 4124/7798/4828
f 4315/8060/4829 4128/7802/4830 4126/7800/4829
f 4316/8061/4830 4130/7804/4831 4128/7802/4830
f 4317/8062/4831 4132/7806/4832 4130/7804/4831
f 4318/8063/4832 4134/7808/4833 4132/7806/4832
f 4319/8064/4833 4136/7810/4834 4134/7808/4833
f 4320/8065/4834 4138/7812/4835 4136/7810/4834
f 4140/7814/4836 4321/8066/5068 4322/8067/5069
f 4144/7818/4839 4323/8068/4839 4145/7819/4839
f 4324/8069/4840 4147/8070/4840 4325/8071/4840
f 4326/8072/4840 4325/8071/4840 4327/8073/4840
f 4328/8074/5070 4329/8075/5071 4330/8076/5072
f 4331/8077/5073 4332/8078/5074 4329/8075/5071
f 4333/8079/5075 4334/8080/5076 4332/8078/5074
f 4335/8081/5077 4336/8082/5078 4334/8080/5076
f 4330/8083/5079 4337/8084/5080 4326/8085/5081
f 4330/8083/5079 4329/8086/5082 4332/8087/5083
f 4330/8083/5079 4332/8087/5083 4334/8088/5084
f 4336/8089/5085 4330/8083/5079 4334/8088/5084
f 4326/8085/5081 4338/8090/5086 4324/8091/5087
f 4324/8091/5087 4163/7843/4859 4148/8092/5088
f 4339/8093/5089 4340/8094/5090 4337/8084/5080
f 4336/8089/5085 4339/8093/5089 4330/8083/5079
f 4341/8095/5091 4342/8096/5092 4339/8093/5089
f 4337/8084/5080 4343/8097/5093 4338/8090/5094
f 4338/8090/5086 4170/7850/4869 4163/7843/4859
f 4342/8096/5095 4344/8098/5096 4340/8094/5097
f 4345/8099/5098 4346/8100/5099 4342/8096/5095
f 4340/8094/5090 4347/8101/5100 4343/8097/5093
f 4343/8097/5093 4175/7855/4876 4170/7850/4869
f 4348/8102/5101 4349/8103/5102 4350/8104/5103
f 4351/8105/5104 4348/8102/5101 4350/8104/5103
f 4350/8104/5103 4349/8103/5102 4352/8106/5105
f 4349/8103/5102 4353/8107/5106 4352/8106/5105
f 4346/8100/5099 4354/8108/5107 4344/8098/5096
f 4355/8109/5108 4356/8110/5109 4346/8100/5099
f 4344/8098/5110 4357/8111/5111 4347/8101/5100
f 4347/8101/5100 4186/7866/4887 4175/7855/4876
f 4356/8110/5109 4358/8112/5112 4354/8108/5107
f 4359/8113/5113 4360/8114/5114 4356/8110/5109
f 4354/8108/5107 4361/8115/5115 4357/8111/5111
f 4357/8111/5111 4191/7871/4892 4186/7866/4887
f 4360/8114/5114 4362/8116/5116 4358/8112/5112
f 4363/8117/5117 4364/8118/5118 4360/8114/5114
f 4358/8112/5112 4365/8119/5119 4361/8115/5115
f 4361/8115/5115 4196/7876/4897 4191/7871/4892
f 4364/8118/5118 4366/8120/5120 4362/8116/5121
f 4367/8121/5122 4364/8118/5118 4368/8122/5123
f 4366/8120/5120 4365/8119/5119 4362/8116/5116
f 4365/8119/5119 4199/7879/4900 4196/7876/4897
f 4366/8120/5120 4369/8123/5124 4370/8124/5125
f 4371/8125/5126 4372/8126/5127 4367/8121/5122
f 4370/8124/5125 4373/8127/5128 4366/8120/5120
f 4374/8128/5129 4199/7879/4900 4373/8127/5128
f 4370/8124/5125 4375/8129/5130 4376/8130/5131
f 4377/8131/5132 4369/8123/5124 4371/8125/5126
f 4376/8130/5131 4374/8128/5129 4370/8124/5125
f 4378/8132/5133 4209/7889/4910 4374/8128/5129
f 4376/8130/5131 4379/8133/5134 4380/8134/5135
f 4381/8135/5136 4375/8129/5130 4377/8131/5132
f 4380/8134/5135 4378/8132/5133 4376/8130/5131
f 4382/8136/5137 4214/7894/4915 4378/8132/5133
f 4380/8134/5135 4383/8137/5138 4384/8138/5139
f 4385/8139/5140 4379/8133/5134 4381/8135/5136
f 4384/8138/5139 4382/8136/5137 4380/8134/5135
f 4382/8136/5137 4219/7899/4920 4386/8140/5141
f 4384/8138/5139 4387/8141/5142 4388/8142/5143
f 4389/8143/5144 4383/8137/5138 4385/8139/5140
f 4388/8142/5143 4390/8144/5145 4384/8138/5139
f 4390/8144/5145 4224/7904/4926 4219/7899/4920
f 4330/8076/5072 4327/8073/4840 4328/8074/5070
f 4391/8145/5146 4388/8142/5143 4387/8141/5147
f 4392/8146/5148 4393/8147/5149 4388/8142/5143
f 4394/8148/5150 4224/7904/4926 4393/8147/5149
f 4395/8149/5151 4392/8146/5148 4391/8145/5146
f 4396/8150/5152 4394/8148/5150 4392/8146/5148
f 4397/8151/5153 4232/7913/4934 4394/8148/5150
f 4398/8152/5154 4396/8150/5152 4395/8149/5151
f 4399/8153/5155 4397/8151/5153 4396/8150/5152
f 4400/8154/5156 4236/7917/4939 4397/8151/5153
f 4401/8155/5157 4399/8153/5155 4398/8152/5154
f 4402/8156/5158 4400/8154/5156 4399/8153/5155
f 4403/8157/5159 4240/7921/4943 4400/8154/5156
f 4404/8158/5160 4402/8156/5158 4401/8155/5157
f 4405/8159/5161 4403/8157/5159 4402/8156/5158
f 4403/8157/5159 4244/7925/4947 4406/8160/5162
f 4387/8141/5147 4407/8161/5163 4391/8145/5146
f 4408/8162/5164 4391/8145/5146 4407/8161/5163
f 4409/8163/5165 4395/8149/5151 4408/8162/5164
f 4410/8164/5166 4411/8165/5167 4395/8149/5151
f 4410/8164/5166 4395/8149/5151 4409/8163/5165
f 4395/8149/5151 4411/8165/5167 4398/8152/5154
f 4411/8165/5167 4412/8166/5168 4398/8152/5154
f 4413/8167/5169 4398/8152/5154 4412/8166/5168
f 4391/8145/5146 4408/8162/5164 4395/8149/5151
f 4413/8167/5169 4414/8168/5170 4401/8155/5157
f 4404/8158/5160 4414/8168/5170 4415/8169/5171
f 4413/8170/5172 4416/8171/5173 4414/8172/5174
f 4409/8173/5175 4417/8174/5176 4410/8175/5177
f 4412/8176/5178 4418/8177/5179 4413/8170/5172
f 4411/8178/5180 4419/8179/5181 4412/8176/5178
f 4410/8175/5177 4420/8180/5182 4411/8178/5180
f 4415/8181/5183 4414/8172/5174 4416/8171/5173
f 4404/8158/5160 4421/8182/5184 4405/8159/5161
f 4405/8159/5161 4422/8183/5185 4423/8184/5186
f 4423/8184/5186 4263/7951/4977 4244/7925/4947
f 4415/8169/5171 4424/8185/5187 4404/8158/5160
f 4349/8186/5188 4424/8185/5187 4353/8187/5189
f 4425/8188/5190 4424/8185/5187 4349/8186/5188
f 4424/8185/5187 4426/8189/5191 4421/8182/5184
f 4426/8189/5191 4425/8188/5190 4427/8190/5192
f 4428/8191/5193 4422/8183/5185 4421/8182/5184
f 4421/8182/5184 4426/8189/5191 4428/8191/5193
f 4263/7951/4977 4429/8192/5194 4270/7960/4986
f 4430/8193/5195 4428/8191/5193 4426/8189/5191
f 4431/8194/5196 4426/8189/5191 4427/8190/5192
f 4273/7963/4989 4429/8192/5194 4432/8195/5197
f 4433/8196/5198 4430/8193/5199 4431/8194/5196
f 4428/8191/5193 4430/8193/5195 4429/8192/5194
f 4432/8195/5197 4429/8192/5194 4430/8193/5199
f 4430/8193/5199 4434/8197/5200 4432/8195/5197
f 4277/7967/4993 4432/8195/5197 4435/8198/5201
f 4432/8195/5197 4434/8197/5200 4435/8198/5201
f 4430/8193/5195 4433/8196/5198 4434/8197/5200
f 4436/8199/5202 4434/8197/5200 4433/8196/5198
f 4280/7970/4996 4277/7967/4993 4435/8198/5201
f 4437/8200/5203 4438/8201/5204 4439/8202/5205
f 4440/8203/5206 4438/8201/5204 4437/8200/5203
f 4440/8203/5206 4441/8204/5207 4280/7970/4996
f 4280/7970/4996 4441/8204/5207 4120/7976/5002
f 4440/8203/5206 4280/7970/4996 4438/8201/5204
f 4280/7970/4996 4435/8198/5201 4438/8201/5204
f 4435/8198/5201 4434/8197/5200 4438/8201/5204
f 4439/8202/5205 4434/8197/5200 4436/8199/5202
f 4433/8205/5208 4431/8206/5209 4442/8207/5210
f 4431/8206/5209 4427/8208/5211 4442/8207/5210
f 4442/8207/5210 4427/8208/5211 4443/8209/5212
f 4425/8210/5213 4443/8209/5212 4427/8208/5211
f 4425/8210/5213 4349/8103/5102 4348/8102/5101
f 4348/8102/5101 4351/8105/5104 4444/8211/5214
f 4445/8212/5011 4442/8213/5215 4443/8214/5012
f 4446/8215/5216 4447/8216/5217 4348/8217/5218
f 4447/8216/5217 4443/8214/5012 4348/8217/5218
f 4315/8218/5219 4448/8219/5219 4316/8220/5219
f 4441/8221/5220 4312/8056/5221 4120/7792/4823
f 4441/8221/5220 4440/8222/5222 4312/8056/5067
f 4440/8222/5222 4437/8223/5223 4312/8056/5067
f 4437/8223/5223 4439/8224/5224 4312/8056/5221
f 4318/8225/5219 4449/8226/5219 4445/8227/5219
f 4447/8228/5225 4321/8229/5226 4450/8230/5225
f 4450/8230/5227 4320/8231/5227 4447/8228/5227
f 4320/8231/5228 4319/8232/5228 4445/8227/5228
f 4319/8232/5219 4318/8225/5219 4445/8227/5219
f 4318/8225/5219 4317/8233/5219 4449/8226/5219
f 4317/8233/5219 4316/8220/5219 4449/8226/5219
f 4315/8218/5229 4314/8234/5229 4451/8235/5229
f 4451/8236/5230 4436/8237/5231 4433/8238/5232
f 4451/8235/5229 4314/8234/5229 4452/8239/5233
f 4314/8234/5234 4313/8240/5234 4452/8239/5234
f 4313/8240/5235 4312/8241/5235 4452/8239/5235
f 4320/8231/5236 4445/8227/5236 4447/8228/5236
f 4353/8242/5033 4453/8243/5034 4352/8244/5237
f 4453/8243/5034 4350/8245/5238 4352/8244/5237
f 4415/8246/5038 4454/8247/5035 4353/8242/5033
f 4455/8248/5041 4351/8249/5239 4350/8245/5036
f 4456/8250/5240 4457/8251/5241 4458/8252/5242
f 4457/8251/5241 4459/8253/5243 4460/8254/5244
f 4452/8255/5245 4439/8224/5224 4436/8237/5246
f 4449/8256/5247 4433/8238/5232 4442/8213/5215
f 4348/8217/5218 4444/8257/5248 4446/8215/5216
f 4321/8066/5068 4446/8215/5216 4322/8067/5069
f 4322/8258/5249 4460/8254/5244 4459/8253/5243
f 4415/8246/5038 4416/8259/5052 4461/8260/5039
f 4462/8261/5250 4456/8262/5250 4463/8263/5250
f 4323/8264/5251 4462/8265/5251 4463/8266/5251
f 4462/8267/5055 4464/8268/5252 4459/8269/5253
f 4322/8067/5069 4459/8269/5253 4464/8268/5252
f 4359/8270/5254 4465/8271/5255 4363/8272/5254
f 4466/8273/5256 4381/8274/5257 4377/8275/5256
f 4407/8276/5258 4467/8277/5259 4468/8278/5260
f 4446/8279/5261 4351/8249/5239 4460/8280/5262
f 4449/8226/5219 4316/8220/5219 4448/8219/5219
f 4321/8281/5065 4138/7812/4835 4450/8282/4835
f 4464/8268/5252 4144/8055/5066 4322/8067/5069
f 4322/8067/5069 4144/8055/5066 4140/7814/4836
f 4123/7795/4826 4125/7799/4826 4122/7796/4827
f 4124/7798/4828 4127/7801/4828 4125/7799/4826
f 4126/7800/4829 4129/7803/4829 4127/7801/4828
f 4128/7802/4830 4131/7805/4830 4129/7803/4829
f 4130/7804/4831 4133/7807/4831 4131/7805/4830
f 4132/7806/4832 4135/7809/4832 4133/7807/4831
f 4134/7808/4833 4137/7811/4833 4135/7809/4832
f 4136/7810/4834 4139/7813/4834 4137/7811/4833
f 4138/7812/4835 4294/8283/4835 4139/7813/4834
f 4140/7814/4836 4306/8031/5050 4141/7815/4837
f 4143/7817/4839 4309/8284/4839 4144/7818/4839
f 4146/7820/4840 4150/7824/4840 4147/7821/4840
f 4149/7823/4840 4226/7907/4840 4150/7824/4840
f 4151/7825/4841 4161/7906/4928 4152/7826/4842
f 4153/7827/4843 4152/7826/4842 4154/7828/4844
f 4155/7829/4845 4154/7828/4844 4156/7830/4846
f 4157/7831/4847 4156/7830/4846 4158/7832/4848
f 4160/7834/4850 4165/7845/4861 4161/7835/4851
f 4149/7836/4852 4146/7842/4858 4162/7841/4857
f 4146/7842/4858 4148/8092/5088 4163/7843/4859
f 4164/7844/5263 4167/7847/4865 4165/7845/4861
f 4158/7840/4856 4161/7835/4851 4165/7845/4861
f 4166/7846/4863 4165/7845/4861 4167/7847/5264
f 4160/7834/4850 4162/7841/4857 4169/7849/4867
f 4162/7841/4857 4163/7843/4859 4170/7850/4869
f 4171/7851/4870 4172/7852/4873 4167/7847/4871
f 4168/7848/5265 4167/7847/4871 4172/7852/4873
f 4164/7844/4860 4169/7849/4867 4174/7854/4875
f 4169/7849/4867 4170/7850/4869 4175/7855/4876
f 4182/7862/4883 4183/7863/4884 4172/7852/4873
f 4173/7853/4874 4172/7852/4873 4183/7863/4884
f 4171/7851/5266 4174/7854/4875 4185/7865/4886
f 4174/7854/4875 4175/7855/4876 4186/7866/4887
f 4187/7867/4888 4188/7868/4889 4183/7863/4884
f 4184/7864/4885 4183/7863/4884 4188/7868/4889
f 4182/7862/4883 4185/7865/4886 4190/7870/4891
f 4185/7865/4886 4186/7866/4887 4191/7871/4892
f 4192/7872/4893 4193/7873/4894 4188/7868/4889
f 4189/7869/4890 4188/7868/4889 4193/7873/4894
f 4187/7867/4888 4190/7870/4891 4195/7875/4896
f 4190/7870/4891 4191/7871/4892 4196/7876/4897
f 4197/7877/4898 4202/7882/4903 4193/7873/4894
f 4193/7873/4894 4202/7882/4903 4198/7878/4899
f 4195/7875/4896 4200/7880/4901 4197/7877/4898
f 4195/7875/4896 4196/7876/4897 4199/7879/4900
f 4197/7877/4898 4204/7884/4905 4201/7881/4902
f 4202/7882/4903 4201/7881/4902 4203/7883/4904
f 4200/7880/4901 4205/7885/4906 4204/7884/4905
f 4199/7879/4900 4209/7889/4910 4205/7885/4906
f 4204/7884/4905 4208/7888/4909 4206/7886/4907
f 4201/7881/4902 4206/7886/4907 4207/7887/4908
f 4205/7885/4906 4210/7890/4911 4208/7888/4909
f 4209/7889/4910 4214/7894/4915 4210/7890/4911
f 4208/7888/4909 4213/7893/4914 4211/7891/4912
f 4206/7886/4907 4211/7891/4912 4212/7892/4913
f 4210/7890/4911 4215/7895/4916 4213/7893/4914
f 4214/7894/4915 4386/8140/5141 4215/7895/4916
f 4213/7893/4914 4218/7898/4919 4216/7896/4923
f 4211/7891/4912 4216/7896/4923 4217/7897/4918
f 4215/7895/4916 4220/7900/4921 4218/7898/4919
f 4215/7895/4916 4386/8140/5141 4219/7899/4920
f 4218/7898/4919 4223/7903/4925 4221/7901/4949
f 4216/7896/4923 4221/7901/4922 4222/7902/5267
f 4220/7900/4921 4225/7905/4927 4223/7903/4925
f 4220/7900/4921 4219/7899/4920 4224/7904/4926
f 4161/7906/4928 4151/7825/4841 4226/7907/4840
f 4223/7903/4925 4228/7909/4930 4227/7908/4929
f 4225/7905/4927 4229/7910/4931 4228/7909/4930
f 4224/7904/4926 4232/7913/4934 4229/7910/4931
f 4228/7909/4930 4231/7912/4936 4230/7911/4932
f 4229/7910/4931 4233/7914/4935 4231/7912/4933
f 4232/7913/4934 4236/7917/4939 4233/7914/4935
f 4231/7912/4933 4235/7916/4938 4234/7915/4937
f 4233/7914/4935 4237/7918/4940 4235/7916/4938
f 4236/7917/4939 4240/7921/4943 4237/7918/4940
f 4235/7916/4938 4239/7920/4942 4238/7919/4941
f 4237/7918/4940 4241/7922/4944 4239/7920/4942
f 4240/7921/4943 4406/8160/5162 4241/7922/4944
f 4239/7920/4942 4243/7924/4946 4242/7923/4945
f 4241/7922/4944 4245/7926/4948 4243/7924/4946
f 4241/7922/4944 4406/8160/5162 4244/7925/4947
f 4221/7901/4922 4227/7908/4929 4246/7927/4952
f 4252/7933/4958 4251/7932/4957 4234/7915/4937
f 4253/7934/4959 4238/7919/4941 4242/7923/4945
f 4252/7936/4961 4253/7948/4974 4255/7937/4962
f 4248/7939/4964 4249/7946/4971 4257/7940/4965
f 4251/7942/4967 4252/7936/4961 4256/7938/4963
f 4250/7944/4969 4251/7942/4967 4259/7943/4968
f 4249/7946/4971 4250/7944/4969 4260/7945/4972
f 4242/7923/4945 4243/7924/4946 4261/7949/4975
f 4245/7926/4948 4264/7952/4978 4261/7949/4975
f 4245/7926/4948 4244/7925/4947 4263/7951/4977
f 4262/7950/4976 4181/7954/4980 4254/7935/4960
f 4265/7955/4981 4262/7950/4976 4266/7956/4982
f 4264/7952/5268 4269/7959/4985 4268/7958/4984
f 4269/7959/4985 4264/7952/4978 4263/7951/4977
f 4272/7962/4988 4267/7957/4983 4266/7956/4982
f 4269/7959/4985 4270/7960/4986 4273/7963/4989
f 4277/7967/4993 4278/7968/4994 4274/7964/4990
f 4282/7972/4998 4279/7969/4995 4276/7966/4992
f 4265/7982/5008 4267/7980/5006 4287/7981/5007
f 4286/7984/5010 4293/8029/5048 4289/7985/5011
f 4290/7987/5013 4141/7815/4837 4291/7988/5014
f 4287/7986/5012 4289/7985/5011 4290/7987/5013
f 4292/7990/5016 4295/8006/5016 4129/7991/5016
f 4295/8010/5028 4292/8285/5269 4275/8028/5047
f 4275/8028/5047 4279/8008/5026 4295/8010/5028
f 4181/8014/5033 4180/8018/5237 4297/8015/5034
f 4177/8017/5036 4300/8022/5270 4297/8015/5034
f 4254/8019/5038 4181/8014/5033 4298/8016/5035
f 4179/8021/5040 4304/8286/5271 4300/8022/5041
f 4301/8023/5042 4305/8027/5046 4302/8024/5272
f 4296/8009/5027 4279/8008/5026 4282/7996/5020
f 4275/8028/5047 4292/8285/5269 4293/8029/5048
f 4304/8026/5045 4291/8287/5051 4306/8032/5051
f 4307/8034/5273 4308/8288/5273 4302/8035/5273
f 4307/8037/5054 4309/8289/5054 4143/8038/5054
f 4158/7832/4848 4166/8290/5058 4159/7833/4849
f 4166/8290/5058 4168/8291/5274 4173/8292/5058
f 4159/7833/4849 4166/8290/5058 4184/8293/5274
f 4173/8292/5058 4184/8293/5274 4166/8290/5058
f 4310/8045/5059 4159/7833/4849 4189/8043/5058
f 4189/8043/5275 4159/7833/4849 4184/8293/5276
f 4194/8044/5058 4198/8294/5277 4310/8045/5059
f 4217/8047/5061 4222/8295/5278 4311/8048/5061
f 4222/8295/5278 4469/8296/5279 4311/8048/5061
f 4311/8048/5061 4310/8045/5059 4207/8297/5061
f 4212/8046/5060 4311/8048/5061 4207/8297/5061
f 4310/8045/5059 4198/8294/5277 4203/8298/5061
f 4310/8045/5059 4203/8298/5061 4207/8297/5061
f 4247/8050/5063 4248/7939/4964 4258/7941/4966
f 4258/7941/4966 4469/8296/5279 4246/8049/5062
f 4469/8296/5279 4222/8295/5278 4246/8049/5062
f 4291/8051/5280 4304/8286/5271 4179/8021/5040
f 4141/8053/5065 4294/8283/4835 4138/7812/4835
f 4312/8057/4827 4313/8058/4826 4123/7795/4826
f 4313/8058/4826 4314/8059/4828 4124/7798/4828
f 4314/8059/4828 4315/8060/4829 4126/7800/4829
f 4315/8060/4829 4316/8061/4830 4128/7802/4830
f 4316/8061/4830 4317/8062/4831 4130/7804/4831
f 4317/8062/4831 4318/8063/4832 4132/7806/4832
f 4318/8063/4832 4319/8064/4833 4134/7808/4833
f 4319/8064/4833 4320/8065/4834 4136/7810/4834
f 4320/8065/4834 4450/8282/4835 4138/7812/4835
f 4140/7814/4836 4142/7816/4838 4321/8066/5068
f 4144/7818/4839 4464/8299/4839 4323/8068/4839
f 4324/8069/4840 4148/8300/4840 4147/8070/4840
f 4326/8072/4840 4324/8069/4840 4325/8071/4840
f 4328/8074/5070 4331/8077/5073 4329/8075/5071
f 4331/8077/5281 4333/8079/5075 4332/8078/5074
f 4333/8079/5282 4335/8081/5077 4334/8080/5076
f 4335/8081/5077 4465/8271/5255 4336/8082/5078
f 4330/8083/5079 4339/8093/5089 4337/8084/5080
f 4326/8085/5081 4337/8084/5080 4338/8090/5086
f 4324/8091/5087 4338/8090/5086 4163/7843/4859
f 4339/8093/5089 4342/8096/5283 4340/8094/5284
f 4336/8089/5085 4341/8095/5091 4339/8093/5089
f 4341/8095/5285 4345/8099/5286 4342/8096/5283
f 4337/8084/5080 4340/8094/5097 4343/8097/5093
f 4338/8090/5086 4343/8097/5093 4170/7850/4869
f 4342/8096/5283 4346/8100/5099 4344/8098/5096
f 4345/8099/5287 4355/8109/5108 4346/8100/5099
f 4340/8094/5097 4344/8098/5096 4347/8101/5100
f 4343/8097/5093 4347/8101/5100 4175/7855/4876
f 4346/8100/5099 4356/8110/5109 4354/8108/5107
f 4355/8109/5108 4359/8113/5113 4356/8110/5109
f 4344/8098/5096 4354/8108/5107 4357/8111/5111
f 4347/8101/5100 4357/8111/5111 4186/7866/4887
f 4356/8110/5109 4360/8114/5114 4358/8112/5112
f 4359/8113/5113 4363/8117/5117 4360/8114/5114
f 4354/8108/5107 4358/8112/5112 4361/8115/5115
f 4357/8111/5111 4361/8115/5115 4191/7871/4892
f 4360/8114/5114 4364/8118/5118 4362/8116/5116
f 4363/8117/5117 4368/8122/5123 4364/8118/5118
f 4358/8112/5112 4362/8116/5116 4365/8119/5119
f 4361/8115/5115 4365/8119/5119 4196/7876/4897
f 4364/8118/5118 4372/8126/5127 4366/8120/5120
f 4367/8121/5122 4372/8126/5127 4364/8118/5118
f 4366/8120/5120 4373/8127/5128 4365/8119/5119
f 4365/8119/5119 4373/8127/5128 4199/7879/4900
f 4366/8120/5120 4372/8126/5127 4369/8123/5124
f 4371/8125/5126 4369/8123/5124 4372/8126/5127
f 4370/8124/5125 4374/8128/5129 4373/8127/5128
f 4374/8128/5129 4209/7889/4910 4199/7879/4900
f 4370/8124/5125 4369/8123/5124 4375/8129/5130
f 4377/8131/5132 4375/8129/5130 4369/8123/5124
f 4376/8130/5131 4378/8132/5133 4374/8128/5129
f 4378/8132/5133 4214/7894/4915 4209/7889/4910
f 4376/8130/5131 4375/8129/5130 4379/8133/5134
f 4381/8135/5136 4379/8133/5134 4375/8129/5130
f 4380/8134/5135 4382/8136/5137 4378/8132/5133
f 4382/8136/5137 4386/8140/5141 4214/7894/4915
f 4380/8134/5135 4379/8133/5134 4383/8137/5288
f 4385/8139/5140 4383/8137/5138 4379/8133/5134
f 4384/8138/5139 4390/8144/5145 4382/8136/5137
f 4382/8136/5137 4390/8144/5145 4219/7899/4920
f 4384/8138/5139 4383/8137/5138 4387/8141/5147
f 4389/8143/5144 4387/8141/5147 4383/8137/5138
f 4388/8142/5143 4393/8147/5149 4390/8144/5145
f 4390/8144/5145 4393/8147/5149 4224/7904/4926
f 4330/8076/5072 4326/8072/4840 4327/8073/4840
f 4391/8145/5146 4392/8146/5148 4388/8142/5143
f 4392/8146/5148 4394/8148/5150 4393/8147/5149
f 4394/8148/5150 4232/7913/4934 4224/7904/4926
f 4395/8149/5151 4396/8150/5152 4392/8146/5148
f 4396/8150/5152 4397/8151/5153 4394/8148/5150
f 4397/8151/5153 4236/7917/4939 4232/7913/4934
f 4398/8152/5154 4399/8153/5155 4396/8150/5152
f 4399/8153/5155 4400/8154/5156 4397/8151/5153
f 4400/8154/5156 4240/7921/4943 4236/7917/4939
f 4401/8155/5157 4402/8156/5158 4399/8153/5155
f 4402/8156/5158 4403/8157/5159 4400/8154/5156
f 4403/8157/5159 4406/8160/5162 4240/7921/4943
f 4404/8158/5160 4405/8159/5161 4402/8156/5158
f 4405/8159/5161 4423/8184/5186 4403/8157/5159
f 4403/8157/5159 4423/8184/5186 4244/7925/4947
f 4387/8141/5142 4389/8143/5144 4407/8161/5163
f 4413/8167/5169 4401/8155/5157 4398/8152/5154
f 4404/8158/5160 4401/8155/5157 4414/8168/5170
f 4413/8170/5172 4418/8177/5179 4416/8171/5173
f 4409/8173/5175 4468/8278/5260 4417/8174/5176
f 4412/8176/5178 4419/8179/5181 4418/8177/5179
f 4411/8178/5180 4420/8180/5182 4419/8179/5181
f 4410/8175/5177 4417/8174/5176 4420/8180/5182
f 4404/8158/5160 4424/8185/5187 4421/8182/5184
f 4405/8159/5161 4421/8182/5184 4422/8183/5185
f 4423/8184/5186 4422/8183/5185 4263/7951/4977
f 4415/8169/5171 4353/8187/5189 4424/8185/5187
f 4426/8189/5191 4424/8185/5187 4425/8188/5190
f 4428/8191/5193 4429/8192/5194 4422/8183/5185
f 4263/7951/4977 4422/8183/5185 4429/8192/5194
f 4431/8194/5196 4430/8193/5195 4426/8189/5191
f 4273/7963/4989 4270/7960/4986 4429/8192/5194
f 4277/7967/4993 4273/7963/4989 4432/8195/5197
f 4439/8202/5205 4438/8201/5204 4434/8197/5200
f 4425/8210/5213 4348/8102/5101 4443/8209/5212
f 4445/8212/5011 4449/8256/5247 4442/8213/5215
f 4446/8215/5216 4321/8066/5068 4447/8216/5217
f 4447/8216/5217 4445/8212/5011 4443/8214/5012
f 4315/8218/5219 4451/8235/5219 4448/8219/5219
f 4433/8238/5232 4448/8301/5289 4451/8236/5230
f 4451/8236/5230 4452/8255/5245 4436/8237/5246
f 4353/8242/5033 4454/8247/5035 4453/8243/5034
f 4453/8243/5290 4455/8248/5041 4350/8245/5036
f 4415/8246/5038 4461/8260/5039 4454/8247/5035
f 4455/8248/5041 4460/8280/5262 4351/8249/5239
f 4456/8250/5291 4459/8253/5243 4457/8251/5241
f 4452/8255/5245 4312/8056/5067 4439/8224/5224
f 4449/8256/5247 4448/8301/5289 4433/8238/5232
f 4322/8258/5249 4446/8302/5249 4460/8254/5244
f 4462/8261/5053 4459/8303/5053 4456/8262/5053
f 4323/8264/5251 4464/8304/5251 4462/8265/5251
f 4345/8305/5292 4341/8306/5292 4355/8307/5292
f 4341/8306/5292 4336/8082/5078 4465/8271/5255
f 4465/8271/5255 4470/8308/5293 4363/8272/5292
f 4341/8306/5292 4359/8270/5292 4355/8307/5292
f 4470/8308/5293 4367/8309/5294 4368/8310/5292
f 4470/8308/5293 4368/8310/5292 4363/8272/5292
f 4341/8306/5292 4465/8271/5255 4359/8270/5292
f 4371/8311/5256 4367/8309/5294 4470/8308/5293
f 4470/8308/5293 4466/8273/5256 4377/8275/5256
f 4466/8273/5256 4467/8277/5259 4389/8312/5295
f 4381/8274/5257 4466/8273/5256 4385/8313/5256
f 4389/8312/5295 4385/8313/5256 4466/8273/5256
f 4377/8275/5256 4371/8311/5256 4470/8308/5293
f 4468/8278/5260 4409/8173/5175 4408/8314/5258
f 4407/8276/5258 4389/8312/5295 4467/8277/5259
f 4468/8278/5260 4408/8314/5258 4407/8276/5258
f 4446/8279/5296 4444/8315/5296 4351/8249/5239
f 4321/8281/5065 4142/8054/5065 4138/7812/4835
o shtok_low_shtok_low_Circle:001.001
v -0.114958 -0.128351 0.838440
v -0.114958 -0.128351 0.825215
v -0.119479 -0.129562 0.825215
v -0.124000 -0.137392 0.838440
v -0.124000 -0.137392 0.825215
v -0.122789 -0.141913 0.825215
v -0.107128 -0.141913 0.838440
v -0.107128 -0.141913 0.825215
v -0.105917 -0.137392 0.825215
v -0.110438 -0.129562 0.838440
v -0.110438 -0.129562 0.825215
v -0.122789 -0.132872 0.838440
v -0.122789 -0.132872 0.825215
v -0.110438 -0.145223 0.838440
v -0.110438 -0.145223 0.825215
v -0.119479 -0.145223 0.825215
v -0.114958 -0.146434 0.825215
v -0.114958 -0.146434 0.838440
v -0.107128 -0.132872 0.838440
v -0.107128 -0.132872 0.825215
v -0.119479 -0.129562 0.838440
v -0.122789 -0.141913 0.838440
v -0.105917 -0.137392 0.838440
v -0.108555 -0.141089 0.840697
v -0.119231 -0.134925 0.842022
v -0.121362 -0.133695 0.840697
v -0.122352 -0.137392 0.840697
v -0.119479 -0.145223 0.838440
v -0.114958 -0.144786 0.840697
v -0.111261 -0.130989 0.840697
v -0.118655 -0.130989 0.840697
v -0.111261 -0.143796 0.840697
v -0.121362 -0.141089 0.840697
v -0.108555 -0.133695 0.840697
v -0.114958 -0.129998 0.840697
v -0.107564 -0.137392 0.840697
v -0.119892 -0.137392 0.842022
v -0.114958 -0.137392 0.842138
v -0.110686 -0.139859 0.842022
v -0.118655 -0.143796 0.840697
v -0.114958 -0.142326 0.842022
v -0.110686 -0.134925 0.842022
v -0.117425 -0.133119 0.842022
v -0.112491 -0.141665 0.842022
v -0.117425 -0.141665 0.842022
v -0.114958 -0.132458 0.842022
v -0.110024 -0.137392 0.842022
v -0.112491 -0.133119 0.842022
v -0.114958 -0.146434 0.469225
v -0.114958 -0.146434 0.482450
v -0.119479 -0.145223 0.482450
v -0.119231 -0.139859 0.842022
v -0.110438 -0.129562 0.469225
v -0.110438 -0.129562 0.482450
v -0.107128 -0.132872 0.482450
v -0.122789 -0.132872 0.482450
v -0.119479 -0.129562 0.482450
v -0.119479 -0.129562 0.469225
v -0.110438 -0.145223 0.469225
v -0.110438 -0.145223 0.482450
v -0.119479 -0.145223 0.469225
v -0.122789 -0.141913 0.482450
v -0.107128 -0.132872 0.469225
v -0.105917 -0.137392 0.482450
v -0.114958 -0.128351 0.482450
v -0.122789 -0.141913 0.469225
v -0.124000 -0.137392 0.482450
v -0.105917 -0.137392 0.469225
v -0.107128 -0.141913 0.482450
v -0.114958 -0.128351 0.469225
v -0.107128 -0.141913 0.469225
v -0.124000 -0.137392 0.469225
v -0.121362 -0.141089 0.466968
v -0.110685 -0.134925 0.465643
v -0.108555 -0.133695 0.466968
v -0.107564 -0.137392 0.466968
v -0.114958 -0.144786 0.466968
v -0.122789 -0.132872 0.469225
v -0.118655 -0.130989 0.466968
v -0.111261 -0.130989 0.466968
v -0.118655 -0.143796 0.466968
v -0.111261 -0.143796 0.466968
v -0.121362 -0.133695 0.466968
v -0.114958 -0.129998 0.466968
v -0.122352 -0.137392 0.466968
v -0.110024 -0.137392 0.465643
v -0.114958 -0.137392 0.465527
v -0.119231 -0.139859 0.465643
v -0.114958 -0.142326 0.465643
v -0.119231 -0.134925 0.465643
v -0.112491 -0.133119 0.465643
v -0.117425 -0.141665 0.465643
v -0.108555 -0.141089 0.466968
v -0.112491 -0.141665 0.465643
v -0.114958 -0.132458 0.465643
v -0.119892 -0.137392 0.465643
v -0.117425 -0.133119 0.465643
v -0.110685 -0.139859 0.465643
vt 0.007879 0.069101
vt 0.003324 0.068135
vt 0.002964 0.069745
vt 0.006919 0.073695
vt 0.002328 0.073086
vt 0.002118 0.074797
vt 0.006765 0.081279
vt 0.002150 0.081767
vt 0.002378 0.083494
vt 0.007587 0.085804
vt 0.003062 0.086867
vt 0.003498 0.088498
vt 0.007171 0.072184
vt 0.002612 0.071400
vt 0.006638 0.079766
vt 0.002017 0.080023
vt 0.001986 0.076527
vt 0.001953 0.078273
vt 0.006592 0.078249
vt 0.007240 0.084295
vt 0.002685 0.085194
vt 0.007484 0.070664
vt 0.006735 0.075210
vt 0.006968 0.082789
vt 0.007734 0.081171
vt 0.419355 0.059821
vt 0.418876 0.058971
vt 0.417885 0.059955
vt 0.006631 0.076729
vt 0.007568 0.078240
vt 0.008516 0.085530
vt 0.008430 0.070936
vt 0.007612 0.079708
vt 0.007705 0.075307
vt 0.008194 0.084088
vt 0.008838 0.069563
vt 0.007884 0.073842
vt 0.007932 0.082631
vt 0.008061 0.087313
vt 0.008128 0.072380
vt 0.418723 0.060449
vt 0.420211 0.061309
vt 0.420221 0.064001
vt 0.421565 0.063633
vt 0.421071 0.062796
vt 0.417884 0.062660
vt 0.418874 0.063644
vt 0.419353 0.062796
vt 0.421930 0.061308
vt 0.422899 0.061309
vt 0.422545 0.059970
vt 0.420214 0.059591
vt 0.420226 0.058618
vt 0.420213 0.063027
vt 0.417518 0.061308
vt 0.418723 0.062166
vt 0.422544 0.062648
vt 0.421073 0.059823
vt 0.421567 0.058984
vt 0.421699 0.062166
vt 0.421699 0.060451
vt 0.780734 0.065675
vt 0.776096 0.065711
vt 0.776151 0.067471
vt 0.418492 0.061308
vt 0.781685 0.058101
vt 0.777186 0.057103
vt 0.776803 0.058764
vt 0.776881 0.072661
vt 0.777301 0.074317
vt 0.781792 0.073184
vt 0.780768 0.064159
vt 0.776138 0.063953
vt 0.780780 0.067189
vt 0.776301 0.069223
vt 0.781346 0.059616
vt 0.776495 0.060468
vt 0.777757 0.075948
vt 0.780913 0.068698
vt 0.776547 0.070954
vt 0.781079 0.061126
vt 0.776272 0.062202
vt 0.782111 0.056546
vt 0.777576 0.055496
vt 0.780885 0.062640
vt 0.781128 0.070197
vt 0.781883 0.068588
vt 0.440622 0.063390
vt 0.441304 0.064083
vt 0.442004 0.062876
vt 0.781710 0.065668
vt 0.781419 0.071693
vt 0.782719 0.072896
vt 0.782629 0.058389
vt 0.781755 0.067131
vt 0.781742 0.064200
vt 0.782371 0.071473
vt 0.783061 0.057025
vt 0.782039 0.061281
vt 0.782088 0.070035
vt 0.782298 0.074683
vt 0.782302 0.059827
vt 0.441066 0.062618
vt 0.439405 0.062181
vt 0.438690 0.059590
vt 0.437492 0.060291
vt 0.438186 0.060974
vt 0.441294 0.060266
vt 0.440081 0.059579
vt 0.439842 0.060523
vt 0.437748 0.062629
vt 0.436814 0.062880
vt 0.437502 0.064081
vt 0.439853 0.063837
vt 0.440096 0.064779
vt 0.438952 0.060526
vt 0.442000 0.061476
vt 0.440615 0.060963
vt 0.436806 0.061496
vt 0.438963 0.063839
vt 0.438705 0.064777
vt 0.437746 0.061743
vt 0.438194 0.063396
vt 0.441060 0.061731
vt 0.007581 0.076773
vt 0.008939 0.086831
vt 0.781834 0.062736
vt 0.783169 0.074183
vn 0.0000 0.9552 0.2960
vn -0.0000 1.0000 0.0000
vn -0.5000 0.8660 -0.0000
vn -0.9552 0.0000 0.2960
vn -1.0000 -0.0000 0.0000
vn -0.8660 -0.5000 -0.0000
vn 0.8272 -0.4776 0.2960
vn 0.8660 -0.5000 0.0000
vn 1.0000 -0.0000 -0.0000
vn 0.4776 0.8272 0.2960
vn 0.5000 0.8660 0.0000
vn -0.8272 0.4776 0.2960
vn -0.8660 0.5000 0.0000
vn 0.4776 -0.8272 0.2960
vn 0.5000 -0.8660 0.0000
vn -0.5000 -0.8660 -0.0000
vn -0.0000 -1.0000 0.0000
vn 0.0000 -0.9552 0.2960
vn 0.8272 0.4776 0.2960
vn 0.8660 0.5000 0.0000
vn -0.4776 0.8272 0.2960
vn -0.8272 -0.4776 0.2960
vn 0.9552 -0.0000 0.2960
vn 0.5864 -0.3386 0.7359
vn -0.2523 0.1457 0.9566
vn -0.5864 0.3386 0.7359
vn -0.6771 0.0000 0.7359
vn -0.4776 -0.8272 0.2960
vn 0.0000 -0.6771 0.7359
vn 0.3386 0.5864 0.7359
vn -0.3386 0.5864 0.7359
vn 0.3386 -0.5864 0.7359
vn -0.5864 -0.3386 0.7359
vn 0.5864 0.3386 0.7359
vn 0.0000 0.6771 0.7359
vn 0.6771 0.0000 0.7359
vn -0.2914 0.0000 0.9566
vn -0.0000 0.0000 1.0000
vn 0.2523 -0.1457 0.9566
vn -0.3386 -0.5864 0.7359
vn -0.0000 -0.2914 0.9566
vn 0.2523 0.1457 0.9566
vn -0.1457 0.2523 0.9566
vn 0.1457 -0.2523 0.9566
vn -0.1457 -0.2524 0.9566
vn -0.0000 0.2914 0.9566
vn 0.2914 -0.0000 0.9566
vn 0.1457 0.2523 0.9566
vn -0.0000 -0.9552 -0.2960
vn -0.2524 -0.1457 0.9566
vn 0.4776 0.8272 -0.2960
vn -0.4776 0.8272 -0.2960
vn 0.4776 -0.8272 -0.2960
vn -0.4776 -0.8272 -0.2960
vn 0.8272 0.4776 -0.2960
vn -0.8272 -0.4776 -0.2960
vn 0.9552 0.0000 -0.2960
vn 1.0000 -0.0000 -0.0001
vn -0.0000 0.9552 -0.2960
vn 0.8272 -0.4776 -0.2960
vn -0.9552 -0.0000 -0.2960
vn -0.5864 -0.3386 -0.7359
vn 0.2524 0.1457 -0.9566
vn 0.5864 0.3386 -0.7359
vn 0.6771 -0.0000 -0.7359
vn -0.0000 -0.6771 -0.7359
vn -0.8272 0.4776 -0.2960
vn -0.3386 0.5864 -0.7359
vn 0.3386 0.5864 -0.7359
vn -0.3386 -0.5864 -0.7359
vn 0.3386 -0.5864 -0.7359
vn -0.5864 0.3386 -0.7359
vn 0.0000 0.6771 -0.7359
vn -0.6771 0.0000 -0.7359
vn 0.2914 0.0000 -0.9566
vn -0.0000 -0.0000 -1.0000
vn -0.2523 -0.1457 -0.9566
vn 0.0000 -0.2914 -0.9566
vn -0.2524 0.1457 -0.9566
vn 0.1457 0.2524 -0.9566
vn -0.1457 -0.2524 -0.9566
vn 0.5864 -0.3386 -0.7359
vn 0.1457 -0.2524 -0.9566
vn -0.0000 0.2914 -0.9566
vn -0.2914 -0.0000 -0.9566
vn -0.1457 0.2524 -0.9566
vn -0.0001 -0.2914 -0.9566
vn 0.0001 -0.2914 -0.9566
vn 0.2524 -0.1457 -0.9566
vn -0.0001 0.2914 -0.9566
vn 0.0001 0.2914 -0.9566
vn 0.5864 -0.3386 0.7358
vn -0.5864 0.3386 0.7358
g shtok_low_shtok_low_Circle:001.001_body
usemtl body
s 1
f 4471/8316/5297 4472/8317/5298 4473/8318/5299
f 4474/8319/5300 4475/8320/5301 4476/8321/5302
f 4477/8322/5303 4478/8323/5304 4479/8324/5305
f 4480/8325/5306 4481/8326/5307 4472/8327/5298
f 4482/8328/5308 4483/8329/5309 4475/8320/5301
f 4484/8330/5310 4485/8331/5311 4478/8323/5304
f 4486/8332/5312 4487/8333/5313 4488/8334/5314
f 4489/8335/5315 4490/8336/5316 4481/8326/5307
f 4491/8337/5317 4473/8318/5299 4483/8329/5309
f 4487/8333/5313 4485/8331/5311 4484/8330/5310
f 4492/8338/5318 4476/8321/5302 4486/8332/5312
f 4493/8339/5319 4479/8324/5305 4490/8336/5316
f 4484/8330/5310 4477/8322/5303 4494/8340/5320
f 4495/8341/5321 4496/8342/5322 4497/8343/5323
f 4498/8344/5324 4488/8334/5314 4499/8345/5325
f 4489/8335/5315 4480/8325/5306 4500/8346/5326
f 4501/8347/5327 4491/8337/5317 4482/8328/5308
f 4488/8334/5314 4484/8330/5310 4502/8348/5328
f 4503/8349/5329 4492/8338/5318 4498/8344/5324
f 4493/8339/5319 4489/8335/5315 4504/8350/5330
f 4505/8351/5331 4471/8316/5297 4491/8337/5317
f 4497/8352/5323 4474/8319/5300 4492/8338/5318
f 4477/8322/5303 4493/8339/5319 4506/8353/5332
f 4500/8346/5326 4480/8325/5306 4471/8354/5297
f 4496/8355/5322 4482/8328/5308 4474/8319/5300
f 4495/8341/5321 4507/8356/5333 4508/8357/5334
f 4502/8358/5328 4494/8359/5320 4509/8360/5335
f 4510/8361/5336 4499/8362/5325 4511/8363/5337
f 4512/8364/5338 4504/8365/5330 4500/8366/5326
f 4513/8367/5339 4501/8368/5327 4496/8342/5322
f 4499/8362/5325 4502/8358/5328 4514/8369/5340
f 4503/8370/5329 4510/8361/5336 4515/8371/5341
f 4506/8372/5332 4504/8365/5330 4512/8364/5338
f 4516/8373/5342 4505/8374/5331 4501/8368/5327
f 4507/8356/5333 4497/8343/5323 4503/8370/5329
f 4494/8359/5320 4506/8372/5332 4517/8375/5343
f 4518/8376/5344 4500/8366/5326 4505/8374/5331
f 4519/8377/5345 4520/8378/5313 4521/8379/5312
f 4514/8369/5340 4509/8360/5335 4508/8357/5334
f 4515/8371/5341 4511/8363/5337 4508/8357/5334
f 4512/8364/5338 4518/8376/5344 4508/8357/5334
f 4513/8367/5339 4495/8341/5321 4508/8357/5334
f 4511/8363/5337 4514/8369/5340 4508/8357/5334
f 4522/8380/5346 4515/8371/5341 4508/8357/5334
f 4517/8375/5343 4512/8364/5338 4508/8357/5334
f 4516/8373/5342 4513/8367/5339 4508/8357/5334
f 4507/8356/5333 4522/8380/5346 4508/8357/5334
f 4509/8360/5335 4517/8375/5343 4508/8357/5334
f 4518/8376/5344 4516/8373/5342 4508/8357/5334
f 4523/8381/5347 4524/8382/5307 4525/8383/5316
f 4526/8384/5309 4527/8385/5299 4528/8386/5348
f 4529/8387/5349 4530/8388/5311 4520/8378/5313
f 4531/8389/5350 4521/8379/5312 4532/8390/5302
f 4533/8391/5351 4525/8383/5316 4534/8392/5305
f 4528/8386/5348 4527/8385/5299 4535/8393/5298
f 4536/8394/5352 4532/8390/5302 4537/8395/5301
f 4538/8396/5353 4534/8392/5354 4539/8397/5304
f 4540/8398/5355 4535/8399/5298 4524/8382/5307
f 4541/8400/5356 4539/8397/5304 4530/8388/5311
f 4542/8401/5357 4537/8395/5301 4526/8384/5309
f 4531/8389/5350 4536/8394/5352 4543/8402/5358
f 4544/8403/5359 4545/8404/5360 4546/8405/5361
f 4529/8387/5349 4519/8377/5345 4547/8406/5362
f 4548/8407/5363 4528/8386/5348 4549/8408/5364
f 4550/8409/5365 4523/8381/5347 4533/8391/5351
f 4519/8377/5345 4531/8389/5350 4551/8410/5366
f 4541/8400/5356 4529/8387/5349 4552/8411/5367
f 4542/8401/5357 4548/8407/5363 4553/8412/5368
f 4554/8413/5369 4540/8398/5355 4523/8381/5347
f 4546/8414/5361 4538/8396/5353 4541/8400/5356
f 4536/8394/5352 4542/8401/5357 4555/8415/5370
f 4549/8408/5364 4528/8386/5348 4540/8416/5355
f 4545/8417/5360 4533/8391/5351 4538/8396/5353
f 4544/8403/5359 4556/8418/5371 4557/8419/5372
f 4551/8420/5366 4543/8421/5358 4558/8422/5373
f 4552/8423/5367 4547/8424/5362 4559/8425/5374
f 4560/8426/5375 4553/8427/5368 4549/8428/5364
f 4561/8429/5376 4550/8430/5365 4545/8404/5360
f 4547/8424/5362 4551/8420/5366 4562/8431/5377
f 4563/8432/5378 4552/8423/5367 4564/8433/5379
f 4555/8434/5370 4553/8427/5368 4560/8426/5375
f 4565/8435/5380 4554/8436/5369 4550/8430/5365
f 4556/8418/5371 4546/8405/5361 4563/8432/5378
f 4543/8421/5358 4555/8434/5370 4566/8437/5381
f 4567/8438/5382 4549/8428/5364 4554/8436/5369
f 4562/8431/5377 4558/8422/5373 4557/8419/5372
f 4564/8433/5379 4559/8425/5383 4557/8419/5372
f 4560/8426/5375 4567/8438/5382 4557/8419/5372
f 4561/8429/5376 4544/8403/5359 4557/8419/5372
f 4559/8425/5384 4562/8431/5377 4557/8419/5372
f 4568/8439/5385 4564/8433/5379 4557/8419/5372
f 4566/8437/5381 4560/8426/5375 4557/8419/5372
f 4565/8435/5386 4561/8429/5376 4557/8419/5372
f 4556/8418/5371 4568/8439/5385 4557/8419/5372
f 4558/8422/5373 4566/8437/5381 4557/8419/5372
f 4567/8438/5382 4565/8435/5387 4557/8419/5372
f 4471/8316/5297 4473/8318/5299 4491/8337/5317
f 4474/8319/5300 4476/8321/5302 4492/8338/5318
f 4477/8322/5303 4479/8324/5305 4493/8339/5319
f 4480/8325/5306 4472/8327/5298 4471/8354/5297
f 4482/8328/5308 4475/8320/5301 4474/8319/5300
f 4484/8330/5310 4478/8323/5304 4477/8322/5303
f 4486/8332/5312 4488/8334/5314 4498/8344/5324
f 4489/8335/5315 4481/8326/5307 4480/8325/5306
f 4491/8337/5317 4483/8329/5309 4482/8328/5308
f 4487/8333/5313 4484/8330/5310 4488/8334/5314
f 4492/8338/5318 4486/8332/5312 4498/8344/5324
f 4493/8339/5319 4490/8336/5316 4489/8335/5315
f 4484/8330/5310 4494/8340/5388 4502/8348/5328
f 4495/8341/5321 4497/8343/5323 4507/8356/5333
f 4498/8344/5324 4499/8345/5325 4510/8440/5336
f 4489/8335/5315 4500/8346/5326 4504/8350/5330
f 4501/8347/5327 4482/8328/5308 4496/8355/5322
f 4488/8334/5314 4502/8348/5328 4499/8345/5325
f 4503/8349/5329 4498/8344/5324 4510/8440/5336
f 4493/8339/5319 4504/8350/5330 4506/8353/5332
f 4505/8351/5331 4491/8337/5317 4501/8347/5327
f 4497/8352/5323 4492/8338/5318 4503/8349/5329
f 4477/8322/5303 4506/8353/5332 4494/8340/5320
f 4500/8346/5326 4471/8354/5297 4505/8441/5331
f 4496/8355/5322 4474/8319/5300 4497/8352/5323
f 4502/8358/5328 4509/8360/5335 4514/8369/5340
f 4510/8361/5336 4511/8363/5337 4515/8371/5341
f 4512/8364/5338 4500/8366/5326 4518/8376/5344
f 4513/8367/5339 4496/8342/5389 4495/8341/5321
f 4499/8362/5325 4514/8369/5340 4511/8363/5337
f 4503/8370/5329 4515/8371/5341 4522/8380/5346
f 4506/8372/5332 4512/8364/5338 4517/8375/5343
f 4516/8373/5342 4501/8368/5327 4513/8367/5339
f 4507/8356/5333 4503/8370/5329 4522/8380/5346
f 4494/8359/5320 4517/8375/5343 4509/8360/5335
f 4518/8376/5344 4505/8374/5331 4516/8373/5342
f 4519/8377/5345 4521/8379/5312 4531/8389/5350
f 4523/8381/5347 4525/8383/5316 4533/8391/5351
f 4526/8384/5309 4528/8386/5348 4548/8407/5363
f 4529/8387/5349 4520/8378/5313 4519/8377/5345
f 4531/8389/5350 4532/8390/5302 4536/8394/5352
f 4533/8391/5351 4534/8392/5305 4538/8396/5353
f 4528/8386/5348 4535/8393/5298 4540/8416/5355
f 4536/8394/5352 4537/8395/5301 4542/8401/5357
f 4538/8396/5353 4539/8397/5304 4541/8400/5356
f 4540/8398/5355 4524/8382/5307 4523/8381/5347
f 4541/8400/5356 4530/8388/5311 4529/8387/5349
f 4542/8401/5357 4526/8384/5309 4548/8407/5363
f 4531/8389/5350 4543/8402/5358 4551/8410/5366
f 4544/8403/5359 4546/8405/5361 4556/8418/5371
f 4529/8387/5349 4547/8406/5362 4552/8411/5367
f 4548/8407/5363 4549/8408/5364 4553/8412/5368
f 4550/8409/5365 4533/8391/5351 4545/8417/5360
f 4519/8377/5345 4551/8410/5366 4547/8406/5362
f 4541/8400/5356 4552/8411/5367 4563/8442/5378
f 4542/8401/5357 4553/8412/5368 4555/8415/5370
f 4554/8413/5369 4523/8381/5347 4550/8409/5365
f 4546/8414/5361 4541/8400/5356 4563/8442/5378
f 4536/8394/5352 4555/8415/5370 4543/8402/5358
f 4549/8408/5364 4540/8416/5355 4554/8443/5369
f 4545/8417/5360 4538/8396/5353 4546/8414/5361
f 4551/8420/5366 4558/8422/5373 4562/8431/5377
f 4552/8423/5367 4559/8425/5374 4564/8433/5379
f 4560/8426/5375 4549/8428/5364 4567/8438/5382
f 4561/8429/5376 4545/8404/5360 4544/8403/5359
f 4547/8424/5362 4562/8431/5377 4559/8425/5374
f 4563/8432/5378 4564/8433/5379 4568/8439/5385
f 4555/8434/5370 4560/8426/5375 4566/8437/5381
f 4565/8435/5380 4550/8430/5365 4561/8429/5376
f 4556/8418/5371 4563/8432/5378 4568/8439/5385
f 4543/8421/5358 4566/8437/5381 4558/8422/5373
f 4567/8438/5382 4554/8436/5369 4565/8435/5380
o 3_low_3_low_Cube:004
v -0.015874 -0.175148 0.926947
v 0.015863 -0.243303 0.926947
v -0.015874 -0.243303 0.926947
v 0.015863 -0.175148 1.053688
v -0.015874 -0.251068 1.053688
v 0.015863 -0.251068 1.053688
v -0.015874 -0.111777 0.990318
v -0.015874 -0.130338 0.945508
v 0.015863 -0.116601 1.014568
v 0.015863 -0.111777 0.990318
v -0.015874 -0.116601 1.014568
v 0.015863 -0.130338 1.035127
v -0.015874 -0.130338 1.035127
v 0.015863 -0.150897 1.048864
v -0.015874 -0.150897 1.048864
v -0.015874 -0.116601 0.966067
v 0.015863 -0.116601 0.966067
v 0.015863 -0.130338 0.945508
v -0.015874 -0.150897 0.931771
v 0.015863 -0.150897 0.931771
v 0.015863 -0.175148 0.926947
v -0.015874 -0.175148 1.053688
vt 0.359395 0.834302
vt 0.348257 0.810383
vt 0.359395 0.810383
vt 0.348257 0.903715
vt 0.359395 0.930358
vt 0.348257 0.930358
vt 0.184624 0.395475
vt 0.168901 0.388959
vt 0.162393 0.373232
vt 0.359395 0.869009
vt 0.348257 0.877685
vt 0.348257 0.869009
vt 0.359395 0.877685
vt 0.348257 0.886361
vt 0.359395 0.886361
vt 0.348257 0.895039
vt 0.359395 0.895039
vt 0.359395 0.860331
vt 0.348257 0.860331
vt 0.359395 0.851655
vt 0.348257 0.851655
vt 0.359395 0.842978
vt 0.348257 0.842978
vt 0.888582 0.008467
vt 0.895092 0.024191
vt 0.850617 0.024188
vt 0.348257 0.834302
vt 0.359395 0.903715
vt 0.162394 0.349316
vt 0.206871 0.346599
vt 0.206866 0.373240
vt 0.205172 0.381749
vt 0.200352 0.388965
vt 0.193134 0.393784
vt 0.176115 0.393780
vt 0.164082 0.381743
vt 0.895092 0.050835
vt 0.850617 0.048108
vt 0.852311 0.015677
vt 0.857133 0.008464
vt 0.864349 0.003645
vt 0.872859 0.001953
vt 0.881368 0.003647
vt 0.893401 0.015683
vn 0.0000 0.0980 -0.9952
vn 0.0000 0.0000 -1.0000
vn 0.0000 0.0980 0.9952
vn 0.0000 0.0000 1.0000
vn -1.0000 0.0000 0.0000
vn 0.0000 1.0000 0.0000
vn 0.0000 0.9239 0.3827
vn 0.0000 0.7071 0.7071
vn 0.0000 0.3827 0.9239
vn -0.0000 0.9239 -0.3827
vn -0.0000 0.7071 -0.7071
vn -0.0000 0.3827 -0.9239
vn 1.0000 0.0000 0.0000
vn 0.0001 0.9239 0.3827
vn -0.0001 0.7071 -0.7071
g 3_low_3_low_Cube:004_body
usemtl body
s 1
f 4569/8444/5390 4570/8445/5391 4571/8446/5391
f 4572/8447/5392 4573/8448/5393 4574/8449/5393
f 4575/8450/5394 4576/8451/5394 4569/8452/5394
f 4575/8453/5395 4577/8454/5396 4578/8455/5395
f 4579/8456/5396 4580/8457/5397 4577/8454/5396
f 4581/8458/5397 4582/8459/5398 4580/8457/5397
f 4583/8460/5398 4572/8447/5392 4582/8459/5398
f 4578/8455/5395 4584/8461/5399 4575/8453/5395
f 4585/8462/5399 4576/8463/5400 4584/8461/5399
f 4586/8464/5400 4587/8465/5401 4576/8463/5400
f 4588/8466/5401 4569/8444/5390 4587/8465/5401
f 4580/8467/5402 4572/8468/5402 4589/8469/5402
f 4569/8444/5390 4589/8470/5390 4570/8445/5391
f 4572/8447/5392 4590/8471/5392 4573/8448/5393
f 4571/8472/5394 4573/8473/5394 4590/8474/5394
f 4590/8474/5394 4583/8475/5394 4581/8476/5394
f 4581/8476/5394 4579/8477/5394 4575/8450/5394
f 4575/8450/5394 4584/8478/5394 4576/8451/5394
f 4576/8451/5394 4587/8479/5394 4569/8452/5394
f 4569/8452/5394 4571/8472/5394 4590/8474/5394
f 4590/8474/5394 4581/8476/5394 4569/8452/5394
f 4581/8476/5394 4575/8450/5394 4569/8452/5394
f 4575/8453/5395 4579/8456/5396 4577/8454/5396
f 4579/8456/5403 4581/8458/5397 4580/8457/5397
f 4581/8458/5397 4583/8460/5398 4582/8459/5398
f 4583/8460/5398 4590/8471/5392 4572/8447/5392
f 4578/8455/5395 4585/8462/5399 4584/8461/5399
f 4585/8462/5399 4586/8464/5400 4576/8463/5400
f 4586/8464/5404 4588/8466/5401 4587/8465/5401
f 4588/8466/5401 4589/8470/5390 4569/8444/5390
f 4574/8480/5402 4570/8481/5402 4572/8468/5402
f 4570/8481/5402 4589/8469/5402 4572/8468/5402
f 4589/8469/5402 4588/8482/5402 4586/8483/5402
f 4586/8483/5402 4585/8484/5402 4578/8485/5402
f 4578/8485/5402 4577/8486/5402 4580/8467/5402
f 4580/8467/5402 4582/8487/5402 4572/8468/5402
f 4589/8469/5402 4586/8483/5402 4578/8485/5402
f 4578/8485/5402 4580/8467/5402 4589/8469/5402
o predohran_1_predohran_1_low_Cube:007.001
v -0.095557 -0.265119 0.867415
v -0.095557 -0.299393 1.016195
v -0.095557 -0.334169 0.929370
v -0.116683 -0.175045 1.064818
v -0.095557 -0.181024 1.081804
v -0.095557 -0.175045 1.064818
v -0.116683 -0.181024 1.081804
v -0.095557 -0.185601 1.092964
v -0.116683 -0.185601 1.092964
v -0.095557 -0.191212 1.101582
v -0.116683 -0.191212 1.101582
v -0.095557 -0.200812 1.110240
v -0.112370 -0.208932 1.113201
v -0.095557 -0.208932 1.113201
v -0.095557 -0.217467 1.114341
v -0.106088 -0.227004 1.111890
v -0.095557 -0.227004 1.111890
v -0.105051 -0.233837 1.106350
v -0.095557 -0.233837 1.106350
v -0.105032 -0.245580 1.088541
v -0.095557 -0.245580 1.088541
v -0.095557 -0.256630 1.066929
v -0.105222 -0.256630 1.066929
v -0.095557 -0.268548 1.046613
v -0.106415 -0.268548 1.046613
v -0.095557 -0.281854 1.031065
v -0.106770 -0.299393 1.016195
v -0.105964 -0.315665 1.004427
v -0.095557 -0.315665 1.004427
v -0.105501 -0.331936 0.994179
v -0.095557 -0.331936 0.994179
v -0.095557 -0.340149 0.987164
v -0.105632 -0.340149 0.987164
v -0.095557 -0.343960 0.977823
v -0.111091 -0.343960 0.977823
v -0.095557 -0.344331 0.967133
v -0.116683 -0.344331 0.967133
v -0.116683 -0.334169 0.929370
v -0.095557 -0.326389 0.908050
v -0.116683 -0.326389 0.908050
v -0.095557 -0.317065 0.892887
v -0.116683 -0.317065 0.892887
v -0.095557 -0.304997 0.880823
v -0.116683 -0.304997 0.880823
v -0.095557 -0.287922 0.872040
v -0.116683 -0.287922 0.872040
v -0.116683 -0.265119 0.867415
v -0.095557 -0.245935 0.864536
v -0.116683 -0.245935 0.864536
v -0.095557 -0.231716 0.861965
v -0.116683 -0.231716 0.861965
v -0.095557 -0.207482 0.854532
v -0.116683 -0.207482 0.854532
v -0.095557 -0.192471 0.847054
v -0.116683 -0.192471 0.847054
v -0.095557 -0.177060 0.838748
v -0.116683 -0.177060 0.838748
v -0.095557 -0.161753 0.836237
v -0.116683 -0.161753 0.836237
v -0.095557 -0.144748 0.841242
v -0.116683 -0.143155 0.841837
v -0.095557 -0.125888 0.848290
v -0.116683 -0.125888 0.848290
v -0.095557 -0.116862 0.854309
v -0.116683 -0.116862 0.854309
v -0.095557 -0.111853 0.867292
v -0.116683 -0.111853 0.867292
v -0.095557 -0.113734 0.882484
v -0.108821 -0.217467 1.114341
v -0.116972 -0.215869 1.085011
v -0.116683 -0.200812 1.110240
v -0.116745 -0.229578 1.063574
v -0.116683 -0.243776 1.045005
v -0.116683 -0.257167 1.029336
v -0.106906 -0.281854 1.031065
v -0.116683 -0.272758 1.012953
v -0.116683 -0.289457 0.998630
v -0.116683 -0.304909 0.987834
v -0.116683 -0.323926 0.977038
v -0.116683 -0.113734 0.882484
v -0.116683 -0.183075 0.844516
v -0.147342 -0.172169 0.938653
v -0.134668 -0.216911 0.945362
v -0.133323 -0.177140 0.961250
v -0.163885 -0.164802 0.907907
v -0.156957 -0.201216 0.912009
v -0.156299 -0.167757 0.922518
v -0.170752 -0.162094 0.891825
v -0.164589 -0.195260 0.897003
v -0.177003 -0.183963 0.868366
v -0.171706 -0.190048 0.881893
v -0.147629 -0.207984 0.925728
v -0.176016 -0.157498 0.875735
v -0.180422 -0.177702 0.845062
v -0.180048 -0.138802 0.817732
v -0.181495 -0.161659 0.784545
v -0.180940 -0.169306 0.815398
v -0.179930 -0.131225 0.781956
v -0.180775 -0.157746 0.764025
v -0.164339 -0.133794 0.718705
v -0.172073 -0.151976 0.728146
v -0.171514 -0.131919 0.733486
v -0.176306 -0.154468 0.745551
v -0.175954 -0.131312 0.750069
v -0.164954 -0.150132 0.714417
v -0.153710 -0.135834 0.707586
v -0.154145 -0.148203 0.706706
v -0.179638 -0.130185 0.765802
v -0.142984 -0.147263 0.702680
v -0.116683 -0.227535 0.970729
v -0.116683 -0.183023 0.983342
v -0.179559 -0.148831 0.853330
v -0.136573 -0.130185 0.765802
v -0.141672 -0.133794 0.718705
v -0.142434 -0.137288 0.702588
v -0.137865 -0.131312 0.750069
v -0.139956 -0.131919 0.733486
v -0.136994 -0.157746 0.764025
v -0.138673 -0.154468 0.745551
v -0.136417 -0.161659 0.784545
v -0.140358 -0.151976 0.728146
v -0.136028 -0.131225 0.781956
v -0.141672 -0.150132 0.714417
v -0.135344 -0.175599 0.837635
v -0.135732 -0.169306 0.815398
v -0.135344 -0.144097 0.837635
v -0.137070 -0.194183 0.895134
v -0.116683 -0.194146 0.877452
v -0.116683 -0.198611 0.891839
v -0.133666 -0.200426 0.910632
v -0.116683 -0.204496 0.908007
v -0.123569 -0.215527 0.945246
v -0.116683 -0.210032 0.922163
v -0.116683 -0.217353 0.944297
v -0.143124 -0.183076 0.863330
v -0.139945 -0.188793 0.880523
v -0.128938 -0.206513 0.924588
v -0.116683 -0.187933 0.856811
v -0.135732 -0.137803 0.815398
v -0.116642 -0.167757 0.922518
v -0.116642 -0.147103 0.853330
v -0.116642 -0.163767 0.907907
v -0.116642 -0.172169 0.938653
v -0.116642 -0.154430 0.875735
v -0.116642 -0.158868 0.891825
v -0.116642 -0.177140 0.961250
vt 0.216130 0.024126
vt 0.221379 0.077444
vt 0.200092 0.052459
vt 0.968501 0.822767
vt 0.961087 0.829082
vt 0.961089 0.822765
vt 0.968501 0.829080
vt 0.961086 0.833310
vt 0.968500 0.833310
vt 0.961086 0.836918
vt 0.968500 0.836918
vt 0.961084 0.841452
vt 0.310133 0.247761
vt 0.304231 0.244729
vt 0.310133 0.244727
vt 0.310133 0.241703
vt 0.306435 0.238249
vt 0.310131 0.238246
vt 0.306798 0.235159
vt 0.310130 0.235156
vt 0.306799 0.227671
vt 0.310124 0.227668
vt 0.310121 0.219149
vt 0.306729 0.219149
vt 0.310121 0.210881
vt 0.306310 0.210881
vt 0.310113 0.203695
vt 0.306172 0.195627
vt 0.310109 0.195625
vt 0.306456 0.188578
vt 0.310109 0.188576
vt 0.306618 0.181829
vt 0.310106 0.181827
vt 0.310105 0.178035
vt 0.306569 0.178040
vt 0.310101 0.174495
vt 0.304649 0.174498
vt 0.310097 0.170740
vt 0.302684 0.170742
vt 0.310094 0.157014
vt 0.302680 0.157016
vt 0.310089 0.149047
vt 0.302675 0.149048
vt 0.310088 0.142799
vt 0.302673 0.142799
vt 0.310085 0.136807
vt 0.302672 0.136808
vt 0.310082 0.130067
vt 0.968548 0.681546
vt 0.961127 0.689705
vt 0.961135 0.681540
vt 0.968541 0.689712
vt 0.961120 0.696511
vt 0.968535 0.696516
vt 0.961117 0.701580
vt 0.968531 0.701583
vt 0.961111 0.710474
vt 0.968526 0.710476
vt 0.961110 0.716358
vt 0.968524 0.716358
vt 0.961108 0.722498
vt 0.968522 0.722498
vt 0.961107 0.727940
vt 0.968520 0.727940
vt 0.961107 0.734157
vt 0.968519 0.734753
vt 0.961105 0.741218
vt 0.968517 0.741218
vt 0.961103 0.745022
vt 0.968516 0.745022
vt 0.961099 0.749900
vt 0.968513 0.749900
vt 0.961099 0.755265
vt 0.305477 0.241706
vt 0.564812 0.379439
vt 0.562013 0.381125
vt 0.557041 0.372086
vt 0.558813 0.382245
vt 0.567589 0.373532
vt 0.566974 0.376578
vt 0.566636 0.366107
vt 0.555820 0.363240
vt 0.564678 0.357815
vt 0.555291 0.355055
vt 0.563048 0.349699
vt 0.555163 0.347822
vt 0.562846 0.342516
vt 0.555399 0.339887
vt 0.563878 0.334514
vt 0.556327 0.332224
vt 0.565366 0.327620
vt 0.557697 0.325753
vt 0.567113 0.321099
vt 0.559889 0.318400
vt 0.565588 0.313832
vt 0.567565 0.317336
vt 0.562537 0.310893
vt 0.968513 0.755266
vt 0.455654 0.134424
vt 0.461819 0.139564
vt 0.457009 0.137017
vt 0.452814 0.132531
vt 0.676586 0.215955
vt 0.684516 0.201500
vt 0.686068 0.216456
vt 0.664074 0.215470
vt 0.669544 0.203582
vt 0.669928 0.215885
vt 0.657896 0.214829
vt 0.663301 0.204141
vt 0.651689 0.205187
vt 0.657167 0.204439
vt 0.675758 0.202619
vt 0.651738 0.214832
vt 0.643135 0.205112
vt 0.630275 0.215745
vt 0.621159 0.204921
vt 0.632315 0.205199
vt 0.617462 0.214996
vt 0.613845 0.204355
vt 0.595266 0.208369
vt 0.600800 0.203037
vt 0.600730 0.210324
vt 0.607102 0.203784
vt 0.606510 0.212043
vt 0.595369 0.202439
vt 0.590074 0.206735
vt 0.590660 0.202421
vt 0.611896 0.213858
vt 0.586489 0.202222
vt 0.695987 0.200344
vt 0.695990 0.216579
vt 0.643256 0.215656
vt 0.566597 0.255139
vt 0.551314 0.249649
vt 0.566425 0.249459
vt 0.557070 0.229020
vt 0.552896 0.233041
vt 0.553087 0.227251
vt 0.565062 0.243941
vt 0.551696 0.244108
vt 0.563431 0.238139
vt 0.552358 0.238276
vt 0.560849 0.232941
vt 0.017818 0.686466
vt 0.005080 0.678018
vt 0.020292 0.680165
vt 0.015485 0.692369
vt 0.004742 0.684623
vt 0.005905 0.670727
vt 0.021568 0.672940
vt 0.012333 0.696834
vt 0.004464 0.690817
vt 0.853348 0.333369
vt 0.863733 0.337664
vt 0.854133 0.338997
vt 0.855637 0.344341
vt 0.863921 0.344271
vt 0.857035 0.350044
vt 0.864308 0.350456
vt 0.858737 0.355024
vt 0.864658 0.355325
vt 0.861096 0.360317
vt 0.864525 0.359588
vt 0.008189 0.699068
vt 0.004244 0.695695
vt 0.022938 0.661865
vt 0.008229 0.651598
vt 0.024268 0.651124
vt 0.864074 0.319185
vt 0.853837 0.313324
vt 0.864664 0.311095
vt 0.633191 0.013218
vt 0.640106 0.001953
vt 0.640111 0.015994
vt 0.011781 0.630691
vt 0.003621 0.635491
vt 0.004387 0.630251
vt 0.011386 0.624733
vt 0.005208 0.624268
vt 0.009604 0.611146
vt 0.005898 0.618979
vt 0.007097 0.610884
vt 0.012239 0.642677
vt 0.012028 0.636231
vt 0.010446 0.619224
vt 0.013519 0.611411
vt 0.008473 0.601038
vt 0.017031 0.619516
vt 0.023145 0.637173
vt 0.019561 0.625279
vt 0.021448 0.631266
vt 0.002533 0.642973
vt 0.001953 0.647575
vt 0.024267 0.642577
vt 0.007230 0.659647
vt 0.853247 0.321411
vt 0.863627 0.330332
vt 0.555860 0.312191
vt 0.545029 0.306431
vt 0.558945 0.306290
vt 0.565699 0.289400
vt 0.544715 0.281094
vt 0.566803 0.280950
vt 0.544975 0.301118
vt 0.561557 0.301035
vt 0.551022 0.320362
vt 0.545088 0.312301
vt 0.563929 0.295294
vt 0.544835 0.289366
vt 0.544907 0.295221
vt 0.545262 0.328442
vt 0.545168 0.320420
vt 0.551211 0.275405
vt 0.544642 0.276830
vt 0.566801 0.267971
vt 0.551238 0.267293
vt 0.551193 0.255332
vt 0.419161 0.108715
vt 0.416497 0.103354
vt 0.455413 0.097409
vt 0.482966 0.062052
vt 0.482963 0.129557
vt 0.470685 0.096266
vt 0.481890 0.134820
vt 0.468672 0.127247
vt 0.471197 0.088259
vt 0.478771 0.138577
vt 0.475096 0.139567
vt 0.468630 0.139783
vt 0.468602 0.135518
vt 0.468998 0.121399
vt 0.469169 0.115502
vt 0.469475 0.110197
vt 0.469813 0.104335
vt 0.482604 0.051504
vt 0.482878 0.055731
vt 0.471646 0.050767
vt 0.479474 0.044056
vt 0.481700 0.048009
vt 0.457889 0.060953
vt 0.464687 0.056365
vt 0.454981 0.087475
vt 0.415092 0.097266
vt 0.455372 0.105590
vt 0.430924 0.117637
vt 0.423856 0.113545
vt 0.455629 0.110918
vt 0.436983 0.120742
vt 0.455776 0.116950
vt 0.441426 0.123188
vt 0.455654 0.122234
vt 0.451681 0.064668
vt 0.455415 0.129792
vt 0.448657 0.128367
vt 0.444662 0.068374
vt 0.437505 0.071271
vt 0.431159 0.073132
vt 0.414888 0.089306
vt 0.415732 0.075610
vt 0.423626 0.074596
vt 0.268170 0.012204
vt 0.268173 0.079709
vt 0.233863 0.013392
vt 0.268085 0.086028
vt 0.247367 0.095491
vt 0.235038 0.084113
vt 0.241273 0.089537
vt 0.267810 0.090251
vt 0.266908 0.093745
vt 0.264685 0.097699
vt 0.262316 0.099593
vt 0.259605 0.100929
vt 0.253265 0.100103
vt 0.256159 0.101181
vt 0.228874 0.080430
vt 0.263975 0.003183
vt 0.267095 0.006939
vt 0.260300 0.002190
vt 0.253240 0.001953
vt 0.242213 0.004741
vt 0.247023 0.002192
vt 0.238018 0.009227
vt 0.226632 0.018576
vt 0.222189 0.021021
vt 0.209063 0.028215
vt 0.200293 0.044495
vt 0.214649 0.075350
vt 0.208092 0.073764
vt 0.200941 0.066157
vt 0.204577 0.072350
vt 0.202263 0.069671
vt 0.201700 0.038407
vt 0.204366 0.033046
vt 0.968498 0.841454
vt 0.302719 0.247762
vt 0.306130 0.203698
vt 0.302668 0.130071
vt 0.585848 0.205670
vt 0.004109 0.699959
vt 0.633388 0.002164
vn 1.0000 0.0000 0.0000
vn -0.0000 0.9456 0.3254
vn -0.0000 0.9345 0.3559
vn 0.0000 0.8855 0.4646
vn -0.0000 0.7603 0.6496
vn -0.0000 0.5156 0.8568
vn 0.0000 0.2669 0.9637
vn -0.0000 0.2389 0.9710
vn -0.0000 -0.0594 0.9982
vn 0.0000 -0.4266 0.9044
vn -0.0000 -0.4497 0.8932
vn -0.0000 -0.7372 0.6756
vn -0.0000 -0.7410 0.6715
vn 0.0000 -0.8640 0.5035
vn -0.0000 -0.8639 0.5036
vn 0.0000 -0.8768 0.4808
vn -0.0000 -0.8766 0.4813
vn 0.0000 -0.8143 0.5804
vn -0.0000 -0.8131 0.5821
vn 0.0000 -0.7055 0.7087
vn -0.0000 -0.6173 0.7868
vn 0.0000 -0.6168 0.7871
vn 0.0000 -0.5603 0.8283
vn 0.0000 -0.5598 0.8286
vn -0.0000 -0.5598 0.8287
vn -0.0000 -0.5925 0.8055
vn -0.0000 -0.5928 0.8054
vn 0.0000 -0.8106 0.5856
vn 0.0000 -0.8300 0.5577
vn -0.0000 -0.9778 0.2094
vn 0.0000 -0.9880 0.1547
vn 0.0000 -0.9935 -0.1139
vn -0.0000 -0.9900 -0.1408
vn -0.0000 -0.9534 -0.3016
vn -0.0000 -0.9002 -0.4355
vn -0.0000 -0.7848 -0.6198
vn -0.0000 -0.5893 -0.8079
vn -0.0000 -0.3312 -0.9436
vn 0.0000 -0.1737 -0.9848
vn 0.0000 -0.1632 -0.9866
vn 0.0000 -0.2360 -0.9718
vn 0.0000 -0.3708 -0.9287
vn 0.0000 -0.4602 -0.8878
vn -0.0000 -0.3226 -0.9465
vn -0.0014 0.0634 -0.9980
vn -0.0013 0.0632 -0.9980
vn -0.0013 0.3161 -0.9487
vn -0.0013 0.3196 -0.9475
vn 0.0000 0.4555 -0.8902
vn -0.0000 0.4555 -0.8903
vn -0.0000 0.7804 -0.6252
vn -0.0000 0.7805 -0.6252
vn -0.0000 0.9925 -0.1222
vn -0.0000 0.9751 0.2219
vn 0.0000 -0.0199 0.9998
vn -0.9126 -0.3343 0.2354
vn -0.9003 -0.3653 0.2369
vn -0.9118 -0.3439 0.2243
vn -0.9002 -0.3653 0.2369
vn -0.8908 -0.3855 0.2403
vn -0.9148 -0.3349 0.2258
vn -0.9155 -0.3261 0.2356
vn -0.9115 -0.3475 0.2201
vn -0.9091 -0.3517 0.2232
vn -0.9019 -0.3559 0.2448
vn -0.9092 -0.3516 0.2232
vn -0.8987 -0.3546 0.2579
vn -0.8926 -0.3439 0.2915
vn -0.8920 -0.3400 0.2979
vn -0.8924 -0.3148 0.3233
vn -0.8931 -0.3079 0.3280
vn -0.8913 -0.2874 0.3506
vn -0.8907 -0.2866 0.3528
vn -0.8788 -0.2719 0.3922
vn -0.8788 -0.2719 0.3921
vn -0.8631 -0.2922 0.4120
vn -0.8566 -0.2559 0.4481
vn -0.8354 -0.2134 0.5065
vn -0.8357 -0.2713 0.4774
vn -0.8607 -0.2223 0.4580
vn -1.0000 0.0000 0.0000
vn -0.8607 -0.1594 0.4835
vn -0.8394 -0.1694 0.5165
vn -0.8381 -0.1694 0.5186
vn -0.9065 -0.1175 0.4056
vn -0.8818 -0.1367 0.4514
vn -0.8820 -0.1366 0.4511
vn -0.9319 -0.0901 0.3514
vn -0.9074 -0.1168 0.4037
vn -0.9713 -0.0385 0.2347
vn -0.9328 -0.0887 0.3493
vn -0.8608 -0.1593 0.4834
vn -0.9726 -0.0367 0.2296
vn -0.9964 0.0086 0.0849
vn -0.9992 0.0340 0.0188
vn -0.9991 0.0428 0.0007
vn -0.9993 0.0321 0.0196
vn -0.9990 0.0437 -0.0055
vn -0.9918 0.0513 -0.1173
vn -0.8043 0.1532 -0.5741
vn -0.9290 0.1139 -0.3520
vn -0.9399 0.1045 -0.3252
vn -0.9696 0.0665 -0.2355
vn -0.9700 0.0649 -0.2343
vn -0.7792 0.1546 -0.6074
vn -0.5317 0.1096 -0.8398
vn -0.5293 0.1087 -0.8414
vn -0.9913 0.0516 -0.1212
vn -0.3718 0.0491 -0.9270
vn -0.8233 -0.1700 0.5416
vn -0.8233 -0.1700 0.5415
vn -0.9965 0.0089 0.0837
vn -0.0029 0.9911 0.1331
vn 0.0000 1.0000 -0.0011
vn 0.0000 1.0000 0.0021
vn 0.0135 0.9808 -0.1946
vn 0.0064 0.9873 -0.1585
vn 0.0134 0.9808 -0.1944
vn -0.0000 0.9984 -0.0568
vn -0.0000 0.9985 -0.0552
vn 0.0000 0.9975 -0.0705
vn 0.0000 0.9970 -0.0779
vn 0.0039 0.9893 -0.1457
vn 0.0000 -0.9870 -0.1607
vn -0.0000 -0.9834 -0.1812
vn 0.0000 -0.9834 -0.1816
vn 0.0000 -0.9904 -0.1385
vn -0.0000 -0.9872 -0.1592
vn 0.0000 -0.9767 -0.2144
vn -0.0000 -0.9768 -0.2142
vn -0.0003 -0.9873 -0.1588
vn -0.0000 -0.9905 -0.1377
vn 0.9996 -0.0112 -0.0258
vn 0.9982 -0.0138 -0.0579
vn 0.9982 -0.0139 -0.0587
vn 0.9952 -0.0088 -0.0971
vn 0.9950 -0.0079 -0.0993
vn 0.9941 0.0050 -0.1086
vn 0.9941 0.0080 -0.1079
vn 0.9955 0.0076 -0.0943
vn 0.9960 0.0034 -0.0892
vn 0.9972 -0.0090 -0.0741
vn -0.0017 -0.9707 -0.2401
vn -0.0007 -0.9830 -0.1836
vn 0.0000 -0.9666 -0.2563
vn -0.0840 -0.9508 -0.2981
vn -0.0033 -0.9625 -0.2713
vn 0.9998 -0.0029 -0.0172
vn 0.9998 0.0000 -0.0174
vn 0.2787 -0.0360 -0.9597
vn -0.1199 -0.9346 -0.3350
vn -0.2466 -0.9275 -0.2808
vn -0.2535 -0.9181 -0.3045
vn -0.1241 -0.9208 -0.3697
vn -0.2535 -0.9182 -0.3045
vn -0.2733 -0.9063 -0.3225
vn -0.1054 -0.9149 -0.3897
vn -0.2973 -0.9012 -0.3153
vn -0.2956 -0.8984 -0.3248
vn -0.1085 -0.9449 -0.3088
vn -0.1198 -0.9406 -0.3176
vn -0.1301 -0.9164 -0.3786
vn 0.0810 -0.8959 -0.4369
vn -0.0604 -0.9091 -0.4121
vn 0.0388 -0.9015 -0.4310
vn 0.0045 -0.9363 -0.3513
vn 0.0147 -0.9187 -0.3948
vn 0.0152 -0.9350 -0.3542
vn -0.1200 -0.9341 -0.3362
vn -0.2447 -0.9178 -0.3127
vn -0.0833 -0.9504 -0.2995
vn -0.2450 -0.9063 -0.3444
vn -0.0054 -0.9502 -0.3115
vn -0.0000 -0.9665 -0.2567
vn 0.9998 -0.0038 -0.0172
vn 0.9997 -0.0100 -0.0232
vn 0.0000 0.9689 0.2476
vn -0.0058 0.9685 0.2489
vn -0.0076 0.9697 0.2444
vn -0.0439 0.9488 0.3127
vn -0.0405 0.9566 0.2886
vn -0.0255 0.9536 0.3000
vn -0.0076 0.9696 0.2444
vn -0.0262 0.9714 0.2362
vn -0.0303 0.9711 0.2367
vn -0.0000 0.9737 0.2280
vn -0.0000 0.9709 0.2394
vn -0.0484 0.9637 0.2626
vn -0.0450 0.9501 0.3087
vn -0.0471 0.9649 0.2584
vn 0.0000 0.9663 0.2573
vn -0.0000 0.9717 0.2361
vn -0.0284 0.9671 0.2527
vn -0.0440 0.9702 0.2383
vn -0.0064 0.9714 0.2374
vn -0.0064 0.9719 0.2352
vn -0.0030 0.9910 0.1336
vn -1.0000 0.0024 -0.0014
vn -1.0000 -0.0011 -0.0004
vn -1.0000 -0.0006 -0.0004
vn -1.0000 -0.0010 -0.0001
vn -1.0000 -0.0005 -0.0004
vn -1.0000 0.0030 -0.0003
vn -1.0000 -0.0010 0.0001
vn -1.0000 -0.0014 0.0015
vn -1.0000 -0.0012 0.0032
vn -1.0000 -0.0012 0.0011
vn -1.0000 -0.0010 -0.0003
vn -1.0000 -0.0010 0.0002
vn -1.0000 -0.0009 -0.0002
vn -1.0000 -0.0016 0.0012
vn -1.0000 -0.0011 0.0011
vn -1.0000 0.0084 0.0042
vn -1.0000 0.0086 0.0035
vn -1.0000 0.0045 -0.0037
vn -1.0000 0.0086 0.0030
vn -0.9999 0.0067 0.0074
vn -1.0000 0.0075 0.0063
vn -1.0000 0.0084 0.0044
vn -1.0000 0.0002 -0.0008
vn -1.0000 0.0013 -0.0065
vn -1.0000 0.0002 -0.0009
vn 0.0000 0.5441 0.8390
vn -0.0000 -0.7051 0.7091
vn 0.0005 -0.7051 0.7091
vn 0.0000 -0.2360 -0.9717
vn -0.8987 -0.3546 0.2580
vn -0.8914 -0.2874 0.3506
vn -0.8789 -0.2719 0.3920
vn -0.0016 -0.9707 -0.2402
vn -0.1086 -0.9448 -0.3091
vn 0.0147 -0.9186 -0.3948
g predohran_1_predohran_1_low_Cube:007.001_body
usemtl body
s 1
f 4591/8488/5405 4592/8489/5405 4593/8490/5405
f 4594/8491/5406 4595/8492/5407 4596/8493/5406
f 4597/8494/5407 4598/8495/5408 4595/8492/5407
f 4599/8496/5408 4600/8497/5409 4598/8495/5408
f 4601/8498/5409 4602/8499/5410 4600/8497/5409
f 4602/8500/5410 4603/8501/5411 4604/8502/5412
f 4605/8503/5413 4606/8504/5414 4607/8505/5415
f 4607/8505/5415 4608/8506/5416 4609/8507/5417
f 4609/8507/5417 4610/8508/5418 4611/8509/5419
f 4610/8508/5418 4612/8510/5420 4611/8509/5419
f 4613/8511/5421 4614/8512/5422 4612/8510/5420
f 4615/8513/5423 4616/8514/5424 4614/8512/5422
f 4616/8514/5424 4617/8515/5425 4592/8516/5426
f 4592/8516/5426 4618/8517/5427 4619/8518/5428
f 4619/8518/5429 4620/8519/5430 4621/8520/5431
f 4620/8519/5430 4622/8521/5432 4621/8520/5431
f 4623/8522/5433 4624/8523/5434 4622/8521/5432
f 4625/8524/5435 4626/8525/5436 4624/8523/5434
f 4627/8526/5437 4593/8527/5438 4626/8525/5436
f 4628/8528/5438 4629/8529/5439 4593/8527/5438
f 4630/8530/5439 4631/8531/5440 4629/8529/5439
f 4632/8532/5440 4633/8533/5441 4631/8531/5440
f 4634/8534/5441 4635/8535/5442 4633/8533/5441
f 4636/8536/5442 4591/8537/5443 4635/8538/5442
f 4637/8539/5443 4638/8540/5444 4591/8537/5443
f 4639/8541/5444 4640/8542/5445 4638/8540/5444
f 4641/8543/5445 4642/8544/5446 4640/8542/5445
f 4643/8545/5446 4644/8546/5447 4642/8544/5446
f 4645/8547/5447 4646/8548/5448 4644/8546/5447
f 4647/8549/5448 4648/8550/5449 4646/8548/5448
f 4649/8551/5450 4650/8552/5451 4648/8550/5449
f 4651/8553/5452 4652/8554/5453 4650/8552/5451
f 4653/8555/5454 4654/8556/5455 4652/8554/5454
f 4655/8557/5456 4656/8558/5457 4654/8556/5456
f 4657/8559/5457 4658/8560/5458 4656/8558/5457
f 4604/8502/5412 4659/8561/5459 4605/8503/5413
f 4659/8562/5460 4603/8563/5461 4660/8564/5462
f 4603/8563/5463 4661/8565/5464 4660/8564/5462
f 4660/8564/5462 4608/8566/5465 4606/8567/5466
f 4606/8567/5466 4659/8562/5460 4660/8564/5462
f 4610/8568/5467 4660/8564/5462 4662/8569/5468
f 4613/8570/5469 4662/8569/5470 4663/8571/5471
f 4615/8572/5472 4663/8571/5471 4664/8573/5473
f 4665/8574/5474 4664/8573/5473 4666/8575/5475
f 4617/8576/5476 4666/8575/5475 4667/8577/5477
f 4618/8578/5478 4667/8577/5477 4668/8579/5479
f 4620/8580/5480 4668/8579/5479 4669/8581/5481
f 4669/8581/5481 4625/8582/5482 4623/8583/5483
f 4627/8584/5484 4625/8582/5482 4669/8581/5481
f 4620/8580/5480 4669/8581/5481 4623/8583/5483
f 4594/8491/5406 4658/8560/5458 4670/8585/5458
f 4671/8586/5485 4649/8587/5485 4647/8588/5485
f 4647/8588/5485 4645/8589/5485 4671/8586/5485
f 4672/8590/5486 4673/8591/5487 4674/8592/5488
f 4675/8593/5489 4676/8594/5490 4677/8595/5491
f 4678/8596/5492 4679/8597/5493 4675/8593/5489
f 4678/8596/5492 4680/8598/5494 4681/8599/5495
f 4672/8590/5486 4676/8594/5490 4682/8600/5496
f 4683/8601/5497 4684/8602/5498 4680/8598/5494
f 4685/8603/5499 4686/8604/5500 4687/8605/5501
f 4688/8606/5502 4689/8607/5503 4686/8604/5500
f 4690/8608/5504 4691/8609/5505 4692/8610/5506
f 4692/8610/5506 4693/8611/5507 4694/8612/5508
f 4695/8613/5509 4696/8614/5510 4697/8615/5511
f 4694/8612/5508 4689/8607/5503 4698/8616/5512
f 4696/8614/5510 4699/8617/5513 4697/8615/5511
f 4674/8592/5488 4700/8618/5514 4701/8619/5515
f 4702/8620/5516 4687/8605/5501 4684/8602/5498
f 4688/8621/5517 4703/8622/5518 4698/8623/5519
f 4696/8624/5520 4704/8625/5521 4705/8626/5522
f 4694/8627/5523 4703/8622/5518 4706/8628/5524
f 4692/8629/5525 4706/8628/5524 4707/8630/5526
f 4690/8631/5527 4707/8630/5526 4704/8625/5521
f 4693/8632/5528 4708/8633/5529 4689/8634/5530
f 4691/8635/5531 4709/8636/5532 4693/8632/5528
f 4689/8634/5530 4710/8637/5533 4686/8638/5534
f 4695/8639/5535 4711/8640/5536 4691/8635/5531
f 4712/8641/5537 4708/8642/5538 4703/8643/5539
f 4706/8644/5540 4708/8642/5538 4709/8645/5541
f 4707/8646/5542 4709/8645/5541 4711/8647/5543
f 4704/8648/5544 4711/8647/5543 4713/8649/5545
f 4705/8650/5546 4713/8649/5545 4699/8651/5546
f 4697/8652/5547 4713/8653/5548 4695/8639/5535
f 4687/8654/5549 4714/8655/5550 4684/8656/5551
f 4715/8657/5552 4716/8658/5553 4714/8659/5553
f 4714/8660/5554 4651/8661/5554 4671/8662/5554
f 4717/8663/5555 4718/8664/5556 4719/8665/5557
f 4720/8666/5558 4719/8665/5559 4721/8667/5560
f 4722/8668/5561 4723/8669/5562 4724/8670/5563
f 4725/8671/5564 4718/8664/5556 4726/8672/5565
f 4727/8673/5566 4721/8667/5560 4723/8669/5562
f 4673/8674/5567 4722/8668/5561 4700/8675/5568
f 4682/8676/5569 4720/8666/5558 4727/8673/5566
f 4681/8677/5570 4725/8671/5564 4726/8672/5565
f 4673/8674/5567 4727/8673/5566 4722/8668/5561
f 4676/8678/5571 4717/8663/5555 4720/8666/5558
f 4679/8679/5572 4726/8672/5565 4717/8663/5573
f 4724/8670/5563 4700/8675/5568 4722/8668/5561
f 4728/8680/5574 4714/8655/5575 4671/8681/5576
f 4684/8656/5551 4725/8671/5564 4680/8682/5577
f 4687/8654/5549 4710/8637/5533 4715/8683/5578
f 4729/8684/5579 4710/8685/5580 4712/8641/5537
f 4672/8686/5581 4730/8687/5582 4677/8688/5583
f 4683/8689/5584 4731/8690/5585 4702/8691/5586
f 4677/8688/5587 4732/8692/5588 4675/8693/5589
f 4674/8694/5590 4733/8695/5591 4672/8686/5581
f 4678/8696/5592 4734/8697/5593 4683/8689/5584
f 4675/8693/5589 4735/8698/5594 4678/8696/5592
f 4674/8694/5590 4701/8699/5595 4736/8700/5596
f 4716/8701/5597 4731/8690/5585 4651/8702/5598
f 4685/8703/5599 4716/8701/5597 4729/8704/5600
f 4688/8621/5517 4729/8704/5600 4712/8705/5601
f 4634/8706/5485 4632/8707/5485 4724/8708/5485
f 4594/8709/5602 4670/8710/5603 4736/8711/5604
f 4670/8710/5605 4657/8712/5605 4734/8713/5605
f 4594/8709/5602 4736/8711/5606 4701/8714/5607
f 4657/8712/5608 4655/8715/5485 4653/8716/5609
f 4653/8716/5609 4651/8717/5610 4731/8718/5611
f 4731/8718/5611 4734/8713/5612 4657/8712/5613
f 4670/8710/5612 4734/8713/5612 4735/8719/5612
f 4735/8719/5612 4732/8720/5612 4670/8710/5612
f 4732/8720/5612 4730/8721/5612 4670/8710/5612
f 4730/8721/5612 4733/8722/5612 4670/8710/5612
f 4733/8722/5614 4736/8711/5606 4670/8710/5614
f 4653/8716/5615 4731/8718/5616 4657/8712/5608
f 4599/8723/5617 4597/8724/5618 4660/8725/5619
f 4597/8724/5620 4594/8709/5602 4660/8725/5619
f 4661/8726/5621 4601/8727/5622 4660/8725/5619
f 4601/8727/5622 4599/8723/5623 4660/8725/5619
f 4594/8709/5602 4701/8714/5607 4663/8728/5624
f 4660/8725/5619 4594/8709/5602 4662/8729/5625
f 4662/8729/5625 4594/8709/5602 4663/8728/5626
f 4700/8730/5485 4724/8708/5485 4630/8731/5485
f 4724/8708/5485 4723/8732/5485 4637/8733/5485
f 4636/8734/5485 4724/8708/5485 4637/8733/5485
f 4701/8714/5607 4700/8730/5485 4663/8728/5624
f 4723/8732/5485 4721/8735/5485 4639/8736/5485
f 4721/8735/5485 4719/8737/5485 4641/8738/5485
f 4721/8735/5485 4641/8738/5485 4639/8736/5485
f 4719/8737/5485 4718/8739/5485 4641/8738/5485
f 4664/8740/5485 4663/8728/5624 4700/8730/5485
f 4724/8708/5485 4636/8734/5485 4634/8706/5485
f 4728/8741/5485 4671/8586/5485 4645/8589/5485
f 4718/8739/5485 4728/8741/5485 4643/8742/5485
f 4666/8743/5485 4664/8740/5485 4700/8730/5485
f 4667/8744/5485 4666/8743/5485 4700/8730/5485
f 4718/8739/5485 4643/8742/5485 4641/8738/5485
f 4728/8741/5485 4645/8589/5485 4643/8742/5485
f 4668/8745/5485 4667/8744/5485 4700/8730/5485
f 4628/8746/5485 4627/8747/5485 4669/8748/5485
f 4669/8748/5485 4668/8745/5485 4628/8746/5485
f 4668/8745/5485 4700/8730/5485 4630/8731/5485
f 4628/8746/5485 4668/8745/5485 4630/8731/5485
f 4639/8736/5485 4637/8733/5485 4723/8732/5485
f 4632/8707/5485 4630/8731/5485 4724/8708/5485
f 4658/8749/5405 4596/8750/5405 4642/8751/5405
f 4596/8750/5405 4595/8752/5405 4611/8753/5405
f 4614/8754/5405 4596/8750/5405 4612/8755/5405
f 4595/8752/5405 4598/8756/5405 4611/8753/5405
f 4598/8756/5405 4600/8757/5405 4611/8753/5405
f 4600/8757/5405 4602/8758/5405 4604/8759/5405
f 4604/8759/5405 4605/8760/5405 4609/8761/5405
f 4605/8760/5405 4607/8762/5405 4609/8761/5405
f 4609/8761/5405 4611/8753/5405 4600/8757/5405
f 4609/8761/5405 4600/8757/5405 4604/8759/5405
f 4611/8753/5405 4612/8755/5405 4596/8750/5405
f 4596/8750/5405 4614/8754/5405 4616/8763/5405
f 4654/8764/5405 4656/8765/5405 4652/8766/5405
f 4656/8765/5405 4658/8749/5405 4652/8766/5405
f 4650/8767/5405 4652/8766/5405 4658/8749/5405
f 4646/8768/5405 4648/8769/5405 4650/8767/5405
f 4644/8770/5405 4646/8768/5405 4650/8767/5405
f 4644/8770/5405 4650/8767/5405 4658/8749/5405
f 4642/8751/5405 4644/8770/5405 4658/8749/5405
f 4596/8750/5405 4616/8763/5405 4640/8771/5405
f 4596/8750/5405 4640/8771/5405 4642/8751/5405
f 4616/8763/5405 4592/8489/5405 4638/8772/5405
f 4635/8773/5405 4591/8488/5405 4629/8774/5405
f 4591/8488/5405 4638/8772/5405 4592/8489/5405
f 4629/8774/5405 4591/8488/5405 4593/8490/5405
f 4638/8772/5405 4640/8771/5405 4616/8763/5405
f 4592/8489/5405 4619/8775/5405 4593/8490/5405
f 4619/8775/5405 4621/8776/5405 4626/8777/5405
f 4621/8776/5405 4622/8778/5405 4624/8779/5405
f 4626/8777/5405 4621/8776/5405 4624/8779/5405
f 4626/8777/5405 4593/8490/5405 4619/8775/5405
f 4629/8774/5405 4631/8780/5405 4635/8773/5405
f 4631/8780/5405 4633/8781/5405 4635/8773/5405
f 4594/8491/5406 4597/8494/5407 4595/8492/5407
f 4597/8494/5407 4599/8496/5408 4598/8495/5408
f 4599/8496/5408 4601/8498/5409 4600/8497/5409
f 4601/8498/5409 4661/8782/5627 4602/8499/5410
f 4602/8500/5410 4661/8783/5627 4603/8501/5411
f 4605/8503/5413 4659/8561/5459 4606/8504/5414
f 4607/8505/5415 4606/8504/5414 4608/8506/5416
f 4609/8507/5417 4608/8506/5416 4610/8508/5418
f 4610/8508/5418 4613/8511/5421 4612/8510/5420
f 4613/8511/5421 4615/8513/5423 4614/8512/5422
f 4615/8513/5423 4665/8784/5628 4616/8514/5424
f 4616/8514/5424 4665/8784/5629 4617/8515/5425
f 4592/8516/5426 4617/8515/5425 4618/8517/5427
f 4619/8518/5429 4618/8517/5427 4620/8519/5430
f 4620/8519/5430 4623/8522/5433 4622/8521/5432
f 4623/8522/5433 4625/8524/5435 4624/8523/5434
f 4625/8524/5435 4627/8526/5437 4626/8525/5436
f 4627/8526/5437 4628/8528/5438 4593/8527/5438
f 4628/8528/5438 4630/8530/5439 4629/8529/5439
f 4630/8530/5439 4632/8532/5440 4631/8531/5440
f 4632/8532/5440 4634/8534/5441 4633/8533/5441
f 4634/8534/5441 4636/8785/5442 4635/8535/5442
f 4636/8536/5442 4637/8539/5443 4591/8537/5443
f 4637/8539/5443 4639/8541/5444 4638/8540/5444
f 4639/8541/5444 4641/8543/5445 4640/8542/5445
f 4641/8543/5630 4643/8545/5446 4642/8544/5446
f 4643/8545/5446 4645/8547/5447 4644/8546/5447
f 4645/8547/5447 4647/8549/5448 4646/8548/5448
f 4647/8549/5448 4649/8551/5450 4648/8550/5449
f 4649/8551/5450 4651/8553/5452 4650/8552/5451
f 4651/8553/5452 4653/8555/5454 4652/8554/5454
f 4653/8555/5454 4655/8557/5455 4654/8556/5455
f 4655/8557/5456 4657/8559/5457 4656/8558/5457
f 4657/8559/5457 4670/8585/5458 4658/8560/5458
f 4604/8502/5412 4603/8501/5411 4659/8561/5459
f 4610/8568/5467 4608/8566/5465 4660/8564/5462
f 4613/8570/5469 4610/8568/5467 4662/8569/5470
f 4615/8572/5472 4613/8570/5469 4663/8571/5631
f 4665/8574/5474 4615/8572/5472 4664/8573/5473
f 4617/8576/5632 4665/8574/5474 4666/8575/5475
f 4618/8578/5478 4617/8576/5632 4667/8577/5477
f 4620/8580/5480 4618/8578/5478 4668/8579/5633
f 4594/8491/5406 4596/8493/5406 4658/8560/5458
f 4671/8586/5485 4651/8717/5485 4649/8587/5485
f 4672/8590/5486 4682/8600/5496 4673/8591/5487
f 4675/8593/5489 4679/8597/5493 4676/8594/5490
f 4678/8596/5492 4681/8599/5495 4679/8597/5493
f 4678/8596/5492 4683/8601/5497 4680/8598/5494
f 4672/8590/5486 4677/8595/5491 4676/8594/5490
f 4683/8601/5497 4702/8620/5516 4684/8602/5498
f 4685/8603/5499 4688/8606/5502 4686/8604/5500
f 4688/8606/5502 4698/8616/5512 4689/8607/5503
f 4690/8608/5504 4695/8613/5509 4691/8609/5505
f 4692/8610/5506 4691/8609/5505 4693/8611/5507
f 4695/8613/5509 4690/8608/5504 4696/8614/5510
f 4694/8612/5508 4693/8611/5507 4689/8607/5503
f 4696/8614/5510 4705/8786/5513 4699/8617/5513
f 4674/8592/5488 4673/8591/5487 4700/8618/5514
f 4702/8620/5516 4685/8603/5499 4687/8605/5501
f 4688/8621/5517 4712/8705/5601 4703/8622/5518
f 4696/8624/5520 4690/8631/5527 4704/8625/5521
f 4694/8627/5523 4698/8623/5519 4703/8622/5518
f 4692/8629/5525 4694/8627/5523 4706/8628/5524
f 4690/8631/5527 4692/8629/5525 4707/8630/5526
f 4693/8632/5528 4709/8636/5532 4708/8633/5529
f 4691/8635/5531 4711/8640/5536 4709/8636/5532
f 4689/8634/5530 4708/8633/5529 4710/8637/5533
f 4695/8639/5535 4713/8653/5548 4711/8640/5536
f 4712/8641/5537 4710/8685/5580 4708/8642/5538
f 4706/8644/5540 4703/8643/5539 4708/8642/5538
f 4707/8646/5542 4706/8644/5540 4709/8645/5541
f 4704/8648/5544 4707/8646/5542 4711/8647/5543
f 4705/8650/5546 4704/8648/5544 4713/8649/5545
f 4697/8652/5547 4699/8787/5634 4713/8653/5548
f 4687/8654/5549 4715/8683/5578 4714/8655/5550
f 4715/8657/5552 4729/8684/5579 4716/8658/5553
f 4714/8660/5554 4716/8788/5554 4651/8661/5554
f 4717/8663/5555 4726/8672/5565 4718/8664/5556
f 4720/8666/5558 4717/8663/5555 4719/8665/5557
f 4722/8668/5561 4727/8673/5566 4723/8669/5562
f 4725/8671/5635 4728/8680/5574 4718/8664/5556
f 4727/8673/5566 4720/8666/5558 4721/8667/5560
f 4682/8676/5569 4676/8678/5636 4720/8666/5558
f 4681/8677/5570 4680/8682/5577 4725/8671/5564
f 4673/8674/5567 4682/8676/5569 4727/8673/5566
f 4676/8678/5636 4679/8679/5572 4717/8663/5555
f 4679/8679/5572 4681/8677/5570 4726/8672/5565
f 4728/8680/5574 4725/8671/5564 4714/8655/5550
f 4684/8656/5551 4714/8655/5550 4725/8671/5564
f 4687/8654/5549 4686/8638/5534 4710/8637/5533
f 4729/8684/5579 4715/8657/5552 4710/8685/5580
f 4672/8686/5581 4733/8695/5591 4730/8687/5582
f 4683/8689/5584 4734/8697/5593 4731/8690/5585
f 4677/8688/5587 4730/8687/5582 4732/8692/5588
f 4674/8694/5590 4736/8700/5596 4733/8695/5591
f 4678/8696/5592 4735/8698/5594 4734/8697/5593
f 4675/8693/5589 4732/8692/5588 4735/8698/5594
f 4716/8701/5597 4702/8691/5586 4731/8690/5585
f 4685/8703/5599 4702/8691/5586 4716/8701/5597
f 4688/8621/5517 4685/8703/5599 4729/8704/5600
o zaderzhka_low_zaderzhka_low_Circle:003.001
v -0.089811 -0.157786 0.091069
v -0.097136 -0.149436 0.092168
v -0.089811 -0.149436 0.092168
v -0.089811 -0.188947 0.114980
v -0.097136 -0.185724 0.107199
v -0.089811 -0.185724 0.107199
v -0.089811 -0.126625 0.114980
v -0.097136 -0.125526 0.123329
v -0.089811 -0.125526 0.123329
v -0.089811 -0.141656 0.151267
v -0.097136 -0.134975 0.146140
v -0.097136 -0.141656 0.151267
v -0.089811 -0.141656 0.095391
v -0.097136 -0.134975 0.100518
v -0.089811 -0.134975 0.100518
v -0.089811 -0.173916 0.151267
v -0.097136 -0.180597 0.146140
v -0.089811 -0.180597 0.146140
v -0.089811 -0.185724 0.139459
v -0.097136 -0.188947 0.131679
v -0.089811 -0.188947 0.131679
v -0.089811 -0.149436 0.154490
v -0.097136 -0.157786 0.155589
v -0.089811 -0.157786 0.155589
v -0.089811 -0.180597 0.100518
v -0.097136 -0.173916 0.095391
v -0.089811 -0.173916 0.095391
v -0.089811 -0.166135 0.092168
v -0.097136 -0.157786 0.091069
v -0.089811 -0.190046 0.123329
v -0.097136 -0.188947 0.114980
v -0.097136 -0.126625 0.131679
v -0.089811 -0.126625 0.131679
v -0.089811 -0.129848 0.139459
v -0.089811 -0.134975 0.146140
v -0.097136 -0.141656 0.095391
v -0.089811 -0.129848 0.107199
v -0.097136 -0.126625 0.114980
v -0.097136 -0.185724 0.139459
v -0.097136 -0.149436 0.154490
v -0.089811 -0.166135 0.154490
v -0.097136 -0.173916 0.151267
v -0.097136 -0.180597 0.100518
v -0.097136 -0.166135 0.092168
v -0.097136 -0.190046 0.123329
v -0.097136 -0.129848 0.107199
v -0.097136 -0.166135 0.154490
v -0.097136 -0.129848 0.139459
v -0.097136 -0.196581 0.094389
v -0.119875 -0.187525 0.086954
v -0.097136 -0.187525 0.086954
v -0.097136 -0.121649 0.114338
v -0.097136 -0.119719 0.125981
v -0.097136 -0.207838 0.114133
v -0.097136 -0.133066 0.094124
v -0.119875 -0.126023 0.103827
v -0.097136 -0.126023 0.103827
v -0.097136 -0.153290 0.082447
v -0.119875 -0.142409 0.086954
v -0.097136 -0.142409 0.086954
v -0.097136 -0.164967 0.080910
v -0.119875 -0.203486 0.103694
v -0.097136 -0.203486 0.103694
v -0.119875 -0.119719 0.125981
v -0.119875 -0.153290 0.082447
v -0.119875 -0.196581 0.094389
v -0.097136 -0.209646 0.125810
v -0.119875 -0.207838 0.114133
v -0.097136 -0.176644 0.082447
v -0.119875 -0.164967 0.080910
v -0.119875 -0.133066 0.094124
v -0.119875 -0.121649 0.114338
v -0.119875 -0.176644 0.082447
v -0.097108 -0.120519 0.406306
v -0.119855 -0.120263 0.311718
v -0.119846 -0.120519 0.406306
v -0.114730 -0.112698 0.413054
v -0.097108 -0.104877 0.419801
v -0.110341 -0.105910 0.464079
v -0.097108 -0.105910 0.464079
v -0.140492 -0.141550 0.465942
v -0.150069 -0.151832 0.336373
v -0.150048 -0.145129 0.466234
v -0.131671 -0.136546 0.465622
v -0.140492 -0.147624 0.331729
v -0.124608 -0.129899 0.465359
v -0.131671 -0.139120 0.326427
v -0.125595 -0.129899 0.321573
v -0.118559 -0.122344 0.465133
v -0.113553 -0.113352 0.464744
v -0.111191 -0.104877 0.419801
v -0.150048 -0.150515 0.466416
v -0.097136 -0.197159 0.304634
v -0.118452 -0.186477 0.457612
v -0.119108 -0.197159 0.304634
v -0.097136 -0.180942 0.465766
v -0.120217 -0.180942 0.465766
v -0.097136 -0.170861 0.467277
v -0.126719 -0.171373 0.467277
v -0.143502 -0.165473 0.331432
v -0.132728 -0.164396 0.467036
v -0.142631 -0.155944 0.466792
v -0.134045 -0.174076 0.324029
v -0.126874 -0.181951 0.317103
v -0.150069 -0.159869 0.336373
v -0.119875 -0.209646 0.125810
v -0.097135 -0.133506 0.165625
v 0.096169 -0.180597 0.100518
v 0.102937 -0.173650 0.095851
v 0.102937 -0.180222 0.100893
v 0.096169 -0.180597 0.146140
v 0.102937 -0.173650 0.150807
v 0.096169 -0.173916 0.151267
v 0.096169 -0.125526 0.123329
v 0.102937 -0.127138 0.115117
v 0.096169 -0.126625 0.114980
v 0.096169 -0.129848 0.139459
v 0.102937 -0.127138 0.131541
v 0.096169 -0.126625 0.131679
v 0.096169 -0.173916 0.095391
v 0.102937 -0.165998 0.092681
v 0.102937 -0.185264 0.139194
v 0.102937 -0.180222 0.145765
v 0.096169 -0.134975 0.146140
v 0.102937 -0.130308 0.139194
v 0.096169 -0.157786 0.091069
v 0.096169 -0.166135 0.092168
v 0.096169 -0.185724 0.139459
v 0.102937 -0.188434 0.131541
v 0.102937 -0.141921 0.150807
v 0.102937 -0.135350 0.145765
v 0.096169 -0.149436 0.092168
v 0.102937 -0.157786 0.091600
v 0.096169 -0.190046 0.123329
v 0.096169 -0.188947 0.131679
v 0.096169 -0.141656 0.151267
v 0.102937 -0.149574 0.153977
v 0.096169 -0.141656 0.095391
v 0.102937 -0.149574 0.092681
v 0.096169 -0.188947 0.114980
v 0.102937 -0.189515 0.123329
v 0.096169 -0.149436 0.154490
v 0.102937 -0.157786 0.155058
v 0.096169 -0.134975 0.100518
v 0.102937 -0.141921 0.095851
v 0.102937 -0.185264 0.107465
v 0.102937 -0.188434 0.115117
v 0.096169 -0.166135 0.154490
v 0.096169 -0.157786 0.155589
v 0.096169 -0.129848 0.107199
v 0.102937 -0.135350 0.100893
v 0.096169 -0.185724 0.107199
v 0.102937 -0.165998 0.153977
v 0.102937 -0.130308 0.107465
v 0.102937 -0.126057 0.123329
v 0.108073 -0.150011 0.152346
v 0.108073 -0.136544 0.102088
v 0.108073 -0.142766 0.097314
v 0.108073 -0.183801 0.108309
v 0.108073 -0.186802 0.115554
v 0.108073 -0.157786 0.153369
v 0.108073 -0.165561 0.152346
v 0.108073 -0.128769 0.115554
v 0.108073 -0.131770 0.108309
v 0.108073 -0.128769 0.131104
v 0.108073 -0.127746 0.123329
v 0.108073 -0.172806 0.097314
v 0.108073 -0.179027 0.102088
v 0.108073 -0.172806 0.149345
v 0.108073 -0.165561 0.094313
v 0.108073 -0.183801 0.138349
v 0.108073 -0.179027 0.144571
v 0.108073 -0.131770 0.138349
v 0.108073 -0.157786 0.093289
v 0.108073 -0.186802 0.131104
v 0.108073 -0.136544 0.144571
v 0.108073 -0.187826 0.123329
v 0.108073 -0.142766 0.149345
v 0.108073 -0.150011 0.094313
v 0.111990 -0.164330 0.098904
v 0.111990 -0.170429 0.101430
v 0.111990 -0.179684 0.135972
v 0.111990 -0.175666 0.141209
v 0.111990 -0.135887 0.135972
v 0.111990 -0.157786 0.098043
v 0.111990 -0.139906 0.141209
v 0.111990 -0.151241 0.098904
v 0.111990 -0.182211 0.129874
v 0.111990 -0.151241 0.147754
v 0.111990 -0.145143 0.145228
v 0.111990 -0.145143 0.101430
v 0.111990 -0.183072 0.123329
v 0.111990 -0.139906 0.105449
v 0.111990 -0.179684 0.110686
v 0.111990 -0.182211 0.116785
v 0.111990 -0.157786 0.148616
v 0.111990 -0.135887 0.110686
v 0.111990 -0.164330 0.147754
v 0.111990 -0.133361 0.116784
v 0.111990 -0.133361 0.129874
v 0.111990 -0.132499 0.123329
v 0.111990 -0.175666 0.105449
v 0.111990 -0.170429 0.145228
v 0.113062 -0.152719 0.142239
v 0.113062 -0.147998 0.106375
v 0.113062 -0.174739 0.113541
v 0.113062 -0.176695 0.118262
v 0.113062 -0.157786 0.142906
v 0.113062 -0.140832 0.113541
v 0.113062 -0.143943 0.109486
v 0.113062 -0.171628 0.109486
v 0.113062 -0.162853 0.142239
v 0.113062 -0.138876 0.118262
v 0.113062 -0.138876 0.128396
v 0.113062 -0.138209 0.123329
v 0.113062 -0.167574 0.106375
v 0.113062 -0.167574 0.140283
v 0.113062 -0.162853 0.104420
v 0.113062 -0.174739 0.133117
v 0.113062 -0.171628 0.137172
v 0.113062 -0.140832 0.133117
v 0.113062 -0.157786 0.103753
v 0.113062 -0.143943 0.137172
v 0.113062 -0.152719 0.104420
v 0.113062 -0.177362 0.123329
v 0.113062 -0.176695 0.128396
v 0.113062 -0.147998 0.140283
v 0.113062 -0.157786 0.123329
v 0.083680 -0.126625 0.131679
v 0.083680 -0.129848 0.139459
v 0.083680 -0.157786 0.155589
v 0.083680 -0.166135 0.154490
v 0.083680 -0.134975 0.100518
v 0.083680 -0.129848 0.107199
v 0.083680 -0.190046 0.123329
v 0.083680 -0.166135 0.092168
v 0.083680 -0.185724 0.107199
v 0.083680 -0.180597 0.100518
v 0.083680 -0.173916 0.151267
v 0.083680 -0.141656 0.151267
v 0.083680 -0.149436 0.154490
v 0.083680 -0.180597 0.146140
v 0.083680 -0.185724 0.139459
v 0.083680 -0.126625 0.114980
v 0.083680 -0.141656 0.095391
v 0.083680 -0.134975 0.146140
v 0.083680 -0.188947 0.114980
v 0.083680 -0.157786 0.091069
v 0.083680 -0.173916 0.095391
v 0.083680 -0.188947 0.131679
v 0.083680 -0.125526 0.123329
v 0.083680 -0.149436 0.092168
v -0.097136 -0.196508 0.163035
v -0.097135 -0.177928 0.458770
v -0.097136 -0.186477 0.457612
v -0.097110 -0.111277 0.450937
v -0.097105 -0.111989 0.425842
v -0.097136 -0.196513 0.162978
v -0.097117 -0.131222 0.405282
vt 0.697866 0.006711
vt 0.698587 0.010533
vt 0.696241 0.009565
vt 0.712726 0.002878
vt 0.709183 0.004505
vt 0.709546 0.001990
vt 0.698058 0.021934
vt 0.701931 0.022284
vt 0.700323 0.024255
vt 0.712704 0.026290
vt 0.709246 0.024545
vt 0.711761 0.023934
vt 0.695438 0.012744
vt 0.698016 0.015657
vt 0.695504 0.016012
vt 0.720380 0.016278
vt 0.717847 0.013310
vt 0.720366 0.012979
vt 0.719517 0.009788
vt 0.715852 0.008448
vt 0.717882 0.006917
vt 0.715584 0.024681
vt 0.715899 0.020791
vt 0.717911 0.022340
vt 0.706250 0.001953
vt 0.704003 0.005132
vt 0.703063 0.002771
vt 0.700198 0.004392
vt 0.699872 0.008267
vt 0.715568 0.004560
vt 0.711724 0.005216
vt 0.704165 0.023662
vt 0.703089 0.025970
vt 0.706208 0.026941
vt 0.709491 0.026997
vt 0.697956 0.013055
vt 0.696411 0.019140
vt 0.700091 0.020412
vt 0.717163 0.010751
vt 0.714007 0.022601
vt 0.719547 0.019473
vt 0.717859 0.015954
vt 0.706548 0.004478
vt 0.701722 0.006424
vt 0.714001 0.006560
vt 0.698751 0.018159
vt 0.717198 0.018507
vt 0.706657 0.024441
vt 0.322113 0.137447
vt 0.314133 0.133335
vt 0.322113 0.133335
vt 0.910827 0.487531
vt 0.912346 0.484449
vt 0.912815 0.488564
vt 0.888215 0.486389
vt 0.882142 0.482850
vt 0.888748 0.483482
vt 0.322113 0.112670
vt 0.314133 0.108462
vt 0.322113 0.108462
vt 0.322115 0.120935
vt 0.314133 0.116803
vt 0.322113 0.116803
vt 0.897147 0.475893
vt 0.897756 0.471967
vt 0.900092 0.475654
vt 0.322113 0.145482
vt 0.314133 0.141513
vt 0.322113 0.141513
vt 0.322113 0.104467
vt 0.314133 0.100326
vt 0.322113 0.100326
vt 0.883852 0.479270
vt 0.890015 0.480812
vt 0.909599 0.481802
vt 0.910589 0.484587
vt 0.907919 0.479371
vt 0.910998 0.480688
vt 0.322113 0.125070
vt 0.314135 0.120935
vt 0.905668 0.477454
vt 0.908701 0.477163
vt 0.314133 0.137447
vt 0.322113 0.149629
vt 0.314133 0.145482
vt 0.901821 0.472712
vt 0.903000 0.476187
vt 0.891930 0.478562
vt 0.889742 0.473685
vt 0.894362 0.476883
vt 0.322113 0.129202
vt 0.314133 0.125070
vt 0.314133 0.112670
vt 0.893636 0.472298
vt 0.314133 0.104467
vt 0.905553 0.474485
vt 0.886436 0.476131
vt 0.314133 0.129202
vt 0.322125 0.001953
vt 0.314142 0.035146
vt 0.314145 0.001953
vt 0.395718 0.008138
vt 0.392093 0.001953
vt 0.399342 0.001953
vt 0.388268 0.017495
vt 0.383625 0.001953
vt 0.388270 0.001953
vt 0.588408 0.296319
vt 0.591990 0.250724
vt 0.591990 0.296355
vt 0.584845 0.296294
vt 0.588284 0.249171
vt 0.581443 0.296310
vt 0.583928 0.247448
vt 0.580001 0.245871
vt 0.577094 0.275715
vt 0.575955 0.242541
vt 0.578044 0.296352
vt 0.399344 0.009933
vt 0.573891 0.278185
vt 0.574431 0.296322
vt 0.570944 0.280634
vt 0.571581 0.296165
vt 0.271983 0.023260
vt 0.274796 0.068811
vt 0.272905 0.068882
vt 0.322112 0.212535
vt 0.314631 0.266349
vt 0.314401 0.212535
vt 0.322112 0.269809
vt 0.314011 0.269807
vt 0.322112 0.273383
vt 0.311729 0.273206
vt 0.714410 0.169657
vt 0.719017 0.217171
vt 0.714449 0.217276
vt 0.718782 0.166871
vt 0.722248 0.217094
vt 0.726272 0.216345
vt 0.722401 0.164266
vt 0.728122 0.159542
vt 0.711453 0.171512
vt 0.711219 0.217264
vt 0.314133 0.149629
vt 0.728122 0.213357
vt 0.111247 0.564259
vt 0.106828 0.567679
vt 0.104895 0.564158
vt 0.113788 0.559741
vt 0.101520 0.560908
vt 0.116191 0.555987
vt 0.098027 0.558516
vt 0.094354 0.554781
vt 0.121101 0.550424
vt 0.121101 0.487516
vt 0.089625 0.489775
vt 0.104363 0.472893
vt 0.108486 0.473145
vt 0.115760 0.476833
vt 0.112407 0.474454
vt 0.118405 0.479925
vt 0.100313 0.473715
vt 0.120185 0.483473
vt 0.091290 0.481864
vt 0.090016 0.485652
vt 0.093519 0.478296
vt 0.096613 0.475557
vt 0.309994 0.285442
vt 0.306899 0.283684
vt 0.306147 0.278623
vt 0.907111 0.495358
vt 0.909028 0.493107
vt 0.907282 0.502213
vt 0.826456 0.476297
vt 0.828978 0.473478
vt 0.828838 0.476403
vt 0.826070 0.493908
vt 0.828465 0.496823
vt 0.826084 0.496836
vt 0.826948 0.520283
vt 0.829531 0.523038
vt 0.827156 0.523216
vt 0.826602 0.514420
vt 0.829143 0.517211
vt 0.826764 0.517351
vt 0.826597 0.473355
vt 0.829137 0.470552
vt 0.828463 0.490993
vt 0.828448 0.493908
vt 0.826462 0.511488
vt 0.828981 0.514298
vt 0.826941 0.467473
vt 0.826756 0.470414
vt 0.826081 0.490979
vt 0.828497 0.488078
vt 0.828725 0.508468
vt 0.828838 0.511384
vt 0.827144 0.464533
vt 0.829318 0.467624
vt 0.826163 0.485110
vt 0.826112 0.488045
vt 0.826343 0.508559
vt 0.828629 0.505555
vt 0.827369 0.461594
vt 0.829520 0.464701
vt 0.826239 0.482174
vt 0.828544 0.485163
vt 0.826248 0.505628
vt 0.828557 0.502645
vt 0.827616 0.458654
vt 0.829738 0.461786
vt 0.828719 0.479326
vt 0.828617 0.482245
vt 0.826120 0.499764
vt 0.826175 0.502696
vt 0.827381 0.526152
vt 0.830013 0.528856
vt 0.827632 0.529093
vt 0.826340 0.479236
vt 0.828502 0.499734
vt 0.829757 0.525951
vt 0.829321 0.520124
vt 0.449463 0.030910
vt 0.446428 0.032591
vt 0.446291 0.030738
vt 0.440919 0.055113
vt 0.439290 0.052053
vt 0.441658 0.053365
vt 0.459250 0.048141
vt 0.456245 0.049910
vt 0.457505 0.047485
vt 0.452533 0.031862
vt 0.449198 0.032761
vt 0.434341 0.046369
vt 0.436853 0.048790
vt 0.434983 0.049239
vt 0.455662 0.053355
vt 0.457773 0.050964
vt 0.455281 0.033560
vt 0.451821 0.033602
vt 0.436036 0.043409
vt 0.436206 0.046146
vt 0.434670 0.040211
vt 0.437517 0.038218
vt 0.436456 0.040743
vt 0.452190 0.053458
vt 0.454429 0.051944
vt 0.457532 0.035919
vt 0.454151 0.035059
vt 0.434176 0.043287
vt 0.437760 0.034761
vt 0.435899 0.037307
vt 0.452991 0.055150
vt 0.449623 0.054378
vt 0.457336 0.039411
vt 0.456017 0.037030
vt 0.440216 0.032705
vt 0.439156 0.035999
vt 0.450001 0.056207
vt 0.446910 0.054662
vt 0.459101 0.038765
vt 0.458078 0.042071
vt 0.443154 0.031328
vt 0.441273 0.034251
vt 0.443823 0.056143
vt 0.446901 0.056521
vt 0.459935 0.041870
vt 0.458137 0.044832
vt 0.443741 0.033102
vt 0.444211 0.054296
vt 0.459978 0.045042
vt 0.449084 0.052326
vt 0.451167 0.051581
vt 0.455357 0.040233
vt 0.454286 0.038291
vt 0.440668 0.037493
vt 0.446867 0.052542
vt 0.442378 0.036083
vt 0.444651 0.052223
vt 0.455967 0.042356
vt 0.446574 0.034727
vt 0.444394 0.035141
vt 0.442529 0.051419
vt 0.455996 0.044569
vt 0.440599 0.050176
vt 0.454477 0.048688
vt 0.455504 0.046738
vt 0.448777 0.034857
vt 0.438348 0.045831
vt 0.439032 0.048024
vt 0.450886 0.035529
vt 0.438179 0.043561
vt 0.439367 0.039289
vt 0.438489 0.041357
vt 0.453007 0.050341
vt 0.452756 0.036699
vt 0.446648 0.036760
vt 0.443473 0.049587
vt 0.452776 0.047570
vt 0.453578 0.046041
vt 0.448354 0.036852
vt 0.440379 0.045431
vt 0.440996 0.047105
vt 0.451629 0.048848
vt 0.449982 0.037364
vt 0.440207 0.043660
vt 0.441105 0.040309
vt 0.440440 0.041919
vt 0.450199 0.049801
vt 0.451437 0.038266
vt 0.448575 0.050371
vt 0.453470 0.041006
vt 0.452633 0.039506
vt 0.442101 0.038920
vt 0.446852 0.050526
vt 0.443419 0.037823
vt 0.445127 0.050253
vt 0.453961 0.044365
vt 0.453937 0.042654
vt 0.444968 0.037088
vt 0.447099 0.043652
vt 0.442039 0.048530
vt 0.822386 0.517611
vt 0.822227 0.514646
vt 0.821793 0.502795
vt 0.821741 0.499832
vt 0.823253 0.529448
vt 0.823014 0.526494
vt 0.821781 0.485015
vt 0.822382 0.470164
vt 0.821957 0.479075
vt 0.822080 0.476106
vt 0.821701 0.496870
vt 0.821964 0.508721
vt 0.821868 0.505758
vt 0.821685 0.493908
vt 0.821701 0.490945
vt 0.822785 0.523538
vt 0.822998 0.461256
vt 0.822080 0.511684
vt 0.821857 0.482045
vt 0.822565 0.467193
vt 0.822220 0.473136
vt 0.821731 0.487981
vt 0.823238 0.458300
vt 0.822578 0.520576
vt 0.822771 0.464221
vt 0.882512 0.549806
vt 0.885247 0.500190
vt 0.886523 0.604167
vt 0.881302 0.486912
vt 0.392093 0.006895
vt 0.383326 0.017495
vt 0.274796 0.023057
vt 0.322112 0.266349
vt 0.109630 0.567352
vt 0.322125 0.296204
vt 0.317483 0.296209
vt 0.316353 0.293587
vt 0.314597 0.290428
vt 0.309622 0.275658
vt 0.312472 0.287777
vt 0.303544 0.282425
vt 0.303544 0.280534
vt 0.910295 0.490438
vt 0.907573 0.586796
vt 0.911670 0.607302
vt 0.888848 0.607274
vt 0.910022 0.602602
vt 0.885343 0.606566
vt 0.888452 0.489335
vt 0.912815 0.591802
vt 0.910215 0.593794
vt 0.889444 0.492118
vt 0.885247 0.500171
vt 0.891123 0.494552
vt 0.893373 0.496467
vt 0.896043 0.497734
vt 0.898950 0.498266
vt 0.903840 0.586248
vt 0.901896 0.498028
vt 0.904679 0.497038
vt 0.829989 0.458887
vt 0.438339 0.053716
vt 0.883547 0.603610
vn 0.0000 -0.0000 -1.0000
vn -0.0000 0.2588 -0.9659
vn 0.0000 -0.9659 -0.2588
vn -0.0000 -0.8660 -0.5000
vn 0.0000 0.9659 -0.2588
vn -0.0000 1.0000 -0.0000
vn 0.0000 0.5000 0.8660
vn -0.0000 0.7071 0.7071
vn 0.0000 0.5000 -0.8660
vn -0.0000 0.7071 -0.7071
vn 0.0000 -0.5000 0.8660
vn -0.0000 -0.7071 0.7071
vn 0.0000 -0.8660 0.5000
vn -0.0000 -0.9659 0.2588
vn 0.0000 0.2588 0.9659
vn -0.0000 -0.0000 1.0000
vn 0.0000 -0.7071 -0.7071
vn -0.0000 -0.5000 -0.8660
vn 0.0000 -0.2588 -0.9659
vn 0.0000 -1.0000 -0.0000
vn -0.0000 0.9659 0.2588
vn 0.0000 0.8660 0.5000
vn 0.0000 0.8660 -0.5000
vn 0.0000 -0.2588 0.9659
vn 0.0000 -0.7242 -0.6896
vn -0.0000 -0.5142 -0.8577
vn 1.0000 0.0000 0.0000
vn 0.0000 0.7165 -0.6976
vn 0.0000 0.8722 -0.4891
vn -0.0000 -0.9626 -0.2709
vn 0.0000 -0.8695 -0.4940
vn 0.0000 0.9612 -0.2757
vn 0.0000 0.9967 -0.0806
vn 0.0000 -0.9991 -0.0419
vn 0.0000 1.0000 0.0027
vn -0.0005 1.0000 0.0028
vn -0.0000 0.6532 -0.7572
vn 0.0000 0.9997 0.0233
vn -0.4254 0.9040 -0.0437
vn -0.4159 0.9085 -0.0414
vn -0.3516 0.9349 -0.0482
vn -0.5988 0.8004 -0.0260
vn -0.5964 0.8023 -0.0246
vn -0.7444 0.6676 0.0100
vn -0.7841 0.6207 -0.0018
vn -0.5988 0.8005 -0.0260
vn -0.0006 1.0000 0.0029
vn -0.0003 1.0000 0.0028
vn -0.8510 0.5252 0.0031
vn -0.8661 0.4997 0.0139
vn -0.8585 0.5129 0.0015
vn -0.8264 0.5622 0.0320
vn 0.0000 0.6533 -0.7571
vn -0.8735 0.4858 0.0318
vn -0.8953 0.4446 0.0264
vn -0.9188 0.3939 0.0260
vn -0.9169 0.3982 0.0269
vn -1.0000 0.0000 0.0002
vn 0.0000 -0.9976 0.0697
vn 0.0000 -0.9404 0.3401
vn -0.0000 -0.5325 0.8464
vn 0.0014 -0.4531 0.8914
vn 0.0014 -0.4531 0.8915
vn 0.0014 -0.0510 0.9987
vn 0.0004 -0.0236 0.9997
vn -0.6390 -0.7670 0.0579
vn -0.7046 -0.7075 0.0545
vn -0.6211 -0.7816 0.0578
vn -0.6960 -0.7162 0.0523
vn -0.7884 -0.6134 0.0463
vn -0.8569 -0.5140 0.0381
vn -0.8334 -0.5509 0.0449
vn -0.8780 -0.4768 0.0419
vn -0.6210 -0.7816 0.0589
vn -0.5916 -0.8042 0.0579
vn 0.0000 -0.9991 -0.0421
vn -0.9397 -0.3410 0.0278
vn -0.5409 0.0895 -0.8363
vn -0.5061 0.0677 -0.8598
vn -0.5416 0.0962 -0.8351
vn -0.6135 0.0978 -0.7836
vn -0.6601 0.0842 -0.7464
vn -0.7868 0.0582 -0.6144
vn -0.8469 0.0661 -0.5276
vn -0.9807 0.0171 -0.1950
vn -0.9861 0.0078 -0.1659
vn -1.0000 -0.0000 0.0022
vn -1.0000 -0.0013 0.0017
vn -1.0000 0.0000 0.0000
vn 0.0017 0.0488 0.9988
vn 0.0028 0.0558 0.9984
vn 0.0080 0.0543 0.9985
vn 1.0000 -0.0001 -0.0000
vn 0.0390 -0.7066 -0.7066
vn 0.1948 -0.4904 -0.8494
vn 0.1948 -0.6936 -0.6936
vn 0.0390 -0.7066 0.7066
vn 0.1948 -0.4904 0.8494
vn 0.0390 -0.4996 0.8654
vn 0.0390 0.9992 0.0000
vn 0.1948 0.9474 -0.2539
vn 0.0390 0.9652 -0.2586
vn 0.0390 0.8654 0.4996
vn 0.1948 0.9474 0.2539
vn 0.0390 0.9652 0.2586
vn 0.0390 -0.4996 -0.8654
vn 0.1948 -0.2539 -0.9474
vn 0.1948 -0.8494 0.4904
vn 0.1948 -0.6935 0.6936
vn 0.0390 0.7066 0.7066
vn 0.1948 0.8494 0.4904
vn 0.0390 0.0000 -0.9992
vn 0.0390 -0.2586 -0.9652
vn 0.0390 -0.8654 0.4996
vn 0.1948 -0.9474 0.2539
vn 0.1948 0.4904 0.8494
vn 0.1948 0.6935 0.6936
vn 0.0390 0.2586 -0.9652
vn 0.1948 -0.0000 -0.9808
vn 0.0390 -0.9992 -0.0000
vn 0.0390 -0.9652 0.2586
vn 0.0390 0.4996 0.8654
vn 0.1948 0.2539 0.9474
vn 0.0390 0.4996 -0.8654
vn 0.1948 0.2539 -0.9474
vn 0.0390 -0.9652 -0.2586
vn 0.1948 -0.9808 0.0000
vn 0.0390 0.2586 0.9652
vn 0.1948 -0.0000 0.9808
vn 0.0390 0.7066 -0.7066
vn 0.1948 0.4904 -0.8494
vn 0.1948 -0.8494 -0.4904
vn 0.1948 -0.9474 -0.2539
vn 0.0390 -0.2586 0.9652
vn 0.0390 0.0000 0.9992
vn 0.0390 0.8654 -0.4996
vn 0.1948 0.6936 -0.6936
vn 0.0390 -0.8654 -0.4996
vn 0.1948 -0.2539 0.9474
vn 0.1948 0.8494 -0.4904
vn 0.1948 0.9808 -0.0000
vn 0.5538 0.2155 0.8043
vn 0.5538 0.5888 -0.5888
vn 0.5538 0.4163 -0.7211
vn 0.5538 -0.7211 -0.4163
vn 0.5538 -0.8043 -0.2155
vn 0.5539 -0.0000 0.8326
vn 0.5538 -0.2155 0.8043
vn 0.5538 0.8043 -0.2155
vn 0.5538 0.7211 -0.4163
vn 0.5538 0.8043 0.2155
vn 0.5538 0.8326 -0.0000
vn 0.1948 -0.6935 -0.6936
vn 0.5538 -0.4163 -0.7211
vn 0.5538 -0.5888 -0.5888
vn 0.1948 -0.6936 0.6935
vn 0.5538 -0.4163 0.7211
vn 0.5538 -0.2155 -0.8043
vn 0.1948 -0.6936 0.6936
vn 0.5538 -0.7211 0.4163
vn 0.5538 -0.5888 0.5888
vn 0.1948 0.6936 0.6936
vn 0.5538 0.7211 0.4163
vn 0.5538 0.0000 -0.8326
vn 0.5538 -0.8043 0.2155
vn 0.5538 0.5888 0.5888
vn 0.1948 0.6936 0.6935
vn 0.5538 -0.8326 0.0000
vn 0.5538 0.4163 0.7211
vn 0.5538 0.2155 -0.8043
vn 0.8978 -0.1140 -0.4253
vn 0.8978 -0.2202 -0.3813
vn 0.8978 -0.3813 0.2202
vn 0.8978 -0.3114 0.3114
vn 0.8978 0.3813 0.2202
vn 0.8978 -0.0000 -0.4403
vn 0.8978 0.3114 0.3114
vn 0.8978 0.1140 -0.4253
vn 0.8978 -0.4253 0.1140
vn 0.8978 0.1140 0.4253
vn 0.8978 0.2202 0.3813
vn 0.8978 0.2202 -0.3813
vn 0.8978 -0.4403 0.0000
vn 0.5538 -0.0000 0.8326
vn 0.8978 0.3114 -0.3114
vn 0.8978 -0.3813 -0.2202
vn 0.8978 -0.4253 -0.1140
vn 0.8978 -0.0000 0.4403
vn 0.8978 0.3813 -0.2202
vn 0.8978 -0.1140 0.4253
vn 0.8978 0.4253 -0.1140
vn 0.8978 0.4253 0.1140
vn 0.8978 0.4403 0.0000
vn 0.8978 -0.3114 -0.3114
vn 0.8978 -0.2202 0.3813
vn 0.9949 0.0260 0.0970
vn 0.9950 0.0502 -0.0869
vn 0.9950 -0.0869 -0.0502
vn 0.9949 -0.0970 -0.0260
vn 0.9949 -0.0000 0.1004
vn 0.9949 0.0869 -0.0502
vn 0.9949 0.0710 -0.0710
vn 0.9949 -0.0710 -0.0710
vn 0.9949 -0.0260 0.0970
vn 0.9949 0.0970 -0.0260
vn 0.9950 0.0869 -0.0502
vn 0.9949 0.0970 0.0260
vn 0.9949 0.1004 -0.0000
vn 0.9950 -0.0502 -0.0869
vn 0.9950 -0.0502 0.0869
vn 0.9949 -0.0260 -0.0970
vn 0.9950 -0.0869 0.0502
vn 0.9949 -0.0710 0.0710
vn 0.9950 0.0869 0.0502
vn 0.9949 0.0000 -0.1004
vn 0.9949 0.0710 0.0710
vn 0.9949 0.0260 -0.0970
vn 0.9949 -0.1004 -0.0000
vn 0.9949 -0.0970 0.0260
vn 0.9950 0.0502 0.0869
vn 0.0001 0.2588 0.9659
vn -0.0000 -0.9451 0.3269
vn -0.6211 -0.7815 0.0589
vn -0.6012 0.0000 -0.7991
vn 0.0107 0.0569 0.9983
vn 0.0000 0.0890 0.9960
vn 0.0215 0.0417 0.9989
vn 0.0059 0.0432 0.9990
vn 0.0061 0.0470 0.9989
vn -0.0083 0.0412 0.9991
vn 0.0179 0.0338 0.9993
vn 0.0024 0.0503 0.9987
vn 1.0000 -0.0002 -0.0001
vn 1.0000 -0.0005 0.0000
vn 1.0000 -0.0004 0.0000
vn 1.0000 -0.0003 0.0003
vn 1.0000 -0.0000 0.0001
vn 1.0000 -0.0003 0.0004
vn 1.0000 0.0001 -0.0001
vn 1.0000 -0.0003 0.0000
vn 1.0000 0.0006 0.0002
vn 1.0000 -0.0007 0.0001
vn 1.0000 0.0002 -0.0002
vn 1.0000 -0.0000 -0.0001
vn 1.0000 -0.0009 0.0002
vn 1.0000 0.0003 0.0000
vn 1.0000 -0.0008 -0.0001
vn 1.0000 -0.0001 -0.0001
vn 0.1948 0.6935 -0.6936
vn 0.1948 -0.6936 -0.6935
vn 0.9949 0.0502 -0.0869
vn 0.9949 0.0869 0.0502
vn 0.9949 0.0502 0.0869
vn 1.0000 -0.0001 0.0001
g zaderzhka_low_zaderzhka_low_Circle:003.001_body
usemtl body
s 1
f 4737/8789/5637 4738/8790/5638 4739/8791/5638
f 4740/8792/5639 4741/8793/5640 4742/8794/5640
f 4743/8795/5641 4744/8796/5642 4745/8797/5642
f 4746/8798/5643 4747/8799/5644 4748/8800/5643
f 4749/8801/5645 4750/8802/5646 4751/8803/5646
f 4752/8804/5647 4753/8805/5648 4754/8806/5648
f 4755/8807/5649 4756/8808/5650 4757/8809/5650
f 4758/8810/5651 4759/8811/5652 4760/8812/5652
f 4761/8813/5653 4762/8814/5654 4763/8815/5654
f 4764/8816/5655 4765/8817/5637 4737/8789/5637
f 4766/8818/5656 4767/8819/5639 4740/8792/5639
f 4745/8797/5642 4768/8820/5657 4769/8821/5657
f 4770/8822/5658 4747/8799/5644 4771/8823/5644
f 4739/8791/5638 4772/8824/5645 4749/8801/5645
f 4773/8825/5659 4774/8826/5641 4743/8795/5641
f 4754/8806/5648 4775/8827/5649 4755/8807/5649
f 4758/8810/5651 4748/8800/5643 4776/8828/5651
f 4777/8829/5660 4778/8830/5647 4752/8804/5647
f 4742/8794/5640 4779/8831/5653 4761/8813/5653
f 4763/8815/5654 4780/8832/5655 4764/8816/5655
f 4757/8809/5650 4781/8833/5656 4766/8818/5656
f 4751/8803/5646 4782/8834/5659 4773/8825/5659
f 4760/8812/5652 4783/8835/5660 4777/8829/5660
f 4769/8821/5657 4784/8836/5658 4770/8822/5658
f 4785/8837/5661 4786/8838/5662 4787/8839/5662
f 4744/8840/5663 4788/8841/5663 4789/8842/5663
f 4781/8843/5663 4790/8844/5663 4767/8845/5663
f 4791/8846/5664 4792/8847/5665 4793/8848/5665
f 4794/8849/5638 4795/8850/5645 4796/8851/5645
f 4780/8852/5663 4797/8853/5663 4765/8854/5663
f 4790/8855/5666 4798/8856/5667 4799/8857/5667
f 4788/8858/5668 4800/8859/5669 4789/8860/5669
f 4767/8845/5663 4799/8861/5663 4741/8862/5663
f 4782/8863/5663 4788/8841/5663 4774/8864/5663
f 4750/8865/5663 4793/8866/5663 4782/8863/5663
f 4797/8867/5637 4801/8868/5638 4794/8849/5638
f 4772/8869/5663 4791/8870/5663 4750/8865/5663
f 4799/8857/5667 4802/8871/5661 4785/8837/5661
f 4803/8872/5670 4804/8873/5666 4790/8855/5666
f 4765/8854/5663 4794/8874/5663 4738/8875/5663
f 4779/8876/5663 4787/8877/5663 4762/8878/5663
f 4805/8879/5655 4806/8880/5637 4797/8867/5637
f 4796/8851/5645 4807/8881/5664 4791/8846/5664
f 4762/8878/5663 4805/8882/5663 4780/8852/5663
f 4793/8848/5665 4808/8883/5668 4788/8858/5668
f 4738/8875/5663 4796/8884/5663 4772/8869/5663
f 4741/8862/5663 4785/8885/5663 4779/8876/5663
f 4787/8839/5662 4809/8886/5655 4805/8879/5655
f 4810/8887/5671 4811/8888/5672 4812/8889/5671
f 4813/8890/5673 4814/8891/5673 4810/8892/5673
f 4814/8893/5674 4815/8894/5674 4816/8895/5674
f 4817/8896/5675 4818/8897/5676 4819/8898/5677
f 4820/8899/5678 4821/8900/5679 4817/8896/5675
f 4822/8901/5680 4823/8902/5681 4820/8899/5682
f 4789/8860/5669 4811/8888/5683 4810/8887/5684
f 4824/8903/5685 4812/8904/5686 4811/8905/5687
f 4825/8906/5688 4812/8904/5686 4822/8901/5680
f 4810/8892/5689 4812/8907/5689 4813/8890/5689
f 4813/8908/5690 4825/8906/5688 4826/8909/5691
f 4827/8910/5692 4826/8909/5691 4815/8911/5693
f 4818/8912/5694 4828/8913/5694 4819/8914/5694
f 4829/8915/5695 4830/8916/5696 4831/8917/5695
f 4830/8916/5696 4832/8918/5697 4833/8919/5698
f 4833/8919/5699 4834/8920/5700 4835/8921/5701
f 4836/8922/5702 4837/8923/5703 4838/8924/5704
f 4839/8925/5705 4835/8926/5706 4837/8923/5703
f 4833/8927/5707 4840/8928/5708 4831/8929/5709
f 4841/8930/5710 4838/8924/5704 4828/8931/5711
f 4803/8872/5670 4831/8917/5695 4842/8932/5712
f 4830/8933/5713 4833/8927/5707 4831/8929/5709
f 4836/8934/5714 4818/8935/5715 4821/8936/5716
f 4839/8937/5717 4821/8936/5716 4823/8938/5718
f 4840/8939/5719 4823/8938/5718 4824/8940/5720
f 4840/8939/5719 4811/8941/5721 4831/8942/5722
f 4842/8943/5723 4831/8942/5722 4800/8944/5724
f 4806/8945/5725 4809/8946/5725 4802/8947/5725
f 4809/8946/5725 4786/8948/5725 4802/8947/5725
f 4802/8947/5725 4798/8949/5725 4801/8950/5725
f 4806/8945/5725 4802/8947/5725 4801/8950/5725
f 4798/8949/5725 4804/8951/5725 4792/8952/5725
f 4804/8951/5725 4842/8943/5723 4808/8953/5725
f 4792/8952/5725 4804/8951/5725 4808/8953/5725
f 4831/8942/5722 4811/8941/5721 4800/8944/5724
f 4800/8944/5724 4808/8953/5725 4842/8943/5723
f 4792/8952/5725 4807/8954/5725 4795/8955/5725
f 4795/8955/5725 4801/8950/5725 4792/8952/5725
f 4792/8952/5725 4801/8950/5725 4798/8949/5725
f 4820/8956/5726 4817/8957/5727 4838/8958/5728
f 4747/8959/5729 4784/8960/5729 4843/8961/5729
f 4844/8962/5730 4845/8963/5731 4846/8964/5732
f 4847/8965/5733 4848/8966/5734 4849/8967/5735
f 4850/8968/5736 4851/8969/5737 4852/8970/5738
f 4853/8971/5739 4854/8972/5740 4855/8973/5741
f 4856/8974/5742 4857/8975/5743 4845/8963/5731
f 4847/8965/5733 4858/8976/5744 4859/8977/5745
f 4860/8978/5746 4861/8979/5747 4853/8971/5739
f 4862/8980/5748 4857/8975/5743 4863/8981/5749
f 4864/8982/5750 4865/8983/5751 4858/8976/5744
f 4860/8978/5746 4866/8984/5752 4867/8985/5753
f 4868/8986/5754 4869/8987/5755 4862/8980/5748
f 4870/8988/5756 4865/8983/5751 4871/8989/5757
f 4872/8990/5758 4873/8991/5759 4866/8984/5752
f 4874/8992/5760 4875/8993/5761 4868/8986/5754
f 4876/8994/5762 4877/8995/5763 4870/8988/5756
f 4878/8996/5764 4879/8997/5765 4873/8991/5759
f 4880/8998/5766 4881/8999/5767 4874/8992/5760
f 4876/8994/5762 4882/9000/5768 4883/9001/5769
f 4884/9002/5770 4879/8997/5765 4885/9003/5771
f 4886/9004/5772 4887/9005/5773 4880/9006/5766
f 4888/9007/5774 4846/8964/5732 4882/9000/5768
f 4849/8967/5735 4889/9008/5775 4884/9002/5770
f 4852/8970/5738 4890/9009/5776 4886/9004/5772
f 4850/8968/5736 4854/8972/5740 4891/9010/5777
f 4879/9011/5765 4892/9012/5778 4873/9013/5759
f 4881/9014/5767 4893/9015/5779 4894/9016/5780
f 4883/9017/5769 4895/9018/5781 4896/9019/5782
f 4889/9020/5775 4897/9021/5783 4879/9011/5765
f 4890/9022/5776 4893/9023/5779 4887/9024/5773
f 4846/9025/5732 4895/9018/5781 4882/9026/5768
f 4848/9027/5734 4898/9028/5784 4889/9020/5775
f 4890/9022/5776 4899/9029/5785 4900/9030/5786
f 4891/9031/5777 4901/9032/5787 4902/9033/5788
f 4846/9025/5789 4903/9034/5790 4904/9035/5791
f 4859/9036/5792 4905/9037/5793 4848/9027/5734
f 4891/9031/5777 4899/9029/5785 4851/9038/5737
f 4861/9039/5747 4901/9032/5787 4854/9040/5740
f 4845/9041/5731 4906/9042/5794 4903/9034/5790
f 4859/9036/5795 4907/9043/5796 4908/9044/5797
f 4867/9045/5798 4909/9046/5799 4861/9039/5747
f 4857/9047/5743 4910/9048/5800 4906/9042/5794
f 4858/9049/5744 4911/9050/5801 4907/9043/5796
f 4866/9051/5752 4912/9052/5802 4867/9045/5803
f 4875/9053/5761 4910/9048/5800 4869/9054/5755
f 4865/9055/5751 4913/9056/5804 4911/9050/5801
f 4866/9051/5752 4892/9012/5778 4914/9057/5805
f 4881/9014/5767 4915/9058/5806 4875/9053/5761
f 4883/9017/5769 4913/9056/5804 4877/9059/5763
f 4903/9034/5790 4916/9060/5807 4917/9061/5808
f 4908/9044/5797 4918/9062/5809 4919/9063/5810
f 4912/9052/5802 4920/9064/5811 4909/9046/5799
f 4906/9042/5794 4921/9065/5812 4916/9060/5807
f 4911/9050/5801 4918/9062/5809 4907/9043/5796
f 4914/9057/5805 4922/9066/5813 4912/9052/5802
f 4910/9048/5800 4923/9067/5814 4921/9065/5812
f 4913/9056/5804 4924/9068/5815 4911/9050/5801
f 4914/9057/5805 4925/9069/5816 4926/9070/5817
f 4915/9058/5806 4927/9071/5818 4923/9067/5814
f 4896/9019/5782 4928/9072/5819 4913/9056/5804
f 4897/9021/5820 4925/9069/5816 4892/9012/5778
f 4894/9016/5780 4929/9073/5821 4927/9071/5818
f 4896/9019/5782 4930/9074/5822 4931/9075/5823
f 4898/9028/5784 4932/9076/5824 4897/9021/5820
f 4893/9023/5779 4933/9077/5825 4929/9078/5821
f 4904/9035/5791 4930/9074/5822 4895/9018/5781
f 4905/9037/5793 4934/9079/5826 4898/9028/5784
f 4900/9030/5786 4935/9080/5827 4933/9077/5825
f 4902/9033/5788 4936/9081/5828 4937/9082/5829
f 4904/9035/5791 4917/9061/5808 4938/9083/5830
f 4908/9044/5797 4939/9084/5831 4905/9037/5793
f 4902/9033/5788 4935/9080/5827 4899/9029/5785
f 4909/9046/5799 4936/9081/5828 4901/9032/5787
f 4932/9076/5824 4940/9085/5832 4925/9069/5816
f 4929/9073/5821 4941/9086/5833 4927/9071/5818
f 4931/9075/5823 4942/9087/5834 4943/9088/5835
f 4934/9079/5826 4944/9089/5836 4932/9076/5824
f 4929/9078/5821 4945/9090/5837 4946/9091/5838
f 4930/9074/5822 4947/9092/5839 4942/9087/5834
f 4939/9084/5831 4948/9093/5840 4934/9079/5826
f 4933/9077/5825 4949/9094/5841 4945/9090/5842
f 4937/9082/5829 4950/9095/5843 4951/9096/5844
f 4938/9083/5830 4952/9097/5845 4947/9092/5839
f 4919/9063/5810 4953/9098/5846 4939/9084/5831
f 4937/9082/5829 4949/9094/5841 4935/9080/5827
f 4920/9064/5811 4950/9095/5843 4936/9081/5828
f 4917/9061/5808 4954/9099/5847 4952/9097/5845
f 4919/9063/5810 4955/9100/5848 4956/9101/5849
f 4922/9066/5813 4957/9102/5850 4920/9064/5811
f 4916/9060/5807 4958/9103/5851 4954/9099/5847
f 4924/9068/5815 4955/9100/5848 4918/9062/5809
f 4926/9070/5817 4959/9104/5852 4922/9066/5813
f 4921/9065/5812 4960/9105/5853 4958/9103/5851
f 4924/9068/5815 4961/9106/5854 4962/9107/5855
f 4925/9069/5816 4963/9108/5856 4926/9070/5817
f 4927/9071/5818 4960/9105/5853 4923/9067/5814
f 4931/9075/5823 4961/9106/5854 4928/9072/5819
f 4956/9101/5849 4955/9100/5848 4964/9109/5663
f 4957/9102/5850 4959/9104/5852 4964/9109/5663
f 4954/9099/5847 4958/9103/5851 4964/9109/5663
f 4955/9100/5848 4962/9107/5855 4964/9109/5663
f 4959/9104/5852 4963/9108/5856 4964/9109/5663
f 4958/9103/5851 4960/9105/5853 4964/9109/5663
f 4962/9107/5855 4961/9106/5854 4964/9109/5663
f 4963/9108/5856 4940/9085/5832 4964/9109/5663
f 4960/9105/5853 4941/9086/5833 4964/9109/5663
f 4961/9106/5854 4943/9088/5835 4964/9109/5663
f 4940/9085/5832 4944/9089/5836 4964/9109/5663
f 4941/9086/5833 4946/9110/5838 4964/9109/5663
f 4943/9088/5835 4942/9087/5834 4964/9109/5663
f 4944/9089/5836 4948/9093/5840 4964/9109/5663
f 4946/9091/5838 4945/9090/5842 4964/9109/5663
f 4942/9087/5834 4947/9092/5839 4964/9109/5663
f 4948/9093/5840 4953/9098/5846 4964/9109/5663
f 4945/9090/5842 4949/9094/5841 4964/9109/5663
f 4951/9096/5844 4950/9095/5843 4964/9109/5663
f 4947/9092/5839 4952/9097/5845 4964/9109/5663
f 4953/9098/5846 4956/9101/5849 4964/9109/5663
f 4949/9094/5841 4951/9096/5844 4964/9109/5663
f 4950/9095/5843 4957/9102/5850 4964/9109/5663
f 4952/9097/5845 4954/9099/5847 4964/9109/5663
f 4853/8971/5739 4965/9111/5657 4966/9112/5658
f 4884/9002/5770 4967/9113/5652 4968/9114/5660
f 4886/9004/5772 4969/9115/5646 4970/9116/5659
f 4871/8989/5757 4971/9117/5656 4870/8988/5756
f 4856/8974/5742 4972/9118/5655 4863/8981/5749
f 4844/8962/5730 4973/9119/5640 4974/9120/5653
f 4884/9002/5770 4975/9121/5647 4849/8967/5735
f 4878/8996/5764 4976/9122/5643 4977/9123/5651
f 4864/8982/5750 4978/9124/5648 4979/9125/5649
f 4886/9004/5772 4980/9126/5641 4852/8970/5738
f 4868/8986/5754 4981/9127/5645 4874/8992/5760
f 4853/8971/5739 4982/9128/5644 4860/8978/5746
f 4850/8968/5736 4965/9111/5657 4855/8973/5741
f 4870/8988/5756 4983/9129/5639 4876/8994/5762
f 4863/8981/5749 4984/9130/5637 4862/8980/5748
f 4844/8962/5730 4985/9131/5654 4856/8974/5742
f 4885/9003/5771 4977/9123/5857 4967/9113/5652
f 4864/8982/5750 4986/9132/5650 4871/8989/5757
f 4849/8967/5735 4978/9124/5648 4847/8965/5733
f 4874/8992/5760 4969/9133/5646 4880/8998/5766
f 4872/8990/5758 4982/9128/5644 4976/9122/5643
f 4850/8968/5736 4980/9126/5641 4987/9134/5642
f 4876/8994/5762 4973/9119/5640 4888/9007/5774
f 4862/8980/5748 4988/9135/5638 4868/8986/5754
f 4829/9136/5729 4989/9137/5729 4990/9138/5729
f 4737/8789/5637 4765/8817/5637 4738/8790/5638
f 4740/8792/5639 4767/8819/5639 4741/8793/5640
f 4743/8795/5641 4774/8826/5641 4744/8796/5642
f 4746/8798/5643 4771/8823/5644 4747/8799/5644
f 4749/8801/5645 4772/8824/5645 4750/8802/5646
f 4752/8804/5647 4778/8830/5647 4753/8805/5648
f 4755/8807/5649 4775/8827/5649 4756/8808/5650
f 4758/8810/5651 4776/8828/5651 4759/8811/5652
f 4761/8813/5653 4779/8831/5653 4762/8814/5654
f 4764/8816/5655 4780/8832/5655 4765/8817/5637
f 4766/8818/5656 4781/8833/5656 4767/8819/5639
f 4745/8797/5642 4744/8796/5642 4768/8820/5657
f 4770/8822/5658 4784/8836/5658 4747/8799/5644
f 4739/8791/5638 4738/8790/5638 4772/8824/5645
f 4773/8825/5659 4782/8834/5659 4774/8826/5641
f 4754/8806/5648 4753/8805/5648 4775/8827/5649
f 4758/8810/5651 4746/8798/5643 4748/8800/5643
f 4777/8829/5660 4783/8835/5660 4778/8830/5647
f 4742/8794/5640 4741/8793/5640 4779/8831/5653
f 4763/8815/5654 4762/8814/5654 4780/8832/5655
f 4757/8809/5650 4756/8808/5650 4781/8833/5656
f 4751/8803/5646 4750/8802/5646 4782/8834/5659
f 4760/8812/5652 4759/8811/5652 4783/8835/5660
f 4769/8821/5657 4768/8820/5657 4784/8836/5658
f 4785/8837/5661 4802/8871/5661 4786/8838/5662
f 4744/8840/5663 4774/8864/5663 4788/8841/5663
f 4781/8843/5663 4803/9139/5663 4790/8844/5663
f 4791/8846/5664 4807/8881/5664 4792/8847/5665
f 4794/8849/5638 4801/8868/5638 4795/8850/5645
f 4780/8852/5663 4805/8882/5663 4797/8853/5663
f 4790/8855/5666 4804/8873/5666 4798/8856/5667
f 4788/8858/5668 4808/8883/5668 4800/8859/5669
f 4767/8845/5663 4790/8844/5663 4799/8861/5663
f 4782/8863/5663 4793/8866/5663 4788/8841/5663
f 4750/8865/5663 4791/8870/5663 4793/8866/5663
f 4797/8867/5637 4806/8880/5637 4801/8868/5638
f 4772/8869/5663 4796/8884/5663 4791/8870/5663
f 4799/8857/5667 4798/8856/5667 4802/8871/5661
f 4803/8872/5670 4842/8932/5712 4804/8873/5666
f 4765/8854/5663 4797/8853/5663 4794/8874/5663
f 4779/8876/5663 4785/8885/5663 4787/8877/5663
f 4805/8879/5655 4809/8886/5655 4806/8880/5637
f 4796/8851/5645 4795/8850/5645 4807/8881/5664
f 4762/8878/5663 4787/8877/5663 4805/8882/5663
f 4793/8848/5665 4792/8847/5665 4808/8883/5668
f 4738/8875/5663 4794/8874/5663 4796/8884/5663
f 4741/8862/5663 4799/8861/5663 4785/8885/5663
f 4787/8839/5662 4786/8838/5662 4809/8886/5655
f 4813/8890/5673 4827/9140/5673 4814/8891/5673
f 4814/8893/5674 4827/9141/5674 4815/8894/5674
f 4817/8896/5675 4821/8900/5679 4818/8897/5676
f 4820/8899/5678 4823/8902/5681 4821/8900/5679
f 4822/8901/5680 4824/8903/5685 4823/8902/5681
f 4789/8860/5669 4800/8859/5669 4811/8888/5672
f 4824/8903/5685 4822/8901/5680 4812/8904/5686
f 4813/8908/5690 4812/8904/5686 4825/8906/5688
f 4827/8910/5692 4813/8908/5690 4826/8909/5691
f 4818/8912/5694 4841/9142/5694 4828/8913/5694
f 4829/8915/5695 4991/9143/5858 4830/8916/5696
f 4830/8916/5696 4991/9143/5858 4832/8918/5697
f 4833/8919/5699 4832/8918/5697 4834/8920/5700
f 4836/8922/5702 4839/8925/5705 4837/8923/5703
f 4839/8925/5705 4840/8928/5708 4835/8926/5706
f 4833/8927/5707 4835/8926/5706 4840/8928/5708
f 4841/8930/5859 4836/8922/5702 4838/8924/5704
f 4803/8872/5670 4829/8915/5695 4831/8917/5695
f 4836/8934/5714 4841/9144/5860 4818/8935/5715
f 4839/8937/5717 4836/8934/5714 4821/8936/5716
f 4840/8939/5719 4839/8937/5717 4823/8938/5718
f 4840/8939/5719 4824/8940/5720 4811/8941/5721
f 4816/9145/5861 4815/9146/5862 4826/9147/5863
f 4816/9145/5861 4826/9147/5863 4825/9148/5864
f 4835/8921/5701 4834/8920/5700 4837/9149/5865
f 4834/8920/5700 4816/9145/5861 4825/9148/5864
f 4822/9150/5866 4834/8920/5700 4825/9148/5864
f 4834/8920/5700 4822/9150/5866 4820/8956/5726
f 4837/9149/5865 4834/8920/5700 4820/8956/5726
f 4838/8958/5728 4837/9149/5865 4820/8956/5726
f 4819/9151/5867 4828/9152/5868 4817/8957/5727
f 4828/9152/5868 4838/8958/5728 4817/8957/5727
f 4768/9153/5663 4744/8840/5663 4789/8842/5663
f 4768/9153/5663 4789/8842/5663 4784/8960/5663
f 4789/8842/5869 4810/9154/5870 4843/8961/5869
f 4784/8960/5729 4789/8842/5729 4843/8961/5729
f 4816/9155/5871 4834/9156/5872 4992/9157/5871
f 4834/9156/5872 4832/9158/5873 4990/9138/5873
f 4992/9157/5874 4834/9156/5874 4990/9138/5874
f 4803/9139/5663 4781/8843/5663 4756/9159/5663
f 4816/9155/5871 4992/9157/5871 4814/9160/5875
f 4992/9157/5876 4993/9161/5877 4814/9160/5877
f 4803/9139/5663 4756/9159/5663 4775/9162/5663
f 4810/9154/5878 4814/9160/5879 4993/9161/5879
f 4994/9163/5663 4803/9139/5663 4775/9162/5663
f 4994/9163/5663 4775/9162/5663 4753/9164/5663
f 4994/9163/5663 4753/9164/5663 4778/9165/5663
f 4994/9163/5663 4778/9165/5663 4783/9166/5663
f 4843/8961/5880 4994/9163/5880 4759/9167/5880
f 4994/9163/5663 4783/9166/5663 4759/9167/5663
f 4810/9154/5881 4993/9161/5882 4995/9168/5881
f 4843/8961/5880 4759/9167/5880 4776/9169/5880
f 4810/9154/5883 4995/9168/5883 4843/8961/5884
f 4843/8961/5880 4776/9169/5880 4748/9170/5880
f 4843/8961/5663 4748/9170/5663 4747/8959/5663
f 4844/8962/5730 4856/8974/5742 4845/8963/5731
f 4847/8965/5733 4859/8977/5795 4848/8966/5734
f 4850/8968/5736 4891/9010/5777 4851/8969/5737
f 4853/8971/5739 4861/8979/5747 4854/8972/5740
f 4856/8974/5742 4863/8981/5749 4857/8975/5743
f 4847/8965/5733 4864/8982/5750 4858/8976/5744
f 4860/8978/5746 4867/8985/5798 4861/8979/5747
f 4862/8980/5748 4869/8987/5755 4857/8975/5743
f 4864/8982/5750 4871/8989/5757 4865/8983/5751
f 4860/8978/5746 4872/8990/5758 4866/8984/5752
f 4868/8986/5754 4875/8993/5761 4869/8987/5755
f 4870/8988/5756 4877/8995/5763 4865/8983/5751
f 4872/8990/5758 4878/8996/5764 4873/8991/5759
f 4874/8992/5760 4881/8999/5767 4875/8993/5761
f 4876/8994/5762 4883/9001/5769 4877/8995/5763
f 4878/8996/5764 4885/9003/5771 4879/8997/5765
f 4880/8998/5766 4887/9171/5885 4881/8999/5767
f 4876/8994/5762 4888/9007/5774 4882/9000/5768
f 4884/9002/5770 4889/9008/5775 4879/8997/5765
f 4886/9004/5772 4890/9009/5776 4887/9005/5773
f 4888/9007/5774 4844/8962/5730 4846/8964/5732
f 4849/8967/5735 4848/8966/5734 4889/9008/5775
f 4852/8970/5738 4851/8969/5737 4890/9009/5776
f 4850/8968/5736 4855/8973/5741 4854/8972/5740
f 4879/9011/5765 4897/9021/5820 4892/9012/5778
f 4881/9014/5767 4887/9172/5773 4893/9015/5779
f 4883/9017/5769 4882/9026/5768 4895/9018/5781
f 4889/9020/5775 4898/9028/5784 4897/9021/5820
f 4890/9022/5776 4900/9030/5786 4893/9023/5779
f 4846/9025/5886 4904/9035/5791 4895/9018/5781
f 4848/9027/5734 4905/9037/5793 4898/9028/5784
f 4890/9022/5776 4851/9038/5737 4899/9029/5785
f 4891/9031/5777 4854/9040/5740 4901/9032/5787
f 4846/9025/5732 4845/9041/5731 4903/9034/5790
f 4859/9036/5745 4908/9044/5797 4905/9037/5793
f 4891/9031/5777 4902/9033/5788 4899/9029/5785
f 4861/9039/5747 4909/9046/5799 4901/9032/5787
f 4845/9041/5731 4857/9047/5743 4906/9042/5794
f 4859/9036/5795 4858/9049/5744 4907/9043/5796
f 4867/9045/5798 4912/9052/5802 4909/9046/5799
f 4857/9047/5743 4869/9054/5755 4910/9048/5800
f 4858/9049/5744 4865/9055/5751 4911/9050/5801
f 4866/9051/5752 4914/9057/5805 4912/9052/5802
f 4875/9053/5761 4915/9058/5806 4910/9048/5800
f 4865/9055/5751 4877/9059/5763 4913/9056/5804
f 4866/9051/5752 4873/9013/5759 4892/9012/5778
f 4881/9014/5767 4894/9016/5780 4915/9058/5806
f 4883/9017/5769 4896/9019/5782 4913/9056/5804
f 4903/9034/5790 4906/9042/5794 4916/9060/5807
f 4908/9044/5797 4907/9043/5796 4918/9062/5809
f 4912/9052/5802 4922/9066/5813 4920/9064/5811
f 4906/9042/5794 4910/9048/5800 4921/9065/5812
f 4911/9050/5801 4924/9068/5815 4918/9062/5809
f 4914/9057/5805 4926/9070/5817 4922/9066/5813
f 4910/9048/5800 4915/9058/5806 4923/9067/5814
f 4913/9056/5804 4928/9072/5819 4924/9068/5815
f 4914/9057/5805 4892/9012/5778 4925/9069/5816
f 4915/9058/5806 4894/9016/5780 4927/9071/5818
f 4896/9019/5782 4931/9075/5823 4928/9072/5819
f 4897/9021/5820 4932/9076/5824 4925/9069/5816
f 4894/9016/5780 4893/9015/5779 4929/9073/5821
f 4896/9019/5782 4895/9018/5781 4930/9074/5822
f 4898/9028/5784 4934/9079/5826 4932/9076/5824
f 4893/9023/5779 4900/9030/5786 4933/9077/5825
f 4904/9035/5791 4938/9083/5830 4930/9074/5822
f 4905/9037/5793 4939/9084/5831 4934/9079/5826
f 4900/9030/5786 4899/9029/5785 4935/9080/5827
f 4902/9033/5788 4901/9032/5787 4936/9081/5828
f 4904/9035/5791 4903/9034/5790 4917/9061/5808
f 4908/9044/5797 4919/9063/5810 4939/9084/5831
f 4902/9033/5788 4937/9082/5829 4935/9080/5827
f 4909/9046/5799 4920/9064/5811 4936/9081/5828
f 4932/9076/5824 4944/9089/5836 4940/9085/5832
f 4929/9073/5821 4946/9110/5838 4941/9086/5887
f 4931/9075/5823 4930/9074/5822 4942/9087/5834
f 4934/9079/5826 4948/9093/5840 4944/9089/5836
f 4929/9078/5821 4933/9077/5825 4945/9090/5842
f 4930/9074/5822 4938/9083/5830 4947/9092/5839
f 4939/9084/5831 4953/9098/5846 4948/9093/5840
f 4933/9077/5825 4935/9080/5827 4949/9094/5841
f 4937/9082/5829 4936/9081/5828 4950/9095/5843
f 4938/9083/5830 4917/9061/5808 4952/9097/5845
f 4919/9063/5810 4956/9101/5849 4953/9098/5846
f 4937/9082/5829 4951/9096/5844 4949/9094/5841
f 4920/9064/5811 4957/9102/5850 4950/9095/5843
f 4917/9061/5808 4916/9060/5807 4954/9099/5847
f 4919/9063/5810 4918/9062/5809 4955/9100/5848
f 4922/9066/5813 4959/9104/5852 4957/9102/5888
f 4916/9060/5807 4921/9065/5812 4958/9103/5851
f 4924/9068/5815 4962/9107/5855 4955/9100/5848
f 4926/9070/5817 4963/9108/5856 4959/9104/5852
f 4921/9065/5812 4923/9067/5814 4960/9105/5853
f 4924/9068/5815 4928/9072/5819 4961/9106/5854
f 4925/9069/5816 4940/9085/5832 4963/9108/5889
f 4927/9071/5818 4941/9086/5833 4960/9105/5853
f 4931/9075/5823 4943/9088/5835 4961/9106/5854
f 4853/8971/5739 4855/8973/5741 4965/9111/5657
f 4884/9002/5770 4885/9003/5771 4967/9113/5652
f 4886/9004/5772 4880/9006/5766 4969/9115/5646
f 4871/8989/5757 4986/9132/5650 4971/9117/5656
f 4856/8974/5742 4985/9131/5654 4972/9118/5655
f 4844/8962/5730 4888/9007/5774 4973/9119/5640
f 4884/9002/5770 4968/9114/5660 4975/9121/5647
f 4878/8996/5764 4872/8990/5758 4976/9122/5643
f 4864/8982/5750 4847/8965/5733 4978/9124/5648
f 4886/9004/5772 4970/9116/5659 4980/9126/5641
f 4868/8986/5754 4988/9135/5638 4981/9127/5645
f 4853/8971/5739 4966/9112/5658 4982/9128/5644
f 4850/8968/5736 4987/9134/5642 4965/9111/5657
f 4870/8988/5756 4971/9117/5656 4983/9129/5639
f 4863/8981/5749 4972/9118/5655 4984/9130/5637
f 4844/8962/5730 4974/9120/5653 4985/9131/5654
f 4885/9003/5771 4878/8996/5764 4977/9123/5651
f 4864/8982/5750 4979/9125/5649 4986/9132/5650
f 4849/8967/5735 4975/9121/5647 4978/9124/5648
f 4874/8992/5760 4981/9127/5645 4969/9133/5646
f 4872/8990/5758 4860/8978/5746 4982/9128/5644
f 4850/8968/5736 4852/8970/5738 4980/9126/5641
f 4876/8994/5762 4983/9129/5639 4973/9119/5640
f 4862/8980/5748 4984/9130/5637 4988/9135/5638
f 4990/9138/5890 4832/9158/5890 4991/9173/5890
f 4829/9136/5663 4803/9139/5663 4989/9137/5663
f 4990/9138/5729 4991/9173/5729 4829/9136/5729
o kurok_low_kurok_low_Plane:001.001
v -0.014531 -0.090435 1.016758
v -0.038970 -0.104559 1.022553
v -0.014531 -0.104559 1.022553
v -0.041724 -0.128114 1.038252
v -0.014531 -0.142489 1.044036
v -0.014531 -0.128114 1.038252
v -0.038970 -0.111201 1.026703
v -0.041724 -0.096605 0.937735
v -0.041724 -0.116909 1.031002
v -0.038970 -0.092884 0.942627
v -0.038970 -0.089786 0.945704
v -0.038970 -0.044988 1.018772
v -0.038970 -0.023199 1.000633
v -0.038970 -0.023897 0.994338
v -0.038970 -0.078467 0.952895
v -0.038970 -0.089517 1.016758
v -0.038970 -0.065218 0.957409
v -0.038970 -0.075308 1.014158
v -0.038970 -0.010501 0.978281
v -0.038970 -0.044189 0.958114
v -0.038970 -0.017293 0.981284
v -0.038970 -0.053537 0.958901
v -0.038970 -0.021008 0.985633
v -0.038970 -0.060579 1.014703
v -0.038970 -0.034619 1.024561
v -0.038970 -0.019276 1.008907
v -0.038970 0.063143 1.087096
v -0.038970 0.056267 1.088796
v -0.038970 0.060549 1.100861
v -0.038970 0.061471 0.946195
v -0.038970 0.013709 0.974396
v -0.038970 0.082699 0.952334
v -0.038970 0.075571 0.947748
v -0.038970 0.085276 0.964639
v -0.038970 0.082409 0.971730
v -0.038970 0.085808 0.958910
v -0.038970 0.033019 0.972455
v -0.038970 0.044366 0.972497
v -0.038970 0.079601 0.982302
v -0.038970 0.057877 0.981759
v -0.038970 0.052032 0.975718
v -0.038970 0.079888 0.995127
v -0.038970 0.060919 0.989093
v -0.038970 0.061853 1.000172
v -0.038970 0.063922 1.007932
v -0.038970 0.099110 1.037976
v -0.038970 0.095341 1.029606
v -0.038970 0.085304 1.037611
v -0.038970 0.085721 1.011666
v -0.038970 0.079843 1.027839
v -0.038970 0.069861 1.017441
v -0.038970 0.100318 1.053270
v -0.038970 0.100636 1.045940
v -0.038970 0.088621 1.052083
v -0.038970 0.095053 1.069894
v -0.038970 0.098030 1.062095
v -0.038970 0.086527 1.063149
v -0.038970 0.082097 1.087525
v -0.038970 0.087720 1.081780
v -0.038970 0.080918 1.073043
v -0.038970 0.090774 1.076755
v -0.038970 0.067629 1.098031
v -0.038970 0.075002 1.092980
v -0.038970 0.072854 1.081731
v -0.038970 0.048585 1.102625
v -0.038970 0.047073 1.089912
v -0.038970 0.024465 1.096457
v -0.038970 0.036639 1.100937
v -0.038970 0.037878 1.088250
v -0.038970 0.001419 1.071425
v -0.038970 0.012634 1.087399
v -0.038970 0.020846 1.075580
v -0.038970 0.029099 1.083812
v -0.038970 -0.007400 1.053442
v -0.038970 0.012689 1.062987
v -0.038970 -0.013149 1.043917
v -0.038970 -0.002933 1.036087
v -0.038970 -0.023134 1.032898
v -0.014531 -0.116909 1.031002
v -0.014531 -0.202320 0.909387
v -0.041724 -0.202320 0.909387
v -0.041724 -0.184888 0.901402
v -0.041724 -0.216658 0.921060
v -0.014531 -0.216658 0.921060
v -0.041724 -0.228161 0.936750
v -0.014531 -0.228161 0.936750
v -0.041724 -0.236264 0.960043
v -0.014531 -0.236264 0.960043
v -0.041724 -0.236176 0.985415
v -0.014531 -0.236176 0.985415
v -0.041724 -0.231020 1.002414
v -0.014531 -0.231020 1.002414
v -0.041724 -0.220568 1.019489
v -0.014531 -0.220568 1.019489
v -0.041724 -0.206530 1.032747
v -0.014531 -0.206530 1.032747
v -0.041724 -0.192158 1.040897
v -0.014531 -0.192158 1.040897
v -0.041724 -0.175011 1.045900
v -0.014531 -0.175011 1.045900
v -0.041724 -0.158464 1.046760
v -0.014531 -0.158464 1.046760
v -0.041724 -0.142489 1.044036
v -0.014531 -0.111201 1.026703
v -0.041724 -0.106254 0.924267
v 0.014531 -0.090435 1.016758
v 0.038970 -0.104559 1.022553
v 0.038970 -0.089517 1.016758
v 0.014531 -0.142489 1.044036
v 0.041724 -0.128114 1.038252
v 0.014531 -0.128114 1.038252
v 0.038970 -0.111201 1.026703
v 0.041724 -0.096605 0.937735
v 0.038970 -0.092884 0.942627
v 0.038970 -0.089786 0.945704
v 0.038970 -0.044988 1.018772
v 0.038970 -0.023897 0.994338
v 0.038970 -0.023199 1.000633
v 0.038970 -0.078467 0.952895
v 0.038970 -0.065218 0.957409
v 0.038970 -0.075308 1.014158
v 0.038970 -0.010501 0.978281
v 0.038970 -0.017293 0.981284
v 0.038970 -0.044189 0.958114
v 0.038970 -0.053537 0.958901
v 0.038970 -0.021008 0.985633
v 0.038970 -0.060579 1.014703
v 0.038970 -0.034619 1.024561
v 0.038970 -0.019276 1.008907
v 0.038970 0.063143 1.087096
v 0.038970 0.060549 1.100861
v 0.038970 0.056267 1.088796
v 0.038970 0.061471 0.946195
v 0.038970 0.013709 0.974396
v 0.038970 0.082699 0.952334
v 0.038970 0.085276 0.964639
v 0.038970 0.075571 0.947748
v 0.038970 0.082409 0.971730
v 0.038970 0.085808 0.958910
v 0.038970 0.033019 0.972455
v 0.038970 0.044366 0.972497
v 0.038970 0.079601 0.982302
v 0.038970 0.057877 0.981759
v 0.038970 0.052032 0.975718
v 0.038970 0.079888 0.995127
v 0.038970 0.060919 0.989093
v 0.038970 0.061853 1.000172
v 0.038970 0.063922 1.007932
v 0.038970 0.099110 1.037976
v 0.038970 0.085304 1.037611
v 0.038970 0.095341 1.029606
v 0.038970 0.079843 1.027839
v 0.038970 0.085721 1.011666
v 0.038970 0.069861 1.017441
v 0.038970 0.100318 1.053270
v 0.038970 0.088621 1.052083
v 0.038970 0.100636 1.045940
v 0.038970 0.095053 1.069894
v 0.038970 0.086527 1.063149
v 0.038970 0.098030 1.062095
v 0.038970 0.082097 1.087525
v 0.038970 0.080918 1.073043
v 0.038970 0.087720 1.081780
v 0.038970 0.090774 1.076755
v 0.038970 0.067629 1.098031
v 0.038970 0.075002 1.092980
v 0.038970 0.072854 1.081731
v 0.038970 0.048585 1.102625
v 0.038970 0.047073 1.089912
v 0.038970 0.024465 1.096457
v 0.038970 0.037878 1.088250
v 0.038970 0.036639 1.100937
v 0.038970 0.001419 1.071425
v 0.038970 0.020846 1.075580
v 0.038970 0.012634 1.087399
v 0.038970 0.029099 1.083812
v 0.038970 -0.007400 1.053442
v 0.038970 0.012689 1.062987
v 0.038970 -0.013149 1.043917
v 0.038970 -0.002933 1.036087
v 0.038970 -0.023134 1.032898
v 0.041724 -0.116909 1.031002
v 0.014531 -0.116909 1.031002
v 0.014531 -0.202320 0.909387
v 0.041724 -0.184888 0.901402
v 0.041724 -0.202320 0.909387
v 0.041724 -0.216658 0.921060
v 0.014531 -0.216658 0.921060
v 0.041724 -0.228161 0.936750
v 0.014531 -0.228161 0.936750
v 0.041724 -0.236264 0.960043
v 0.014531 -0.236264 0.960043
v 0.041724 -0.236176 0.985415
v 0.014531 -0.236176 0.985415
v 0.041724 -0.231020 1.002414
v 0.014531 -0.231020 1.002414
v 0.041724 -0.220568 1.019489
v 0.014531 -0.220568 1.019489
v 0.041724 -0.206530 1.032747
v 0.014531 -0.206530 1.032747
v 0.041724 -0.192158 1.040897
v 0.014531 -0.192158 1.040897
v 0.041724 -0.175011 1.045900
v 0.014531 -0.175011 1.045900
v 0.041724 -0.158464 1.046760
v 0.014531 -0.158464 1.046760
v 0.041724 -0.142489 1.044036
v 0.014531 -0.111201 1.026703
v 0.014531 -0.104559 1.022553
v 0.041724 -0.167369 0.898212
v -0.041724 -0.167369 0.898212
v 0.041724 -0.106254 0.924267
v -0.041724 -0.130707 0.905247
v 0.041724 -0.116569 0.914168
v 0.041724 -0.130707 0.905247
v -0.041724 -0.149359 0.899321
v 0.041724 -0.149359 0.899321
v -0.041724 -0.116569 0.914168
v 0.014531 -0.087145 0.972789
v -0.014531 -0.087145 0.972789
vt 0.895157 0.463058
vt 0.886445 0.457882
vt 0.895014 0.457660
vt 0.885123 0.447936
vt 0.894517 0.442252
vt 0.894669 0.447674
vt 0.228910 0.172361
vt 0.260405 0.169207
vt 0.227336 0.174539
vt 0.258721 0.167549
vt 0.230492 0.170114
vt 0.257702 0.166404
vt 0.232955 0.149312
vt 0.239727 0.142025
vt 0.241920 0.142389
vt 0.255399 0.162300
vt 0.232810 0.164954
vt 0.254070 0.157570
vt 0.233992 0.160025
vt 0.247800 0.138001
vt 0.254229 0.150188
vt 0.246620 0.140325
vt 0.253773 0.153450
vt 0.245025 0.141543
vt 0.234083 0.154854
vt 0.231124 0.145570
vt 0.236902 0.140490
vt 0.211072 0.110121
vt 0.210346 0.112498
vt 0.206199 0.110769
vt 0.260410 0.113390
vt 0.249621 0.129591
vt 0.258664 0.105835
vt 0.260134 0.108420
vt 0.254401 0.104695
vt 0.251862 0.105567
vt 0.256421 0.104618
vt 0.250668 0.122862
vt 0.250870 0.118884
vt 0.248105 0.106350
vt 0.247883 0.113973
vt 0.249886 0.116137
vt 0.243617 0.106008
vt 0.245372 0.112769
vt 0.241507 0.112230
vt 0.238826 0.111356
vt 0.228972 0.098453
vt 0.231832 0.099934
vt 0.228834 0.103297
vt 0.237934 0.103647
vt 0.232154 0.105398
vt 0.235608 0.109093
vt 0.223635 0.097737
vt 0.226210 0.097764
vt 0.223828 0.101859
vt 0.217709 0.099265
vt 0.220500 0.098371
vt 0.219910 0.102381
vt 0.211283 0.103469
vt 0.213405 0.101608
vt 0.216334 0.104161
vt 0.215223 0.100635
vt 0.207323 0.108342
vt 0.209234 0.105854
vt 0.213134 0.106821
vt 0.205352 0.114925
vt 0.209778 0.115699
vt 0.207052 0.123495
vt 0.205713 0.119143
vt 0.210184 0.118951
vt 0.215385 0.132048
vt 0.210001 0.127814
vt 0.214300 0.125161
vt 0.211571 0.122114
vt 0.221520 0.135482
vt 0.218558 0.128259
vt 0.224749 0.137677
vt 0.227688 0.134248
vt 0.228421 0.141387
vt 0.885278 0.452648
vt 0.894825 0.452357
vt 0.896991 0.368084
vt 0.887435 0.367745
vt 0.887614 0.361083
vt 0.887160 0.374159
vt 0.896682 0.374623
vt 0.886781 0.380937
vt 0.896297 0.381466
vt 0.886267 0.389565
vt 0.895785 0.390106
vt 0.885753 0.398470
vt 0.895277 0.398977
vt 0.885432 0.404733
vt 0.894962 0.405165
vt 0.885139 0.411800
vt 0.894672 0.412136
vt 0.884933 0.418635
vt 0.894473 0.418860
vt 0.884834 0.424498
vt 0.894377 0.424604
vt 0.884809 0.430834
vt 0.894356 0.430824
vt 0.884860 0.436711
vt 0.894407 0.436597
vt 0.884970 0.442454
vt 0.886339 0.455137
vt 0.894922 0.454880
vt 0.886632 0.468524
vt 0.886577 0.463502
vt 0.687374 0.048792
vt 0.649277 0.041652
vt 0.661088 0.004111
vt 0.241264 0.560268
vt 0.257581 0.554495
vt 0.233431 0.570833
vt 0.905409 0.463068
vt 0.914152 0.457962
vt 0.913996 0.463538
vt 0.906437 0.442268
vt 0.915651 0.448221
vt 0.906117 0.447679
vt 0.313087 0.402309
vt 0.344581 0.405468
vt 0.342896 0.407125
vt 0.314668 0.404556
vt 0.341876 0.408270
vt 0.317122 0.425359
vt 0.326084 0.432285
vt 0.323891 0.432650
vt 0.339572 0.412375
vt 0.316983 0.409715
vt 0.338239 0.417105
vt 0.318163 0.414646
vt 0.331962 0.436670
vt 0.330781 0.434347
vt 0.338389 0.424483
vt 0.337936 0.421224
vt 0.329189 0.433131
vt 0.318250 0.419817
vt 0.315291 0.429101
vt 0.321066 0.434180
vt 0.295237 0.464543
vt 0.290364 0.463895
vt 0.294510 0.462165
vt 0.344574 0.461278
vt 0.333783 0.445079
vt 0.342827 0.468830
vt 0.338565 0.469969
vt 0.344297 0.466246
vt 0.336025 0.469099
vt 0.340583 0.470046
vt 0.334831 0.451808
vt 0.335032 0.455784
vt 0.332268 0.468317
vt 0.332044 0.460694
vt 0.334049 0.458530
vt 0.327779 0.468663
vt 0.329532 0.461901
vt 0.325669 0.462438
vt 0.322990 0.463310
vt 0.313130 0.476211
vt 0.312995 0.471367
vt 0.315991 0.474731
vt 0.316314 0.469267
vt 0.322093 0.471020
vt 0.319769 0.465572
vt 0.307795 0.476927
vt 0.307987 0.472807
vt 0.310369 0.476899
vt 0.301867 0.475400
vt 0.304069 0.472284
vt 0.304658 0.476295
vt 0.295446 0.471193
vt 0.300498 0.470507
vt 0.297564 0.473055
vt 0.299384 0.474030
vt 0.291490 0.466323
vt 0.293401 0.468809
vt 0.297302 0.467844
vt 0.289517 0.459736
vt 0.293942 0.458964
vt 0.291219 0.451165
vt 0.294349 0.455708
vt 0.289881 0.455517
vt 0.299552 0.442613
vt 0.298465 0.449499
vt 0.294166 0.446844
vt 0.295738 0.452545
vt 0.305688 0.439185
vt 0.302722 0.446404
vt 0.308916 0.436992
vt 0.311854 0.440423
vt 0.312587 0.433284
vt 0.915381 0.452865
vt 0.905843 0.452357
vt 0.907248 0.368290
vt 0.916873 0.361689
vt 0.916803 0.368337
vt 0.916822 0.374754
vt 0.907291 0.374806
vt 0.916910 0.381534
vt 0.907379 0.381629
vt 0.917030 0.390168
vt 0.907498 0.390256
vt 0.917122 0.399072
vt 0.907587 0.399115
vt 0.917148 0.405323
vt 0.907611 0.405289
vt 0.917106 0.412375
vt 0.907569 0.412245
vt 0.916990 0.419181
vt 0.907450 0.418946
vt 0.916822 0.425008
vt 0.907285 0.424672
vt 0.916572 0.431298
vt 0.907036 0.430871
vt 0.916287 0.437123
vt 0.906753 0.436625
vt 0.915970 0.442805
vt 0.914278 0.455274
vt 0.905702 0.454883
vt 0.913955 0.468533
vt 0.905587 0.457668
vt 0.917023 0.355481
vt 0.887748 0.354823
vt 0.745380 0.009358
vt 0.756530 0.002918
vt 0.779431 0.007286
vt 0.888082 0.341596
vt 0.917515 0.336524
vt 0.917352 0.342359
vt 0.887901 0.348476
vt 0.917176 0.349190
vt 0.888244 0.335721
vt 0.917661 0.331482
vt 0.888393 0.330649
vt 0.917835 0.325685
vt 0.889595 0.322697
vt 0.916981 0.321980
vt 0.916934 0.323508
vt 0.889643 0.321159
vt 0.917125 0.317279
vt 0.889789 0.316450
vt 0.917275 0.312369
vt 0.029786 0.274417
vt 0.002402 0.277430
vt 0.002439 0.274133
vt 0.029747 0.277702
vt 0.002033 0.314752
vt 0.029380 0.314992
vt 0.001990 0.319762
vt 0.029337 0.319934
vt 0.001969 0.322777
vt 0.029314 0.322868
vt 0.001956 0.325378
vt 0.029302 0.325370
vt 0.001953 0.327453
vt 0.029298 0.327334
vt 0.001963 0.330200
vt 0.029309 0.329956
vt 0.002000 0.334109
vt 0.029832 0.270285
vt 0.002482 0.270000
vt 0.029344 0.333723
vt 0.002071 0.338688
vt 0.029414 0.338144
vt 0.002210 0.344923
vt 0.029551 0.344211
vt 0.002421 0.352149
vt 0.029760 0.351265
vt 0.002541 0.355452
vt 0.029875 0.354402
vt 0.002666 0.358373
vt 0.029993 0.357165
vt 0.002797 0.361019
vt 0.030119 0.359663
vt 0.002977 0.364279
vt 0.030293 0.362792
vt 0.003157 0.367261
vt 0.030468 0.365661
vt 0.003346 0.370141
vt 0.030650 0.368449
vt 0.003491 0.372237
vt 0.030792 0.370471
vt 0.003692 0.375082
vt 0.030989 0.373259
vt 0.003918 0.378237
vt 0.031212 0.376374
vt 0.004146 0.381377
vt 0.031438 0.379492
vt 0.004342 0.384049
vt 0.031633 0.382158
vt 0.004644 0.388279
vt 0.031934 0.386400
vt 0.004940 0.392492
vt 0.032230 0.390636
vt 0.005249 0.397016
vt 0.032544 0.395199
vt 0.005596 0.402209
vt 0.032892 0.400441
vt 0.006033 0.409016
vt 0.033330 0.407301
vt 0.006465 0.416003
vt 0.033763 0.414340
vt 0.006694 0.419874
vt 0.033997 0.418258
vt 0.006996 0.425062
vt 0.034300 0.423486
vt 0.007276 0.430018
vt 0.034580 0.428470
vt 0.007506 0.434168
vt 0.035125 0.438285
vt 0.008104 0.444969
vt 0.007817 0.439806
vt 0.034811 0.432638
vt 0.888565 0.324831
vt 0.517998 0.593509
vt 0.520399 0.592170
vt 0.538644 0.595242
vt 0.450838 0.158580
vt 0.461032 0.143104
vt 0.461036 0.158578
vt 0.655987 0.220012
vt 0.702123 0.230215
vt 0.655985 0.230209
vt 0.030484 0.850473
vt 0.003291 0.838963
vt 0.030639 0.839311
vt 0.030427 0.853721
vt 0.003135 0.850055
vt 0.030382 0.855974
vt 0.003079 0.853232
vt 0.030305 0.859218
vt 0.003032 0.855417
vt 0.030251 0.861245
vt 0.002957 0.858598
vt 0.030176 0.863865
vt 0.002903 0.860574
vt 0.029939 0.872469
vt 0.002828 0.863160
vt 0.029560 0.886116
vt 0.002289 0.882564
vt 0.029636 0.883228
vt 0.029491 0.889026
vt 0.002210 0.885509
vt 0.029436 0.891768
vt 0.002143 0.888495
vt 0.029375 0.895619
vt 0.002086 0.891322
vt 0.029344 0.898384
vt 0.002025 0.895268
vt 0.029316 0.902267
vt 0.001994 0.898136
vt 0.029302 0.907276
vt 0.001966 0.902118
vt 0.029302 0.911160
vt 0.001953 0.907219
vt 0.029322 0.916332
vt 0.001954 0.911186
vt 0.029747 0.879269
vt 0.002590 0.871752
vt 0.029344 0.920255
vt 0.001973 0.916426
vt 0.002400 0.878566
vt 0.029374 0.924225
vt 0.001997 0.920402
vt 0.029410 0.928369
vt 0.002025 0.924411
vt 0.029445 0.932253
vt 0.002062 0.928582
vt 0.029467 0.934736
vt 0.002095 0.932482
vt 0.030883 0.812239
vt 0.003556 0.808799
vt 0.030905 0.808990
vt 0.030864 0.815521
vt 0.003535 0.812047
vt 0.030839 0.818981
vt 0.003514 0.815320
vt 0.030807 0.823083
vt 0.003490 0.818763
vt 0.030761 0.828369
vt 0.003460 0.822838
vt 0.003414 0.828079
vt 0.683082 0.051486
vt 0.677568 0.053491
vt 0.670730 0.054132
vt 0.664472 0.053167
vt 0.658703 0.050765
vt 0.653323 0.046725
vt 0.646504 0.035413
vt 0.645465 0.026820
vt 0.647390 0.018129
vt 0.650428 0.012686
vt 0.655286 0.007610
vt 0.666625 0.002389
vt 0.672879 0.001953
vt 0.678617 0.002893
vt 0.683891 0.005019
vt 0.688389 0.008076
vt 0.691691 0.011399
vt 0.691688 0.044895
vt 0.264353 0.555378
vt 0.270367 0.557813
vt 0.243312 0.602431
vt 0.270370 0.603952
vt 0.247438 0.604652
vt 0.256297 0.610383
vt 0.252126 0.607021
vt 0.249725 0.605681
vt 0.249050 0.555947
vt 0.236911 0.564729
vt 0.231653 0.583193
vt 0.231729 0.577396
vt 0.235556 0.594544
vt 0.233018 0.589312
vt 0.239099 0.598993
vt 0.311514 0.400129
vt 0.762790 0.001953
vt 0.769628 0.002592
vt 0.775143 0.004594
vt 0.783745 0.011185
vt 0.783746 0.044680
vt 0.780447 0.048005
vt 0.775949 0.051060
vt 0.770673 0.053185
vt 0.764937 0.054124
vt 0.758683 0.053689
vt 0.753147 0.051967
vt 0.747345 0.048470
vt 0.742486 0.043397
vt 0.739450 0.037954
vt 0.737520 0.029262
vt 0.738556 0.020670
vt 0.741332 0.014431
vt 0.750761 0.005319
vt 0.889936 0.311540
vt 0.035412 0.443449
vt 0.538635 0.641379
vt 0.515710 0.594536
vt 0.532621 0.643809
vt 0.511584 0.596753
vt 0.525851 0.644689
vt 0.517318 0.643238
vt 0.509535 0.638912
vt 0.505184 0.634449
vt 0.501705 0.628345
vt 0.500006 0.621791
vt 0.499929 0.615995
vt 0.501290 0.609876
vt 0.503827 0.604643
vt 0.507369 0.600194
vt 0.524572 0.588810
vt 0.450833 0.143107
vt 0.702125 0.220018
vt 0.002118 0.934968
vn 0.0032 0.2398 0.9708
vn 0.0035 0.4514 0.8923
vn -0.0000 0.4604 0.8877
vn -0.0000 0.2722 0.9622
vn -0.9210 0.3807 0.0829
vn -0.8613 0.4965 0.1081
vn -0.8614 0.4963 0.1081
vn -0.9329 0.3518 0.0766
vn -1.0000 0.0000 0.0000
vn 0.0000 0.5689 0.8224
vn -0.0000 0.5728 0.8197
vn -0.0000 -0.4916 -0.8708
vn 0.0000 -0.5281 -0.8492
vn -0.0000 -0.3001 -0.9539
vn -0.0000 -0.7248 -0.6890
vn 0.0000 -0.8853 -0.4651
vn -0.0000 -0.9863 -0.1649
vn 0.0000 -0.9889 0.1484
vn -0.0000 -0.9123 0.4095
vn 0.0000 -0.7765 0.6301
vn 0.0000 -0.5943 0.8043
vn 0.0000 -0.3893 0.9211
vn -0.0000 -0.1671 0.9859
vn 0.0000 0.0584 0.9983
vn 0.0000 0.5700 0.8216
vn 0.0000 0.5663 0.8242
vn 0.0022 0.0700 0.9975
vn 0.0069 0.2738 0.9618
vn 1.0000 0.0000 0.0000
vn -0.0032 0.2398 0.9708
vn -0.0035 0.4514 0.8923
vn -0.0069 0.2738 0.9618
vn 0.9209 0.3809 0.0830
vn 0.8614 0.4963 0.1081
vn 0.9329 0.3520 0.0766
vn -0.0022 0.0700 0.9975
vn -0.0067 0.2738 0.9618
vn -0.0000 -0.0593 -0.9982
vn -0.0000 0.4217 -0.9067
vn 0.0000 0.6201 -0.7845
vn -0.0000 0.1835 -0.9830
vn 0.0000 0.7591 -0.6509
vn 0.0000 0.8058 -0.5922
vn -0.0000 0.7575 -0.6528
vn 0.0000 0.6241 -0.7813
vn 0.0000 0.4324 -0.9017
vn 0.0000 0.2257 -0.9742
vn 0.0000 0.0215 -0.9998
vn 0.0000 -0.0980 -0.9952
vn 0.0000 -0.0013 -1.0000
vn -0.0000 0.3341 -0.9425
vn -0.0001 0.7516 -0.6597
vn -0.0000 0.7516 -0.6596
vn -0.0000 0.9848 -0.1736
vn 0.0000 0.9717 0.2362
vn 0.0000 0.9486 0.3164
vn 0.0000 0.9930 0.1183
vn 0.0000 0.9837 -0.1797
vn 0.0000 0.9148 -0.4038
vn 0.0000 0.9149 -0.4038
vn 0.0000 0.8971 -0.4418
vn -0.0000 0.9535 -0.3014
vn 0.0000 0.9973 -0.0729
vn 0.0000 0.9890 0.1480
vn -0.0000 0.9526 0.3043
vn 0.0000 0.8955 0.4450
vn 0.0000 0.8515 0.5243
vn 0.0000 0.7898 0.6134
vn 0.0000 0.6637 0.7480
vn 0.0000 0.5876 0.8092
vn -0.0000 0.4710 0.8821
vn -0.0001 0.2603 0.9655
vn 0.0000 0.2603 0.9655
vn -0.0000 0.0030 1.0000
vn 0.0000 -0.2440 0.9698
vn -0.0000 -0.4821 0.8761
vn -0.0001 -0.7216 0.6923
vn -0.0000 -0.7216 0.6924
vn -0.0000 -0.8608 0.5090
vn 0.0000 -0.8778 0.4790
vn 0.0000 -0.8023 0.5969
vn 0.0000 -0.6678 0.7443
vn 0.0000 -0.5384 0.8427
vn 0.0000 -0.3730 0.9278
vn 0.0000 -0.1456 0.9893
vn 0.0000 -0.9972 -0.0746
vn 0.0000 -0.4822 0.8760
vn -0.0000 0.8814 -0.4724
vn -0.0000 0.8609 -0.5088
vn -0.0000 0.9620 -0.2731
vn -0.0000 0.9945 0.1048
vn -0.0000 0.8709 0.4914
vn -0.0000 0.5973 0.8020
vn -0.0000 0.2838 0.9589
vn 0.0000 0.1293 0.9916
vn -0.0000 -0.5645 0.8254
vn -0.0000 -0.1994 0.9799
vn -0.0000 -0.8359 0.5489
vn 0.0000 -0.9717 0.2364
vn -0.0000 -0.9852 0.1715
vn -0.0000 -0.9173 0.3981
vn -0.0000 -0.7890 0.6144
vn -0.0000 -0.8037 0.5950
vn -0.0000 -0.9333 0.3592
vn -0.0000 -0.9998 0.0191
vn -0.0000 -0.9332 0.3592
vn -0.0000 0.0482 0.9988
vn -0.0000 -0.9389 -0.3442
vn 0.0000 -0.8069 -0.5907
vn -0.0000 -0.6160 -0.7877
vn 0.0000 -0.3649 -0.9310
vn 0.0000 -0.1806 -0.9836
vn 0.0000 0.0290 -0.9996
vn 0.0000 0.3178 -0.9482
vn -0.0000 0.5860 -0.8103
vn 0.0000 0.7771 -0.6294
vn -0.0000 0.8523 -0.5231
vn 0.0001 -0.9889 0.1484
vn 0.8613 0.4965 0.1081
vn 0.0000 0.7516 -0.6597
vn 0.0000 0.7515 -0.6597
vn 0.0001 0.0030 1.0000
vn 0.0000 -0.7216 0.6923
vn 0.0000 -0.9174 0.3981
g kurok_low_kurok_low_Plane:001.001_body
usemtl body
s 1
f 4996/9174/5891 4997/9175/5892 4998/9176/5892
f 4999/9177/5893 5000/9178/5894 5001/9179/5893
f 5002/9180/5895 5003/9181/5896 5004/9182/5897
f 5005/9183/5898 4997/9184/5899 5006/9185/5899
f 5007/9186/5899 5008/9187/5899 5009/9188/5899
f 5010/9189/5899 5006/9185/5899 5011/9190/5899
f 5006/9185/5899 4997/9184/5899 5011/9190/5899
f 5012/9191/5899 5010/9189/5899 5013/9192/5899
f 5010/9189/5899 5011/9190/5899 5013/9192/5899
f 5014/9193/5899 5015/9194/5899 5016/9195/5899
f 5015/9194/5899 5017/9196/5899 5009/9188/5899
f 5016/9195/5899 5015/9194/5899 5018/9197/5899
f 5017/9196/5899 5012/9191/5899 5019/9198/5899
f 5012/9191/5899 5013/9192/5899 5019/9198/5899
f 5018/9197/5899 5015/9194/5899 5009/9188/5899
f 5017/9196/5899 5019/9198/5899 5009/9188/5899
f 5019/9198/5899 5007/9186/5899 5009/9188/5899
f 5007/9186/5899 5020/9199/5899 5008/9187/5899
f 5020/9199/5899 5021/9200/5899 5008/9187/5899
f 5022/9201/5899 5023/9202/5899 5024/9203/5899
f 5025/9204/5899 5015/9194/5899 5026/9205/5899
f 5015/9194/5899 5014/9193/5899 5026/9205/5899
f 5027/9206/5899 5028/9207/5899 5029/9208/5899
f 5028/9207/5899 5025/9204/5899 5030/9209/5899
f 5029/9208/5899 5031/9210/5899 5027/9206/5899
f 5030/9209/5899 5029/9208/5899 5028/9207/5899
f 5025/9204/5899 5026/9205/5899 5032/9211/5899
f 5025/9204/5899 5032/9211/5899 5033/9212/5899
f 5034/9213/5899 5030/9209/5899 5035/9214/5899
f 5036/9215/5899 5030/9209/5899 5025/9204/5899
f 5025/9204/5899 5033/9212/5899 5036/9215/5899
f 5030/9209/5899 5036/9215/5899 5035/9214/5899
f 5037/9216/5899 5034/9213/5899 5038/9217/5899
f 5034/9213/5899 5035/9214/5899 5038/9217/5899
f 5038/9217/5899 5039/9218/5899 5037/9216/5899
f 5039/9218/5899 5040/9219/5899 5037/9216/5899
f 5041/9220/5899 5042/9221/5899 5043/9222/5899
f 5042/9221/5899 5044/9223/5899 5045/9224/5899
f 5043/9222/5899 5042/9221/5899 5045/9224/5899
f 5044/9223/5899 5037/9216/5899 5040/9219/5899
f 5040/9219/5899 5046/9225/5899 5044/9223/5899
f 5046/9225/5899 5045/9224/5899 5044/9223/5899
f 5047/9226/5899 5048/9227/5899 5049/9228/5899
f 5048/9227/5899 5041/9220/5899 5043/9222/5899
f 5049/9228/5899 5048/9227/5899 5043/9222/5899
f 5050/9229/5899 5051/9230/5899 5052/9231/5899
f 5051/9230/5899 5047/9226/5899 5049/9228/5899
f 5052/9231/5899 5051/9230/5899 5049/9228/5899
f 5053/9232/5899 5054/9233/5899 5055/9234/5899
f 5054/9233/5899 5056/9235/5899 5055/9234/5899
f 5056/9235/5899 5050/9229/5899 5052/9231/5899
f 5057/9236/5899 5058/9237/5899 5022/9201/5899
f 5058/9237/5899 5053/9232/5899 5059/9238/5899
f 5060/9239/5899 5024/9203/5899 5023/9202/5899
f 5024/9203/5899 5057/9236/5899 5022/9201/5899
f 5060/9239/5899 5023/9202/5899 5061/9240/5899
f 5062/9241/5899 5063/9242/5899 5064/9243/5899
f 5063/9242/5899 5060/9239/5899 5061/9240/5899
f 5065/9244/5899 5066/9245/5899 5067/9246/5899
f 5066/9245/5899 5062/9241/5899 5068/9247/5899
f 5067/9246/5899 5066/9245/5899 5068/9247/5899
f 5069/9248/5899 5065/9244/5899 5070/9249/5899
f 5070/9249/5899 5065/9244/5899 5067/9246/5899
f 5063/9242/5899 5061/9240/5899 5064/9243/5899
f 5058/9237/5899 5059/9238/5899 5022/9201/5899
f 5056/9235/5899 5052/9231/5899 5055/9234/5899
f 5071/9250/5899 5069/9248/5899 5072/9251/5899
f 5021/9200/5899 5020/9199/5899 5073/9252/5899
f 5021/9200/5899 5073/9252/5899 5072/9251/5899
f 5073/9252/5899 5071/9250/5899 5072/9251/5899
f 5070/9249/5899 5072/9251/5899 5069/9248/5899
f 5053/9232/5899 5055/9234/5899 5059/9238/5899
f 5064/9243/5899 5068/9247/5899 5062/9241/5899
f 5004/9253/5900 5001/9179/5893 5074/9254/5901
f 5075/9255/5902 5076/9256/5903 5077/9257/5904
f 5078/9258/5905 5075/9255/5902 5079/9259/5905
f 5080/9260/5906 5079/9259/5905 5081/9261/5906
f 5082/9262/5907 5081/9261/5906 5083/9263/5907
f 5084/9264/5908 5083/9263/5907 5085/9265/5908
f 5086/9266/5909 5085/9265/5908 5087/9267/5909
f 5088/9268/5910 5087/9267/5909 5089/9269/5910
f 5090/9270/5911 5089/9269/5910 5091/9271/5911
f 5092/9272/5912 5091/9271/5911 5093/9273/5912
f 5094/9274/5913 5093/9273/5912 5095/9275/5913
f 5096/9276/5914 5095/9275/5913 5097/9277/5914
f 5098/9278/5894 5097/9277/5914 5000/9178/5894
f 5002/9279/5915 5074/9254/5901 5099/9280/5916
f 5013/9281/5917 5011/9282/5918 4996/9174/5891
f 4997/9175/5892 5099/9280/5916 4998/9176/5892
f 5100/9283/5899 5078/9284/5899 5090/9285/5899
f 5085/9286/5919 5081/9287/5919 5089/9288/5919
f 5101/9289/5920 5102/9290/5921 5103/9291/5922
f 5104/9292/5894 5105/9293/5893 5106/9294/5893
f 5107/9295/5923 5108/9296/5924 5109/9297/5925
f 5102/9298/5919 5109/9297/5925 5110/9299/5919
f 5111/9300/5919 5112/9301/5919 5113/9302/5919
f 5114/9303/5919 5103/9304/5919 5110/9299/5919
f 5110/9299/5919 5103/9304/5919 5102/9298/5919
f 5115/9305/5919 5116/9306/5919 5114/9303/5919
f 5114/9303/5919 5116/9306/5919 5103/9304/5919
f 5117/9307/5919 5118/9308/5919 5119/9309/5919
f 5119/9309/5919 5112/9301/5919 5120/9310/5919
f 5118/9308/5919 5121/9311/5919 5119/9309/5919
f 5120/9310/5919 5122/9312/5919 5115/9305/5919
f 5115/9305/5919 5122/9312/5919 5116/9306/5919
f 5121/9311/5919 5112/9301/5919 5119/9309/5919
f 5120/9310/5919 5112/9301/5919 5122/9312/5919
f 5122/9312/5919 5112/9301/5919 5111/9300/5919
f 5111/9300/5919 5113/9302/5919 5123/9313/5919
f 5123/9313/5919 5113/9302/5919 5124/9314/5919
f 5125/9315/5919 5126/9316/5919 5127/9317/5919
f 5128/9318/5919 5129/9319/5919 5119/9309/5919
f 5119/9309/5919 5129/9319/5919 5117/9307/5919
f 5130/9320/5919 5131/9321/5919 5132/9322/5919
f 5132/9322/5919 5133/9323/5919 5128/9318/5919
f 5131/9321/5919 5130/9320/5919 5134/9324/5919
f 5133/9323/5919 5132/9322/5919 5131/9321/5919
f 5128/9318/5919 5135/9325/5919 5129/9319/5919
f 5128/9318/5919 5136/9326/5919 5135/9325/5919
f 5137/9327/5919 5138/9328/5919 5133/9323/5919
f 5139/9329/5919 5128/9318/5919 5133/9323/5919
f 5128/9318/5919 5139/9329/5919 5136/9326/5919
f 5133/9323/5919 5138/9328/5919 5139/9329/5919
f 5140/9330/5919 5141/9331/5919 5137/9327/5919
f 5137/9327/5919 5141/9331/5919 5138/9328/5919
f 5141/9331/5919 5140/9330/5919 5142/9332/5919
f 5142/9332/5919 5140/9330/5919 5143/9333/5919
f 5144/9334/5919 5145/9335/5919 5146/9336/5919
f 5146/9336/5919 5147/9337/5919 5148/9338/5919
f 5145/9335/5919 5147/9337/5919 5146/9336/5919
f 5148/9338/5919 5143/9333/5919 5140/9330/5919
f 5143/9333/5919 5148/9338/5919 5149/9339/5919
f 5149/9339/5919 5148/9338/5919 5147/9337/5919
f 5150/9340/5919 5151/9341/5919 5152/9342/5919
f 5152/9342/5919 5145/9335/5919 5144/9334/5919
f 5151/9341/5919 5145/9335/5919 5152/9342/5919
f 5153/9343/5919 5154/9344/5919 5155/9345/5919
f 5155/9345/5919 5151/9341/5919 5150/9340/5919
f 5154/9344/5919 5151/9341/5919 5155/9345/5919
f 5156/9346/5919 5157/9347/5919 5158/9348/5919
f 5158/9348/5919 5157/9347/5919 5159/9349/5919
f 5159/9349/5919 5154/9344/5919 5153/9343/5919
f 5160/9350/5919 5125/9315/5919 5161/9351/5919
f 5161/9351/5919 5162/9352/5919 5156/9346/5919
f 5163/9353/5919 5127/9317/5919 5126/9316/5919
f 5126/9316/5919 5125/9315/5919 5160/9350/5919
f 5163/9353/5919 5164/9354/5919 5127/9317/5919
f 5165/9355/5919 5166/9356/5919 5167/9357/5919
f 5167/9357/5919 5164/9354/5919 5163/9353/5919
f 5168/9358/5919 5169/9359/5919 5170/9360/5919
f 5170/9360/5919 5171/9361/5919 5165/9355/5919
f 5169/9359/5919 5171/9361/5919 5170/9360/5919
f 5172/9362/5919 5173/9363/5919 5168/9358/5919
f 5173/9363/5919 5169/9359/5919 5168/9358/5919
f 5167/9357/5919 5166/9356/5919 5164/9354/5919
f 5161/9351/5919 5125/9315/5919 5162/9352/5919
f 5159/9349/5919 5157/9347/5919 5154/9344/5919
f 5174/9364/5919 5175/9365/5919 5172/9362/5919
f 5124/9314/5919 5176/9366/5919 5123/9313/5919
f 5124/9314/5919 5175/9365/5919 5176/9366/5919
f 5176/9366/5919 5175/9365/5919 5174/9364/5919
f 5173/9363/5919 5172/9362/5919 5175/9365/5919
f 5156/9346/5919 5162/9352/5919 5157/9347/5919
f 5166/9356/5919 5165/9355/5919 5171/9361/5919
f 5106/9294/5893 5177/9367/5900 5178/9368/5901
f 5179/9369/5902 5180/9370/5904 5181/9371/5903
f 5179/9369/5902 5182/9372/5905 5183/9373/5905
f 5183/9373/5905 5184/9374/5906 5185/9375/5906
f 5185/9375/5906 5186/9376/5907 5187/9377/5907
f 5187/9377/5907 5188/9378/5908 5189/9379/5908
f 5189/9379/5908 5190/9380/5909 5191/9381/5909
f 5191/9381/5909 5192/9382/5910 5193/9383/5910
f 5193/9383/5910 5194/9384/5911 5195/9385/5911
f 5195/9385/5911 5196/9386/5912 5197/9387/5912
f 5197/9387/5912 5198/9388/5913 5199/9389/5913
f 5199/9389/5913 5200/9390/5914 5201/9391/5914
f 5201/9391/5914 5202/9392/5894 5104/9292/5894
f 5178/9368/5901 5107/9393/5915 5203/9394/5916
f 5116/9395/5926 5101/9289/5920 5103/9291/5927
f 5203/9394/5916 5102/9290/5921 5204/9396/5921
f 5205/9397/5928 5077/9257/5904 5206/9398/5928
f 5181/9399/5919 5205/9400/5919 5207/9401/5919
f 5208/9402/5929 5209/9403/5930 5210/9404/5929
f 5211/9405/5931 5210/9404/5929 5212/9406/5931
f 5206/9398/5928 5212/9406/5931 5205/9397/5928
f 5213/9407/5930 5207/9408/5932 5209/9403/5930
f 5100/9409/5932 5108/9410/5933 5207/9408/5932
f 5005/9411/5934 5110/9412/5935 5109/9413/5934
f 5006/9414/5935 5114/9415/5936 5110/9412/5935
f 5010/9416/5936 5115/9417/5937 5114/9415/5936
f 5017/9418/5938 5119/9419/5939 5120/9420/5938
f 5015/9421/5939 5128/9422/5940 5119/9419/5939
f 5025/9423/5940 5132/9424/5941 5128/9422/5940
f 5028/9425/5941 5130/9426/5942 5132/9424/5941
f 5027/9427/5943 5134/9428/5944 5130/9426/5943
f 5031/9429/5944 5131/9430/5945 5134/9428/5944
f 5029/9431/5945 5133/9432/5946 5131/9430/5945
f 5030/9433/5946 5137/9434/5947 5133/9432/5946
f 5012/9435/5937 5120/9420/5938 5115/9436/5937
f 5034/9437/5947 5140/9438/5948 5137/9434/5947
f 5037/9439/5948 5148/9440/5949 5140/9438/5948
f 5044/9441/5950 5146/9442/5951 5148/9440/5950
f 5042/9443/5951 5144/9444/5952 5146/9442/5951
f 5041/9445/5952 5152/9446/5953 5144/9444/5952
f 5048/9447/5953 5150/9448/5954 5152/9446/5953
f 5047/9449/5954 5155/9450/5955 5150/9448/5954
f 5051/9451/5955 5153/9452/5956 5155/9450/5955
f 5050/9453/5956 5159/9454/5957 5153/9452/5956
f 5056/9455/5957 5158/9456/5958 5159/9454/5957
f 5054/9457/5958 5156/9458/5959 5158/9456/5958
f 5053/9459/5959 5161/9460/5960 5156/9458/5959
f 5058/9461/5960 5160/9462/5961 5161/9460/5960
f 5057/9463/5961 5126/9464/5962 5160/9462/5961
f 5024/9465/5963 5163/9466/5964 5126/9464/5963
f 5060/9467/5964 5167/9468/5965 5163/9466/5964
f 5063/9469/5965 5165/9470/5966 5167/9468/5965
f 5062/9471/5966 5170/9472/5967 5165/9470/5966
f 5066/9473/5968 5168/9474/5969 5170/9472/5968
f 5065/9475/5969 5172/9476/5970 5168/9474/5969
f 5069/9477/5970 5174/9478/5971 5172/9476/5970
f 5071/9479/5971 5176/9480/5972 5174/9478/5971
f 5073/9481/5972 5123/9482/5973 5176/9480/5972
f 5020/9483/5973 5111/9484/5974 5123/9482/5973
f 5019/9485/5975 5116/9486/5926 5122/9487/5975
f 5013/9281/5917 5101/9289/5920 5116/9395/5926
f 5007/9488/5974 5122/9487/5975 5111/9484/5974
f 5075/9255/5902 5180/9370/5904 5179/9369/5902
f 5003/9489/5933 5109/9413/5934 5108/9410/5933
f 5203/9490/5899 5204/9491/5899 5214/9492/5899
f 4996/9493/5976 5214/9494/5976 5101/9495/5976
f 5215/9496/5977 5179/9497/5977 5214/9498/5977
f 5124/9499/5978 5072/9500/5979 5175/9501/5979
f 5113/9502/5980 5021/9503/5978 5124/9499/5978
f 5112/9504/5981 5008/9505/5980 5113/9502/5980
f 5121/9506/5982 5009/9507/5981 5112/9504/5981
f 5118/9508/5983 5018/9509/5982 5121/9506/5982
f 5117/9510/5984 5016/9511/5983 5118/9508/5983
f 5129/9512/5985 5014/9513/5984 5117/9510/5984
f 5139/9514/5986 5033/9515/5987 5136/9516/5987
f 5138/9517/5988 5036/9518/5986 5139/9514/5986
f 5141/9519/5989 5035/9520/5988 5138/9517/5988
f 5142/9521/5990 5038/9522/5989 5141/9519/5989
f 5143/9523/5991 5039/9524/5990 5142/9521/5990
f 5149/9525/5992 5040/9526/5991 5143/9523/5991
f 5147/9527/5993 5046/9528/5992 5149/9525/5992
f 5145/9529/5994 5045/9530/5993 5147/9527/5993
f 5151/9531/5995 5043/9532/5996 5145/9529/5996
f 5135/9533/5997 5026/9534/5985 5129/9512/5985
f 5154/9535/5998 5049/9536/5995 5151/9531/5995
f 5136/9516/5987 5032/9537/5997 5135/9533/5997
f 5157/9538/5999 5052/9539/5998 5154/9535/5998
f 5162/9540/6000 5055/9541/5999 5157/9538/5999
f 5125/9542/6001 5059/9543/6000 5162/9540/6000
f 5127/9544/6002 5022/9545/6001 5125/9542/6001
f 5164/9546/6003 5023/9547/6002 5127/9548/6002
f 5166/9549/6004 5061/9550/6003 5164/9546/6003
f 5171/9551/6005 5064/9552/6004 5166/9549/6004
f 5169/9553/6006 5068/9554/6005 5171/9551/6005
f 5173/9555/6007 5067/9556/6006 5169/9553/6006
f 5175/9501/5979 5070/9557/6007 5173/9555/6007
f 4996/9174/5891 5011/9282/5918 4997/9175/5892
f 4999/9177/5893 5098/9278/5894 5000/9178/5894
f 5002/9180/5895 5005/9183/5898 5003/9181/5897
f 5005/9183/5898 5002/9180/5895 4997/9184/5899
f 5004/9253/5900 4999/9177/5893 5001/9179/5893
f 5078/9258/5905 5076/9256/5903 5075/9255/5902
f 5080/9260/5906 5078/9258/5905 5079/9259/5905
f 5082/9262/5907 5080/9260/5906 5081/9261/5906
f 5084/9264/6008 5082/9262/5907 5083/9263/5907
f 5086/9266/5909 5084/9264/5908 5085/9265/5908
f 5088/9268/5910 5086/9266/5909 5087/9267/5909
f 5090/9270/5911 5088/9268/5910 5089/9269/5910
f 5092/9272/5912 5090/9270/5911 5091/9271/5911
f 5094/9274/5913 5092/9272/5912 5093/9273/5912
f 5096/9276/5914 5094/9274/5913 5095/9275/5913
f 5098/9278/5894 5096/9276/5914 5097/9277/5914
f 5002/9279/5915 5004/9253/5900 5074/9254/5901
f 4997/9175/5892 5002/9279/5915 5099/9280/5916
f 5213/9558/5899 5208/9559/5899 5211/9560/5899
f 5211/9560/5899 5206/9561/5899 5077/9562/5899
f 5077/9562/5899 5076/9563/5899 5211/9560/5899
f 5076/9563/5899 5078/9284/5899 5211/9560/5899
f 5078/9284/5899 5080/9564/5899 5082/9565/5899
f 5082/9565/5899 5084/9566/5899 5078/9284/5899
f 5084/9566/5899 5086/9567/5899 5078/9284/5899
f 5086/9567/5899 5088/9568/5899 5078/9284/5899
f 5088/9568/5899 5090/9285/5899 5078/9284/5899
f 5090/9285/5899 5092/9569/5899 5094/9570/5899
f 5094/9570/5899 5096/9571/5899 5098/9572/5899
f 5098/9572/5899 4999/9573/5899 5090/9285/5899
f 4999/9573/5899 5004/9574/5899 5100/9283/5899
f 5004/9574/5899 5003/9575/5899 5100/9283/5899
f 5100/9283/5899 5213/9558/5899 5211/9560/5899
f 5090/9285/5899 5094/9570/5899 5098/9572/5899
f 5100/9283/5899 5090/9285/5899 4999/9573/5899
f 5100/9283/5899 5211/9560/5899 5078/9284/5899
f 5079/9576/5919 5075/9577/5919 5001/9578/5919
f 5075/9577/5919 5215/9579/5919 5074/9580/5919
f 5215/9579/5919 4996/9581/5919 4998/9582/5919
f 5099/9583/5919 5074/9580/5919 5215/9579/5919
f 5074/9580/5919 5001/9578/5919 5075/9577/5919
f 5215/9579/5919 4998/9582/5919 5099/9583/5919
f 5081/9287/5919 5079/9576/5919 5089/9288/5919
f 5085/9286/5919 5083/9584/5919 5081/9287/5919
f 5089/9288/5919 5087/9585/5919 5085/9286/5919
f 5093/9586/5919 5091/9587/5919 5001/9578/5919
f 5091/9587/5919 5089/9288/5919 5001/9578/5919
f 5097/9588/5919 5095/9589/5919 5001/9578/5919
f 5095/9589/5919 5093/9586/5919 5001/9578/5919
f 5001/9578/5919 5000/9590/5919 5097/9588/5919
f 5079/9576/5919 5001/9578/5919 5089/9288/5919
f 5101/9289/5920 5204/9396/5921 5102/9290/5921
f 5104/9292/5894 5202/9392/5894 5105/9293/5893
f 5107/9295/5923 5177/9591/5924 5108/9296/6009
f 5102/9298/5919 5107/9295/5923 5109/9297/5925
f 5106/9294/5893 5105/9293/5893 5177/9367/5900
f 5179/9369/5902 5181/9371/5903 5182/9372/5905
f 5183/9373/5905 5182/9372/5905 5184/9374/5906
f 5185/9375/5906 5184/9374/5906 5186/9376/5907
f 5187/9377/5907 5186/9376/5907 5188/9378/5908
f 5189/9379/5908 5188/9378/5908 5190/9380/5909
f 5191/9381/5909 5190/9380/5909 5192/9382/5910
f 5193/9383/5910 5192/9382/5910 5194/9384/5911
f 5195/9385/5911 5194/9384/5911 5196/9386/5912
f 5197/9387/5912 5196/9386/5912 5198/9388/5913
f 5199/9389/5913 5198/9388/5913 5200/9390/5914
f 5201/9391/5914 5200/9390/5914 5202/9392/5894
f 5178/9368/5901 5177/9367/5900 5107/9393/5915
f 5203/9394/5916 5107/9393/5915 5102/9290/5921
f 5205/9397/5928 5180/9370/5904 5077/9257/5904
f 5212/9592/5919 5210/9593/5919 5209/9594/5919
f 5209/9594/5919 5207/9401/5919 5212/9592/5919
f 5207/9401/5919 5108/9595/5919 5177/9596/5919
f 5105/9597/5919 5207/9401/5919 5177/9596/5919
f 5105/9597/5919 5202/9598/5919 5200/9599/5919
f 5200/9599/5919 5198/9600/5919 5105/9597/5919
f 5198/9600/5919 5196/9601/5919 5105/9597/5919
f 5196/9601/5919 5194/9602/5919 5105/9597/5919
f 5194/9602/5919 5192/9603/5919 5105/9597/5919
f 5192/9603/5919 5190/9604/5919 5188/9605/5919
f 5188/9605/5919 5186/9606/5919 5184/9607/5919
f 5184/9607/5919 5182/9608/5919 5188/9605/5919
f 5182/9608/5919 5181/9399/5919 5207/9401/5919
f 5188/9605/5919 5182/9608/5919 5192/9603/5919
f 5181/9399/5919 5180/9609/5919 5205/9400/5919
f 5205/9400/5919 5212/9592/5919 5207/9401/5919
f 5207/9401/5919 5105/9597/5919 5192/9603/5919
f 5192/9603/5919 5182/9608/5919 5207/9401/5919
f 5208/9402/5929 5213/9407/5930 5209/9403/5930
f 5211/9405/5931 5208/9402/5929 5210/9404/5929
f 5206/9398/5928 5211/9405/5931 5212/9406/5931
f 5213/9407/5930 5100/9409/5932 5207/9408/5932
f 5100/9409/5932 5003/9489/5933 5108/9410/5933
f 5005/9411/5934 5006/9414/5935 5110/9412/5935
f 5006/9414/5935 5010/9416/5936 5114/9415/5936
f 5010/9416/5936 5012/9610/5937 5115/9417/5937
f 5017/9418/5938 5015/9421/5939 5119/9419/5939
f 5015/9421/5939 5025/9423/5940 5128/9422/5940
f 5025/9423/5940 5028/9425/5941 5132/9424/5941
f 5028/9425/5941 5027/9427/6010 5130/9426/6010
f 5027/9427/6011 5031/9429/5944 5134/9428/5944
f 5031/9429/5944 5029/9431/5945 5131/9430/5945
f 5029/9431/5945 5030/9433/5946 5133/9432/5946
f 5030/9433/5946 5034/9437/5947 5137/9434/5947
f 5012/9435/5937 5017/9418/5938 5120/9420/5938
f 5034/9437/5947 5037/9439/5948 5140/9438/5948
f 5037/9439/5948 5044/9441/5949 5148/9440/5949
f 5044/9441/5950 5042/9443/5951 5146/9442/5951
f 5042/9443/5951 5041/9445/5952 5144/9444/5952
f 5041/9445/5952 5048/9447/5953 5152/9446/5953
f 5048/9447/5953 5047/9449/5954 5150/9448/5954
f 5047/9449/5954 5051/9451/5955 5155/9450/5955
f 5051/9451/5955 5050/9453/5956 5153/9452/5956
f 5050/9453/5956 5056/9455/5957 5159/9454/5957
f 5056/9455/5957 5054/9457/5958 5158/9456/5958
f 5054/9457/5958 5053/9459/5959 5156/9458/5959
f 5053/9459/5959 5058/9461/5960 5161/9460/5960
f 5058/9461/5960 5057/9463/5961 5160/9462/5961
f 5057/9463/5961 5024/9465/5963 5126/9464/5963
f 5024/9465/5963 5060/9467/5964 5163/9466/5964
f 5060/9467/6012 5063/9469/5965 5167/9468/5965
f 5063/9469/5965 5062/9471/5966 5165/9470/5966
f 5062/9471/5966 5066/9473/6013 5170/9472/6013
f 5066/9473/5968 5065/9475/5969 5168/9474/5969
f 5065/9475/5969 5069/9477/5970 5172/9476/5970
f 5069/9477/5970 5071/9479/5971 5174/9478/5971
f 5071/9479/5971 5073/9481/5972 5176/9480/5972
f 5073/9481/5972 5020/9483/5973 5123/9482/5973
f 5020/9483/5973 5007/9488/5974 5111/9484/5974
f 5019/9485/5975 5013/9611/5917 5116/9486/5926
f 5013/9281/5917 4996/9174/5891 5101/9289/5920
f 5007/9488/5974 5019/9485/5975 5122/9487/5975
f 5075/9255/5902 5077/9257/5904 5180/9370/5904
f 5003/9489/5933 5005/9411/5934 5109/9413/5934
f 5214/9492/5899 5179/9612/5899 5178/9613/5899
f 5179/9612/5899 5183/9614/5899 5106/9615/5899
f 5178/9613/5899 5179/9612/5899 5106/9615/5899
f 5183/9614/5899 5185/9616/5899 5187/9617/5899
f 5187/9617/5899 5189/9618/5899 5191/9619/5899
f 5191/9619/5899 5193/9620/5899 5183/9614/5899
f 5193/9620/5899 5195/9621/5899 5183/9614/5899
f 5195/9621/5899 5197/9622/5899 5199/9623/5899
f 5199/9623/5899 5201/9624/5899 5195/9621/5899
f 5201/9624/5899 5104/9625/5899 5195/9621/5899
f 5104/9625/5899 5106/9615/5899 5195/9621/5899
f 5183/9614/5899 5195/9621/5899 5106/9615/5899
f 5178/9613/5899 5203/9490/5899 5214/9492/5899
f 5187/9617/5899 5191/9619/5899 5183/9614/5899
f 5204/9491/5899 5101/9626/5899 5214/9492/5899
f 4996/9493/5976 5215/9627/5976 5214/9494/5976
f 5215/9496/5977 5075/9628/5977 5179/9497/5977
f 5124/9499/5978 5021/9503/5978 5072/9500/5979
f 5113/9502/5980 5008/9505/5980 5021/9503/5978
f 5112/9504/5981 5009/9507/5981 5008/9505/5980
f 5121/9506/5982 5018/9509/5982 5009/9507/5981
f 5118/9508/5983 5016/9511/5983 5018/9509/5982
f 5117/9510/5984 5014/9513/5984 5016/9511/5983
f 5129/9512/5985 5026/9534/5985 5014/9513/5984
f 5139/9514/5986 5036/9518/5986 5033/9515/5987
f 5138/9517/5988 5035/9520/5988 5036/9518/5986
f 5141/9519/5989 5038/9522/5989 5035/9520/5988
f 5142/9521/5990 5039/9524/5990 5038/9522/5989
f 5143/9523/5991 5040/9526/6014 5039/9524/5990
f 5149/9525/5992 5046/9528/5992 5040/9526/5991
f 5147/9527/5993 5045/9530/5993 5046/9528/5992
f 5145/9529/5994 5043/9532/5994 5045/9530/5993
f 5151/9531/5995 5049/9536/5995 5043/9532/5996
f 5135/9533/5997 5032/9537/5997 5026/9534/5985
f 5154/9535/5998 5052/9539/5998 5049/9536/5995
f 5136/9516/5987 5033/9515/5987 5032/9537/5997
f 5157/9538/5999 5055/9541/5999 5052/9539/5998
f 5162/9540/6000 5059/9543/6000 5055/9541/5999
f 5125/9542/6001 5022/9545/6001 5059/9543/6000
f 5127/9544/6002 5023/9629/6002 5022/9545/6001
f 5164/9546/6003 5061/9550/6003 5023/9547/6002
f 5166/9549/6004 5064/9552/6004 5061/9550/6003
f 5171/9551/6005 5068/9554/6005 5064/9552/6004
f 5169/9553/6006 5067/9556/6006 5068/9554/6005
f 5173/9555/6007 5070/9557/6007 5067/9556/6006
f 5175/9501/5979 5072/9500/5979 5070/9557/6007
